variant_id,product_id,title,tags,price,listed_at,first_sale_at,event,days,batch_size,snapshot
40382025072704,7028453703744,Stranger Things Season 4 Mike with Will's Painting Funko Pop! Vinyl Figure #1539,Funko Pops!|Movies & TV|Stranger Things,12.99,2024-09-06,2025-09-28,1,387,10,2026-09-05
40382026252352,7028454260800,Stranger Things Season 4 Chrissy Floating Bloody Funko Pop! Vinyl Figure #1538,Funko Pops!|Movies & TV|Stranger Things,14.99,2024-09-06,2025-02-13,1,160,10,2026-09-05
40382028218432,7028455276608,Stranger Things Season 4 Murray with Flamethrower Funko Pop! Vinyl Figure #1543,Funko Pops!|Movies & TV|Stranger Things,14.99,2024-09-06,2026-01-01,1,482,10,2026-09-05
40382757044288,7028867268672,Marvel Holiday Spiderman with Open Gift Funko Pop! Vinyl Figure #1441,Funko Pops!|Marvel|Spider-Man,12.99,2024-09-06,,0,729,10,2026-09-05
40382757142592,7028867301440,Marvel Holiday Deadpool Funko Pop! Vinyl Figure #1442,Deadpool|Funko Pops!|Marvel,12.99,2024-09-06,2025-05-10,1,246,10,2026-09-05
40382757240896,7028867366976,Marvel Holiday Red Hulk with Snowman Funko Pop! Vinyl Figure #1439,Avengers|Funko Pops!|Marvel,12.99,2024-09-06,,0,729,10,2026-09-05
40382757568576,7028867465280,Marvel Holiday Groot Funko Pop! Vinyl Figure #1440,Funko Pops!|Guardians of the Galaxy|Marvel,12.99,2024-09-06,2026-06-13,1,645,10,2026-09-05
40382757765184,7028867563584,Marvel Holiday Captain America Funko Pop! Vinyl Figure #1438,Captain America|Funko Pops!|Marvel,12.99,2024-09-06,,0,729,10,2026-09-05
40382757994560,7028867661888,House of the Dragon Daemon Targaryen Funko Pop! Vinyl Figure #17,Funko Pops!|House of the Dragon|Movies & TV,12.99,2024-09-06,2024-09-07,1,1,10,2026-09-05
40382758649920,7028867825728,House of the Dragon Alicent Hightower Funko Pop! Vinyl Figure #20,Funko Pops!|House of the Dragon|Movies & TV,12.99,2024-09-06,2024-09-07,1,1,10,2026-09-05
40382759043136,7028867891264,House of the Dragon Baela Targaryen with Crossbow Funko Pop! Vinyl Figure #19,Funko Pops!|House of the Dragon|Movies & TV,12.99,2024-09-07,2024-09-07,1,0,4,2026-09-05
40382759108672,7028867924032,House of the Dragon Jacaerys Velaryon Funko Pop! Vinyl Figure #18,Funko Pops!|House of the Dragon|Movies & TV,12.99,2024-09-07,2024-09-07,1,0,4,2026-09-05
40382759206976,7028867989568,House of the Dragon Rhaenyra Targaryen Funko Pop! Vinyl Figure #16,Funko Pops!|House of the Dragon|Movies & TV,12.99,2024-09-07,2024-09-07,1,0,4,2026-09-05
40383062835264,7028925562944,Star Wars Fett Legacy Boba Fett with Rockets Funko Pop! Vinyl Figure #734,Funko Pops!|Movies & TV|Star Wars,12.99,2024-09-07,2025-01-02,1,117,4,2026-09-05
40383209766976,7028974190656,Emperor (The Joker) #457,Batman|Funko Pops!,16.99,2024-09-08,2024-11-21,1,74,16,2026-09-05
40383209996352,7028974256192,Batman Classic TV Series - Surf's Up! The Joker #134,Disney|Funko Pops!|Up!,16.99,2024-09-08,,0,727,16,2026-09-05
40383210127424,7028974288960,DC Super Heroes - The Joker as Jack Frost #359,Batman|DC Comics|Funko Pops!,17.99,2024-09-08,2024-11-21,1,74,16,2026-09-05
40383210455104,7028974420032,The Joker (Martha Wayne) #203,Batman|Funko Pops!,23.99,2024-09-08,2025-02-01,1,146,16,2026-09-05
40383210520640,7028974452800,DC Super Heroes - The Joker w/Playing Card (Dia De Los DC) #414,Batman|DC Comics|Funko Pops!,12.99,2024-09-08,2025-12-11,1,459,16,2026-09-05
40383210684480,7028974583872,The Joker (Blacklight/DCeased #480,Batman|DC Comics|Funko Pops!,17.99,2024-09-08,,0,727,16,2026-09-05
40383211012160,7028974780480,DC Super Heroes - The Joker (Death of the Family) #273,Batman|DC Comics|Funko Pops!,20.99,2024-09-08,2024-09-29,1,21,16,2026-09-05
40383211634752,7028974944320,DC Universe - The Joker #06,Batman|DC Comics|Funko Pops!,54.99,2024-09-08,,0,727,16,2026-09-05
40383212159040,7028975108160,Loungefly Marvel Spider-Man Spider-Gwen Sequin Mini Backpack,Backpack|Backpacks|Loungefly|Marvel|Spider-Man,69.99,2024-09-08,2024-12-30,1,113,16,2026-09-05
40383212355648,7028975173696,Loungefly SpongeBob SquarePants Patrick & SpongeBob Jellyfishing Mini Backpack,Backpack|Backpacks|Loungefly,66.99,2024-09-08,2025-04-03,1,207,16,2026-09-05
40383212421184,7028975206464,Loungefly Disney Lilo & Stitch Scrump & Stitch Mini Backpack,Backpack|Backpacks|Lilo & Stitch|Loungefly,67.99,2024-09-08,2025-03-15,1,188,16,2026-09-05
40383212519488,7028975239232,Loungefly Disney Moana Pua Canoe Mini Backpack,Backpack|Backpacks|Loungefly|Moana,71.99,2024-09-08,2024-10-20,1,42,16,2026-09-05
40383212945472,7028975370304,Funko Five Nights At Freddy's Pop! Games Marionette Vinyl #1007,Five Nights at Freddy's|Funko Pops!|Video Games,18.99,2024-09-08,2025-02-16,1,161,16,2026-09-05
40383274647616,7028993720384,Lilo & Stitch Holiday Stitch with Lights Funko Pop! Vinyl Figure #1504,Disney|Funko Pops!|Lilo & Stitch,13.99,2024-09-08,2024-11-02,1,55,16,2026-09-05
40383274745920,7028993785920,Lilo & Stitch Holiday Stitch with Hat Funko Pop! Vinyl Figure #1503,Disney|Funko Pops!|Lilo & Stitch,13.99,2024-09-08,2024-10-13,1,35,16,2026-09-05
40383274909760,7028993851456,Lilo & Stitch Holiday Stitch with Candy Cane Funko Pop! Vinyl Figure #1502,Disney|Funko Pops!|Lilo & Stitch,13.99,2024-09-08,,0,727,16,2026-09-05
40385716060224,7030406676544,Deadpool & Wolverine Wolverine Funko Pop! Vinyl Figure #1363,Deadpool|Funko Pops!|Marvel,13.99,2024-09-10,2025-02-21,1,164,4,2026-09-05
40385717895232,7030407168064,pider-Man: Across The Spider-Verse Spider-Punk Unmasked Funko Pop! Vinyl Figure #1411,Funko Pops!|Marvel|Spider-Man,12.99,2024-09-10,2024-10-05,1,25,4,2026-09-05
40385719861312,7030407692352,Pixar Halloween Mike Funko Pop! Vinyl Figure #1487,Funko Pops!|Holiday,12.99,2024-09-10,2025-06-22,1,285,4,2026-09-05
40385721532480,7030408380480,Friends Ross Geller with Leather Pants Funko Pop! Vinyl Figure #1278,Funko Pops!|More Movies & TV|Movies & TV,14.99,2024-09-10,2025-05-10,1,242,4,2026-09-05
40387397255232,7030735700032,Batman The World Funko Pop! Comic Cover Figure #17 with Case,Batman|DC Comics|Funko Pops!,19.99,2024-09-12,2025-10-05,1,388,11,2026-09-05
40387402104896,7030736519232,The Wizard of Oz 85th Anniversary Wizard of Oz with Emerald City Funko Pop! Town #38,Deluxe|Emerald City|funko|Funko Pop|Movies|town|Wizard of Oz,44.99,2024-09-12,2024-10-12,1,30,11,2026-09-05
40387404103744,7030736879680,WWE The Miz with Briefcase Funko Pop! Vinyl Figure #169,Funko Pops!|Sports|WWE,14.99,2024-09-12,2024-10-20,1,38,11,2026-09-05
40387405054016,7030737043520,WWE Diamond Dallas Page Funko Pop! Vinyl Figure #166,Funko Pops!|Sports|WWE,12.99,2024-09-12,2024-10-20,1,38,11,2026-09-05
40387405971520,7030737240128,WWE Hulk Hogan Wolfpac Funko Pop! Vinyl Figure #167,Funko Pops!,16.99,2024-09-12,2024-11-14,1,63,11,2026-09-05
40387409444928,7030738026560,Batman & Robin Poison Ivy Funko Pop! Vinyl Figure #531,Batman|DC Comics|Funko Pops!,13.99,2024-09-12,2024-12-26,1,105,11,2026-09-05
40387411607616,7030738354240,Batman Forever The Riddler Metallic Funko Pop! Vinyl Figure #530,Batman|Funko Pops!,13.99,2024-09-12,2024-12-26,1,105,11,2026-09-05
40387412623424,7030738550848,Batman Returns The Penguin Funko Pop! Vinyl Figure #529,Batman|DC Comics|Funko Pops!,13.99,2024-09-12,2025-01-10,1,120,11,2026-09-05
40387413377088,7030738714688,Batman Returns Catwoman Funko Pop! Vinyl Figure #528,Batman|DC Comics|Funko Pops!,13.99,2024-09-12,,0,723,11,2026-09-05
40387415441472,7030739304512,Moana Maui Funko Pop! Vinyl Figure #214,Disney|Funko Pops!|Moana,13.99,2024-09-12,2025-01-18,1,128,11,2026-09-05
40387417800768,7030739730496,Michael Jackson Off the Wall Funko Pop! Album Figure #58 with Case,Funko Pops!|Music & Pop Culture Icons|Pop,54.99,2024-09-12,2025-08-30,1,352,11,2026-09-05
40390883508288,7032009916480,Spider-Man: Across The Spider-Verse Miles G Morales Funko Pop! Vinyl Figure #1412,Funko Pops!|Spider-Man,13.99,2024-09-14,2024-12-26,1,103,1,2026-09-05
40392572633152,7032422334528,DC Comics Holiday 2024 Supergirl Funko Pop! Vinyl Figure #526,DC Comics|Funko Pops!|Superman,12.99,2024-09-15,2024-12-14,1,90,26,2026-09-05
40392573222976,7032422662208,DC Comics Holiday 2024 Poison Ivy Funko Pop! Vinyl Figure #528,DC Comics|Funko Pops!,12.99,2024-09-15,2026-07-05,1,658,26,2026-09-05
40392574697536,7032423022656,DC Comics Holiday 2024 Harley Quinn Funko Pop! Vinyl Figure #529,Batman|DC Comics|Funko Pops!,13.99,2024-09-15,2026-08-15,1,699,26,2026-09-05
40392575418432,7032423186496,DC Comics Holiday 2024 Catwoman Funko Pop! Vinyl Figure #525,Batman|DC Comics|Funko Pops!,12.99,2024-09-15,2025-02-08,1,146,26,2026-09-05
40392576270400,7032423350336,DC Comics Holiday 2024 Batgirl Funko Pop! Vinyl Figure #527,Batman|DC Comics|Funko Pops!,12.99,2024-09-15,2026-08-15,1,699,26,2026-09-05
40392577417280,7032423743552,Yellowstone Teeter Funko Pop! Vinyl Figure #1564,Funko Pops!|More Movies & TV|Movies & TV|Western|Yellowstone,12.99,2024-09-15,2025-05-31,1,258,26,2026-09-05
40392578170944,7032424005696,Yellowstone Lloyd Pierce Funko Pop! Vinyl Figure #1562,Funko Pops!|More Movies & TV|Movies & TV|Western|Yellowstone,12.99,2024-09-15,,0,720,26,2026-09-05
40392578793536,7032424136768,Yellowstone John Dutton (Suit) Funko Pop! Vinyl Figure #1563,Funko Pops!|More Movies & TV|Movies & TV|Western|Yellowstone,13.99,2024-09-15,2025-04-10,1,207,26,2026-09-05
40392579776576,7032424333376,Yellowstone Jimmy Hurdstrom Funko Pop! Vinyl Figure #1561,Funko Pops!|More Movies & TV|Movies & TV|Western|Yellowstone,12.99,2024-09-15,2025-04-10,1,207,26,2026-09-05
40392580464704,7032424464448,Yellowstone Beth Dutton with Rope Funko Pop! Vinyl Figure #1560,Funko Pops!|More Movies & TV|Movies & TV|Western|Yellowstone,13.99,2024-09-15,2025-04-10,1,207,26,2026-09-05
40392582660160,7032424955968,Horror Spooky Countdown 2023 Edition 13-Day Funko Advent Calendar,calendar|funko|Funko Pop|Halloween|Horror,34.99,2024-09-15,,0,720,26,2026-09-05
40392591212608,7032426364992,The Simpsons Treehouse of Horror 13-Day Countdown 2024 Edition Funko Advent Calendar,calendar|funko|Funko Pop|Horror|Simpsons|Television|The Simpsons|The Simpsons Treehouse of Horror,34.99,2024-09-15,2024-09-21,1,6,26,2026-09-05
40392594358336,7032427053120,Peanuts - Beagle Scout Snoopy w/Woodstock #885,Animation|Funko Pops!|More Animation,39.99,2024-09-15,2024-12-13,1,89,26,2026-09-05
40392595636288,7032427446336,Spider-Man No Way Home - The Lizard #1180,Funko Pops!|Spider-Man,19.99,2024-09-15,2025-05-17,1,244,26,2026-09-05
40392597045312,7032427708480,DC Super Heroes - The Joker #146,Batman|DC Comics|Funko Pops!,22.99,2024-09-15,2024-09-28,1,13,26,2026-09-05
40392599404608,7032428462144,DC Super Heroes - 8 Bit #11,Batman|DC Comics|Funko Pops!,12.99,2024-09-15,2024-09-25,1,10,26,2026-09-05
40392603238464,7032429084736,Batman - The Joker Art Series #64,Batman|Funko Pops!,15.99,2024-09-15,2024-11-08,1,54,26,2026-09-05
40392606679104,7032429772864,DC Super Heroes - The Joker (Black Suit) #06,Batman|DC Comics|Funko Pops!,14.99,2024-09-15,2025-05-28,1,255,26,2026-09-05
40392609628224,7032430297152,Freakshow - DC The Joker #492,Batman|DC Comics|Funko Pops!,13.99,2024-09-15,2024-11-21,1,67,26,2026-09-05
40392614051904,7032431378496,DC Super Heroes - The Joker as Santa #358,Batman|DC Comics|Funko Pops!,12.99,2024-09-15,2024-10-05,1,20,26,2026-09-05
40392615493696,7032431640640,The Dark Knight Trilogy - The Joker #36,Batman|Funko Pops!,19.99,2024-09-15,2025-05-29,1,256,26,2026-09-05
40392618967104,7032431935552,Captain Underpants - Professor Poopypants #427,Funko Pops!|More Movies & TV|Movies & TV,14.99,2024-09-15,2025-11-29,1,440,26,2026-09-05
40392620277824,7032432197696,Captain Underpants - Captain Underpants #426,Funko Pops!|More Movies & TV|Movies & TV,32.99,2024-09-15,2024-11-12,1,58,26,2026-09-05
40392623620160,7032432885824,The Secret Life of Pets - Duke #296,Funko Pops!|More Movies & TV|Movies & TV,12.99,2024-09-15,2025-05-31,1,258,26,2026-09-05
40392624701504,7032433082432,Spam - The Spam Can #80,Funko Pops!,13.99,2024-09-15,,0,720,26,2026-09-05
40392626143296,7032433311808,Toy Story 4 - Gabby Gabby #527,Disney|Funko Pops!|Toy Story,12.99,2024-09-15,,0,720,26,2026-09-05
40394216767552,7033156337728,Inside Out Exclusive Anger Cosplay Light Up Glow Mini Backpack,Backpack|Backpacks|Loungefly,68.99,2024-09-16,2025-02-19,1,156,3,2026-09-05
40394222698560,7033160466496,"Loungefly - Monsters, Inc. Harry Hausen's Takeout Boo Pop Up Backpack",Backpack|Backpacks|Loungefly,64.99,2024-09-16,2026-01-30,1,501,3,2026-09-05
40394224271424,7033161678912,Loungely - Sanrio Exclusive Hello Kitty 50th Anniversary Phone Sequin Cosplay Mini Backpack,Backpack|Backpacks|Loungefly,69.99,2024-09-16,,0,719,3,2026-09-05
40396396101696,7033977405504,Disney Lilo & Stitch Seated Stitch Funko Pop! Vinyl Figure #159,Disney|Funko Pops!|Lilo & Stitch,14.99,2024-09-19,2024-10-06,1,17,1,2026-09-05
40396472877120,7034001391680,Funko Disney Lilo & Stitch Pop! Pumpkin Stitch (Black Light) Vinyl Figure #1498,Disney|Funko Pops!|Lilo & Stitch,14.99,2024-09-20,2024-11-02,1,43,14,2026-09-05
40396474024000,7034001653824,Funko Pop! Rocks Carlos Santana Vinyl Figure #409,Funko Pops!|Music & Pop Culture Icons,13.99,2024-09-20,,0,715,14,2026-09-05
40396474646592,7034002079808,Dune Pop! Emperor Shaddam IV #1499,Funko Pops!|More Movies & TV|Movies & TV,13.99,2024-09-20,,0,715,14,2026-09-05
40396475236416,7034002440256,Naruto Shippuden Pop! Hidan with Jacket #1576,Anime|Funko Pops!|Naruto,14.99,2024-09-20,2024-09-29,1,9,14,2026-09-05
40396475957312,7034002767936,Naruto Shippuden Pop! Nagato (Glow) #1574,Anime|Funko Pops!|Naruto,69.99,2024-09-20,2025-08-09,1,323,14,2026-09-05
40396477923392,7034003030080,Alice in Wonderland - Disney Pop! Alice with Tea #1395,Alice in Wonderland|Disney|Funko Pops!,18.99,2024-09-20,2026-01-10,1,477,14,2026-09-05
40396479168576,7034003161152,MLB Pop! Lou Gehrig (Alternate Uniform) #20,Funko Pops!|MLB|Sports,21.99,2024-09-20,,0,715,14,2026-09-05
40396485460032,7034003587136,One Piece Pop! Sugar (Scented) #1622,Anime|Funko Pops!|One Piece,26.99,2024-09-20,2025-07-19,1,302,14,2026-09-05
40396487950400,7034003849280,Marvel Pop! Wolverine (Battle Damage) #1375,Funko Pops!|Marvel|More Marvel Comics,19.99,2024-09-20,2024-10-19,1,29,14,2026-09-05
40396490539072,7034004013120,Amy Winehouse Pop! Amy Winehouse in Tank Top #355,Funko Pops!|Music & Pop Culture Icons,22.99,2024-09-20,,0,715,14,2026-09-05
40396493029440,7034004340800,Snoop Dogg Pop! Snoop Dogg (Disco) (Sensual Seduction) #382,Funko Pops!|Hip-hop|Music & Pop Culture Icons,19.99,2024-09-20,2025-12-13,1,449,14,2026-09-05
40396493815872,7034004537408,NFL Pop! Jalen Hurts (Flexing) #248,Funko Pops!|NFL|Sports,24.99,2024-09-20,2025-08-09,1,323,14,2026-09-05
40396494504000,7034004832320,The Haunted Mansion Loungefly Black Widow Bride Mini Backpack,Backpack|Backpacks|Haunted Mansion|Loungefly,64.99,2024-09-20,2024-11-17,1,58,14,2026-09-05
40396495028288,7034005192768,Funko Pop! Vinyl: Disney's Bambi *Flocked* Limited to 3000 Pieces #351,Bambi|Disney|Funko Pops!,28.99,2024-09-20,2026-05-28,1,615,14,2026-09-05
40397109166144,7034268647488,Stranger Things The Mind Flayer Rift Super 4 1/2-Inch Funko Pop! Vinyl Figure #1597,Funko Pops!|Movies & TV|Stranger Things,24.99,2024-09-21,2025-06-27,1,279,29,2026-09-05
40397109297216,7034268745792,Stranger Things Demogorgon Rift Funko Pop! Vinyl Figure #159,Funko Pops!|Movies & TV|Stranger Things,13.99,2024-09-21,2024-11-08,1,48,29,2026-09-05
40397109395520,7034268778560,Stranger Things Vecna Rift Funko Pop! Vinyl Figure #1595,Funko Pops!|Movies & TV|Stranger Things,13.99,2024-09-21,2025-03-26,1,186,29,2026-09-05
40397109526592,7034268876864,Pixar Halloween Sulley Funko Pop! Vinyl Figure #1488,Funko Pops!|Holiday,13.99,2024-09-21,,0,714,29,2026-09-05
40397110018112,7034269040704,Scooby Doo with Sandwich Funko Pop! Vinyl Figure #625,Animation|Funko Pops!|More Animation,16.99,2024-09-21,2024-10-09,1,18,29,2026-09-05
40397110247488,7034269237312,Star Wars Hologram Darth Maul Glow-in-the-Dark Funko Pop! Vinyl Figure Specialty Series #740,Funko Pops!|Movies & TV|Star Wars,18.99,2024-09-21,2024-10-27,1,36,29,2026-09-05
40397119455296,7034269663296,Godzilla 70th Anniversary Godzilla (1984) Funko Pop! Vinyl Figure #1663,Funko Pops!|godzilla|More Movies & TV|Movies & TV,16.99,2024-09-21,2024-10-12,1,21,29,2026-09-05
40397119488064,7034269696064,Godzilla 70th Anniversary Godzilla (1984) Funko Pop! Vinyl Figure (CHASE) #1663,Chase|Funko Pops!|More Movies & TV|Movies & TV|new arrivals,47.99,2024-09-21,,0,714,29,2026-09-05
40397123092544,7034269892672,Godzilla 70th Anniversary Shin Godzilla (2016) Funko Pop! Vinyl Figure #1665,Funko Pops!|More Movies & TV|Movies & TV|new arrivals,13.99,2024-09-21,2024-10-10,1,19,29,2026-09-05
40397123289152,7034269958208,Godzilla 70th Anniversary Godzilla (1999) Funko Pop! Vinyl Figure #1664,Funko Pops!|More Movies & TV|Movies & TV,13.99,2024-09-21,2025-02-12,1,144,29,2026-09-05
40397123387456,7034270023744,Godzilla 70th Anniversary Godzilla (1954) Funko Pop! Vinyl Figure #1662,Funko Pops!|More Movies & TV|Movies & TV,13.99,2024-09-21,2025-03-08,1,168,29,2026-09-05
40397123584064,7034270089280,Star Wars Dark Side Emperor Palpatine Funko Pop! Vinyl Figure #738,Funko Pops!|Movies & TV|Star Wars,13.99,2024-09-21,2024-10-13,1,22,29,2026-09-05
40397123682368,7034270154816,Star Wars Dark Side Darth Maul Funko Pop! Vinyl Figure #740,Funko Pops!|Movies & TV|Star Wars,13.99,2024-09-21,2024-10-12,1,21,29,2026-09-05
40397123813440,7034270220352,Star Wars Dark Side Count Dooku Funko Pop! Vinyl Figure #744,Funko Pops!|Movies & TV|Star Wars,13.99,2024-09-21,2024-12-26,1,96,29,2026-09-05
40397123911744,7034270253120,Frosty The Snowman Professor Hinkle Funko Pop! Vinyl Figure #1679 and Hocus Pocus Buddy,Funko Pops!|Hocus Pocus|Horror,13.99,2024-09-21,2024-12-14,1,84,29,2026-09-05
40397124042816,7034270318656,Frosty The Snowman Karen Funko Pop! Vinyl Figure #1678,Funko Pops!|More Movies & TV|Movies & TV,13.99,2024-09-21,2025-05-24,1,245,29,2026-09-05
40397124272192,7034270449728,Frosty The Snowman Funko Pop! Vinyl Figure #1677,Funko Pops!|More Movies & TV|Movies & TV,13.99,2024-09-21,2024-10-19,1,28,29,2026-09-05
40397124862016,7034270548032,Abigail Bloody Funko Pop! Vinyl Figure #1582,Funko Pops!|More Movies & TV|Movies & TV,13.99,2024-09-21,2024-10-10,1,19,29,2026-09-05
40397255016512,7034299318336,Loungefly Exclusive - McDonald's Hamburglar Cosplay Mini Backpack,Backpack|Backpacks|Icons|Loungefly,67.99,2024-09-21,,0,714,29,2026-09-05
40397313638464,7034305708096,Funko Fusion - He-Man Limited Edition Chase #1006,Funko Fusion|Funko Pops!|Video Games,39.99,2024-09-21,2024-09-26,1,5,29,2026-09-05
40397314326592,7034306068544,Guns N Roses Pop! Duff McKagan (Skeleton),Funko Pops!|Music & Pop Culture Icons|Rock,29.99,2024-09-21,,0,714,29,2026-09-05
40397314523200,7034306134080,Guns N Roses Pop! Slash (Skeleton),Funko Pops!|Music & Pop Culture Icons|Rock,29.99,2024-09-21,,0,714,29,2026-09-05
40397315440704,7034306494528,Star Wars The Mandalorian Grogu & Crabbies Cosplay Mini Backpack,Backpack|Backpacks|Loungefly|Star Wars,67.99,2024-09-21,,0,714,29,2026-09-05
40397315637312,7034306592832,Squid Game Squid Game Front Man Cosplay Mini Backpack,Backpack|Backpacks|Loungefly,76.99,2024-09-21,,0,714,29,2026-09-05
40397315702848,7034306625600,Loungefly-The Little Mermaid 35th Anniversary Exclusive Ursula Sequin Cosplay Mini Backpack,Backpack|Backpacks|Little Mermaid|Loungefly,74.99,2024-09-21,2025-04-09,1,200,29,2026-09-05
40397315866688,7034306691136,Loungefly - How to Train Your Dragon Light & Night Fury Cosplay Mini Backpack,Backpack|Backpacks|Loungefly,70.99,2024-09-21,2025-08-17,1,330,29,2026-09-05
40397318258752,7034306854976,Loungefly Disney - Haunted Mansion The Black Widow Bride Portrait Lenticula Backpack,Backpack|Backpacks|Haunted Mansion|Loungefly,64.99,2024-09-21,,0,714,29,2026-09-05
40397318357056,7034306953280,Loungefly - Nickelodeon Avatar: The Last Airbender Map of the Four Nations Backpack,Avatar: The Last Airbender|Backpack|Backpacks|Loungefly,67.99,2024-09-21,,0,714,29,2026-09-05
40397320224832,7034307018816,Loungefly Disney Limited Edition Bambi on Ice Lenticular Backpack,Backpack|Backpacks|Bambi|Loungefly,69.99,2024-09-21,,0,714,29,2026-09-05
40402553077824,7035902754880,Felix 105th Anniversary Felix the Cat with Guitar Funko Pop! Vinyl Figure #1616,Funko Pops!|More Movies & TV|Movies & TV,13.99,2024-09-24,,0,711,3,2026-09-05
40402554290240,7035903541312,Doja Cat Scarlet Funko Pop! Vinyl Figure #441,Funko Pops!|Music & Pop Culture Icons,13.99,2024-09-24,2024-11-21,1,58,3,2026-09-05
40402556944448,7035904655424,Alien: Romulus Xenomorph Super Funko Pop! Vinyl Figure #1616,Funko Pops!|More Movies & TV|Movies & TV,29.99,2024-09-24,2024-11-07,1,44,3,2026-09-05
40403432570944,7036133539904,Beavis and Butt-Head Cornholio Funko Pop! Vinyl Figure #1593,Funko Pops!|More Movies & TV|Movies & TV,14.99,2024-09-25,2024-10-11,1,16,3,2026-09-05
40403432800320,7036133670976,Beavis and Butt-Head Butt-Head Funko Pop! Vinyl Figure #1591,Funko Pops!|More Movies & TV|Movies & TV,13.99,2024-09-25,2024-10-11,1,16,3,2026-09-05
40403432865856,7036133703744,Beavis and Butt-Head Beavis Funko Pop! Vinyl Figure #1592,Funko Pops!|More Movies & TV|Movies & TV,13.99,2024-09-25,2024-10-19,1,24,3,2026-09-05
40405191884864,7036712452160,A Charlie Brown Christmas Snoopy Funko Pop! Vinyl Figure #1628 and Woodstock Buddy,Animation|Funko Pops!|Holiday|More Animation,13.99,2024-09-28,2024-10-12,1,14,4,2026-09-05
40405191950400,7036712484928,A Charlie Brown Christmas Charlie Brown with Tree Funko Pop! Vinyl Figure #1627 and Buddy,Animation|Funko Pops!|Holiday|More Animation,13.99,2024-09-28,2024-10-23,1,25,4,2026-09-05
40405192048704,7036712550464,The Twilight Zone 1959 The Narrator Funko Pop! Vinyl Figure #1582,Funko Pops!|More Movies & TV|Movies & TV,12.99,2024-09-28,2024-11-08,1,41,4,2026-09-05
40405192278080,7036712583232,The Twilight Zone 1959 Gremlin Funko Pop! Vinyl Figure #1583,Funko Pops!|More Movies & TV|Movies & TV,12.99,2024-09-28,2026-01-02,1,461,4,2026-09-05
40405597716544,7036807446592,The Lord of the Rings - Frodo w/ORC Helmet #1565,Funko Pops!|Lord of the Rings|Movies & TV,19.99,2024-09-29,,0,706,14,2026-09-05
40405598011456,7036807577664,IT Pop! Keychain Pennywise with Balloon,funko|Funko Pop|Halloween|Horror|IT|Keychain,7.99,2024-09-29,,0,706,14,2026-09-05
40405598109760,7036807643200,One Piece Funko Pop! Armored Luffy Metallic CHASE #1262,Anime|Funko Pops!|One Piece,59.99,2024-09-29,2024-12-15,1,77,14,2026-09-05
40405598666816,7036807741504,One Piece Funko Pop! Gol D. Roger #1274,Anime|Funko Pops!|One Piece,17.99,2024-09-29,,0,706,14,2026-09-05
40405598830656,7036807839808,One Piece Funko Pop! Soba Mask #1277,Anime|Funko Pops!|One Piece,13.99,2024-09-29,2024-12-15,1,77,14,2026-09-05
40405598896192,7036807872576,Godzilla Funko Pop! Godzilla (1954) (Platinum) #1662,Funko Pops!|More Movies & TV|Movies & TV|new arrivals,26.99,2024-09-29,,0,706,14,2026-09-05
40405599158336,7036807938112,One Piece Funko Pop! Samurai Brook #1129,Anime|Funko Pops!|One Piece,26.99,2024-09-29,2024-12-15,1,77,14,2026-09-05
40405600665664,7036808527936,Sesame Street Funko Pop! Elmo with Rocco #1526,Animation|Funko Pops!|More Animation,20.99,2024-09-29,2025-05-04,1,217,14,2026-09-05
40405601222720,7036808626240,Freddy Funko Pop! Mecha Freddy (Funko Fusion) #1004,Funko Fusion|Funko Pops!|Video Games,24.99,2024-09-29,2024-10-16,1,17,14,2026-09-05
40405601353792,7036808724544,Looney Tunes Funko Pop! Marvin the Martian with Martian Flag #1589,Animation|Funko Pops!|Looney Tunes,24.99,2024-09-29,2025-01-18,1,111,14,2026-09-05
40405601517632,7036808822848,The Simpsons Funko Pop! Evil Homer #1367,Animation|Funko Pops!|Simpsons,19.99,2024-09-29,2024-10-27,1,28,14,2026-09-05
40405601583168,7036808855616,Star Wars Pop! Darth Vader (Bronze) (Metallic) #288,Funko Pops!|Movies & TV|Star Wars,23.99,2024-09-29,,0,706,14,2026-09-05
40406165880896,7036901457984,Loungefly The Mandalorian Grogu Stone Glow in the Dark Wallet,Backpack|Loungefly|Star Wars,24.99,2024-09-29,2025-01-28,1,121,14,2026-09-05
40406166274112,7036901818432,Loungefly Star Wars: Cad Bane Cosplay Wallet,Backpack|Loungefly|Star Wars,21.99,2024-09-29,,0,706,14,2026-09-05
40408612503616,7038290952256,NFL Kansas City Chiefs Travis Kelce (Away) Funko Pop! Vinyl Figure #257,Funko Pops!|NFL|Sports,14.99,2024-10-03,,0,702,7,2026-09-05
40410879033408,7039297388608,NBA Chicago Bulls Michael Jordan Rookie Season Funko Pop! Vinyl Figure #193,Funko Pops!|NBA|Sports,13.99,2024-10-03,2025-05-24,1,233,7,2026-09-05
40410881818688,7039299911744,Home Alone Kevin with McCallister Home Funko Pop! Town #41,Christmas|funko|Funko Pop|Home Alone|Movies,34.99,2024-10-03,2024-12-05,1,63,7,2026-09-05
40410894204992,7039310757952,Rudolph the Red-Nosed Reindeer 60th Anniversary Rudolph (Flying) Funko Pop! Vinyl Figure #1568,Funko Pops!|Holiday|rudolph,13.99,2024-10-03,,0,702,7,2026-09-05
40410901381184,7039317442624,Rudolph the Red-Nosed Reindeer 60th Anniversary Mrs. Claus Funko Pop! Vinyl Figure #1571,Funko Pops!|Holiday|rudolph,12.99,2024-10-03,2026-08-20,1,686,7,2026-09-05
40410902495296,7039318491200,Rudolph the Red-Nosed Reindeer 60th Anniversary King Moonracer Funko Pop! Vinyl Figure #1570,Funko Pops!|Holiday|rudolph,25.99,2024-10-03,2026-08-20,1,686,7,2026-09-05
40410904068160,7039319965760,Rudolph the Red-Nosed Reindeer 60th Anniversary Clarice Funko Pop! Vinyl Figure #1569,Funko Pops!|Holiday|Rudolph,13.99,2024-10-03,2024-12-14,1,72,7,2026-09-05
40413144973376,7040834076736,SNL 50th Anniversary Mary Katherine Gallagher Superstar Funko Pop! Vinyl Figure #10,Funko Pops!,12.99,2024-10-07,,0,698,9,2026-09-05
40413145628736,7040834732096,SNL 50th Anniversary Nick the Lounge Singer Funko Pop! Vinyl Figure #08,Funko Pops!,12.99,2024-10-07,,0,698,9,2026-09-05
40413146218560,7040835256384,SNL 50th Anniversary Matt Foley Funko Pop! Vinyl Figure #09,Funko Pops!,12.99,2024-10-07,2025-07-19,1,285,9,2026-09-05
40413147791424,7040836468800,NBA Detroit Pistons Grant Hill Rookie Season Funko Pop! Vinyl Figure #196,Funko Pops!|NBA|Sports,12.99,2024-10-07,2026-02-14,1,495,9,2026-09-05
40413148479552,7040836960320,NBA Dallas Mavericks Jason Kidd Rookie Season Funko Pop! Vinyl Figure #195,Funko Pops!|NBA|Sports,12.99,2024-10-07,,0,698,9,2026-09-05
40413148905536,7040837386304,NBA Utah Jazz John Stockton Rookie Season Funko Pop! Vinyl Figure #194,Funko Pops!|NBA|Sports,12.99,2024-10-07,2026-02-14,1,495,9,2026-09-05
40413151920192,7040840237120,Wet Hot American Summer Gene with Can Funko Pop! Vinyl Figure #1606,Funko Pops!|More Movies & TV|Movies & TV,12.99,2024-10-07,,0,698,9,2026-09-05
40413152313408,7040840564800,Wet Hot American Summer Andy Funko Pop! Vinyl Figure #1604,Funko Pops!|More Movies & TV|Movies & TV,12.99,2024-10-07,,0,698,9,2026-09-05
40413152968768,7040841023552,Wet Hot American Summer Alan Shemper Funko Pop! Vinyl Figure #1605,Funko Pops!|More Movies & TV|Movies & TV,12.99,2024-10-07,,0,698,9,2026-09-05
40415890866240,7042040037440,The Lord of the Rings Pop! Frodo with Orc Helmet #1565,Funko Pops!|Lord of the Rings|Movies & TV,31.99,2024-10-10,2025-01-18,1,100,6,2026-09-05
40416994197568,7042483716160,It Pennywise Raincoat Cosplay Mini-Backpack,Backpack|Backpacks|Loungefly|Pennywise,80.00,2024-10-10,2024-10-12,1,2,6,2026-09-05
40417011630144,7042490892352,Marvel Carnage Iron Man Funko Pop! Vinyl Figure #1437,Funko Pops!|Iron Man|Marvel,13.99,2024-10-10,2025-01-17,1,99,6,2026-09-05
40417015955520,7042492366912,Marvel Carnage Ghost Spider Funko Pop! Vinyl Figure #1435,Funko Pops!|Marvel|Venom,13.99,2024-10-10,2024-10-11,1,1,6,2026-09-05
40417018904640,7042493055040,Marvel Carnage Captain America Funko Pop! Vinyl Figure #1436,Captain America|Funko Pops!|Marvel,13.99,2024-10-10,,0,695,6,2026-09-05
40417021362240,7042493448256,Marvel Carnage Black Panther Funko Pop! Vinyl Figure #1434,Black Panther|Funko Pops!|Marvel,13.99,2024-10-10,2025-11-29,1,415,6,2026-09-05
40421996462144,7044856938560,MLB Pop! Shohei Ohtani (Home Jersey) (Pitching) #105,Funko Pops!|MLB|Sports,32.99,2024-10-17,2024-11-16,1,30,2,2026-09-05
40422002589760,7044857299008,Kuzco (The Emperor’s New Groove) #06,Funko Pops!,19.99,2024-10-17,2024-10-27,1,10,2,2026-09-05
40422957613120,7045269913664,Toy Story Slinky Dog Funko Pop! Vinyl Figure #516,Disney|Funko Pops!|Toy Story,14.99,2024-10-18,2024-11-17,1,30,5,2026-09-05
40422961479744,7045270569024,Toy Story 4 Jessie Funko Pop! Vinyl Figure #526,Disney|Funko Pops!|Toy Story,14.99,2024-10-18,2024-11-17,1,30,5,2026-09-05
40422961774656,7045270798400,Rosalia (Motomami Tour) Funko Pop! Vinyl Figure #416,Funko Pops!|Music & Pop Culture Icons,12.99,2024-10-18,2025-03-02,1,135,5,2026-09-05
40422962102336,7045270962240,Insidious Red Face Demon Funko Pop! Vinyl Figure #1639,Funko Pops!|Horror|Insidious,13.99,2024-10-18,2025-05-11,1,205,5,2026-09-05
40422962167872,7045270995008,Insidious Wheezing Demon Funko Pop! Vinyl Figure #1640,Funko Pops!|Horror|Insidious,13.99,2024-10-18,2025-05-11,1,205,5,2026-09-05
40423803977792,7045475074112,Slap Shot Reggie Dunlop Funko Pop! Vinyl Figure #1566,Funko Pops!|More Movies & TV|Movies & TV,12.99,2024-10-21,,0,684,1,2026-09-05
40425492938816,7046299746368,Bleach Pop! Ulquiorra Shifar  (Toy Tokyo NY 2024 Sticker) #1691,Anime|Bleach|Funko Pops!,26.99,2024-10-22,2024-12-27,1,66,4,2026-09-05
40425494741056,7046300237888,Sonic The Hedgehog Pop! Metal Knuckles (Toy Tokyo NY 2024 Sticker) #1015,Funko Pops!|Sonic the Hedgehog|Video Games,37.99,2024-10-22,2025-01-15,1,85,4,2026-09-05
40425496215616,7046300926016,Yu-Gi-Oh! Pop! Mystical Elf (2024 NY Comic Con Sticker) #1692,Anime|Funko Pops!|Yu-Gi-Oh,46.99,2024-10-22,,0,683,4,2026-09-05
40425497198656,7046301483072,Star Wars Pop! Kylo Ren Supreme Leader w/Hood (2024 NY Comic Con Sticker) #731,Funko Pops!|Movies & TV|Star Wars,39.99,2024-10-22,2025-11-01,1,375,4,2026-09-05
40426605412416,7046578634816,Big Hero 6 Baymax with Heart Hands Super 6-Inch Funko Pop! Vinyl Figure #1511,Disney|Funko Pops!|Other Great Disney Movies,24.99,2024-10-24,2025-07-06,1,255,9,2026-09-05
40426606133312,7046579126336,Friends Rachel Green with Cat Funko Pop! Vinyl Figure #1650,Funko Pops!|More Movies & TV|Movies & TV,13.99,2024-10-24,2024-11-02,1,9,9,2026-09-05
40426608787520,7046579355712,Friends Chandler Bing Flashback Funko Pop! Vinyl Figure #1646,Funko Pops!|More Movies & TV|Movies & TV,13.99,2024-10-24,2024-11-02,1,9,9,2026-09-05
40426608918592,7046579421248,Friends Ross Geller Armadillo Funko Pop! Vinyl Figure #1648,Funko Pops!|More Movies & TV|Movies & TV,13.99,2024-10-24,2024-11-02,1,9,9,2026-09-05
40426609311808,7046579519552,Friends Monica Geller Mockolate Funko Pop! Vinyl Figure #1649,Funko Pops!|More Movies & TV|Movies & TV,13.99,2024-10-24,2024-11-02,1,9,9,2026-09-05
40426609573952,7046579650624,Friends Joey Tribbiani Superman Funko Pop! Vinyl Figure #1645,Funko Pops!|Superman,13.99,2024-10-24,2024-11-02,1,9,9,2026-09-05
40426609770560,7046579716160,Friends Phoebe Buffay Christmas Bow Funko Pop! Vinyl Figure #1647,Funko Pops!|Holiday|More Movies & TV|Movies & TV,13.99,2024-10-24,2024-11-02,1,9,9,2026-09-05
40426610098240,7046579880000,One Piece Roronoa Zoro with Swords (2024) Funko Pop! Vinyl Figure #1775,Anime|Funko Pops!|One Piece,13.99,2024-10-24,2024-11-15,1,22,9,2026-09-05
40426610360384,7046580011072,One Piece Roronoa Zoro with Swords (CHASE) (2024) Funko Pop! Vinyl Figure #1775,Anime|Funko Pops!|One Piece,40.99,2024-10-24,2024-12-28,1,65,9,2026-09-05
40428574343232,7046895534144,Elvira and Gonk Funko Pop! Vinyl Figure #1647 and Buddy,Funko Pops!|More Movies & TV|Movies & TV,13.99,2024-10-28,2025-06-12,1,227,5,2026-09-05
40428574474304,7046895599680,Disney Villains Yzma Funko Pop! Vinyl Figure #1521,Disney|Funko Pops!|Other Great Disney Movies,12.99,2024-10-28,2025-03-21,1,144,5,2026-09-05
40428574539840,7046895632448,Disney Villains Mother Gothel Funko Pop! Vinyl Figure #1520,Disney|Funko Pops!|Other Great Disney Movies,12.99,2024-10-28,,0,677,5,2026-09-05
40428576473152,7046895697984,Disney Villains Jafar Funko Pop! Vinyl Figure #1519,Aladdin|Disney|Funko Pops!,13.99,2024-10-28,2025-03-21,1,144,5,2026-09-05
40428576866368,7046895796288,Disney Villains Gaston Funko Pop! Vinyl Figure #1518,Beauty and the Beast|Disney|Funko Pops!,13.99,2024-10-28,2024-12-20,1,53,5,2026-09-05
40431262040128,7047396655168,Spider-Man Comics Spider-Man (Fear Itself Suit) Glow-in-the-Dark Funko Pop! Vinyl Figure #1445,Funko Pops!|Marvel|Spider-Man,13.99,2024-11-02,2024-11-16,1,14,26,2026-09-05
40431262171200,7047396720704,Pokemon Mimikyu Funko Pop! Vinyl Figure #1013,Funko Pops!|Pokemon|Video Games,13.99,2024-11-02,2025-03-30,1,148,26,2026-09-05
40431262302272,7047396786240,Hunter X Hunter Silva Zoldyck Funko Pop! Vinyl Figure #1727,Anime|Funko Pops!|Hunter X Hunter,12.99,2024-11-02,2026-08-01,1,637,26,2026-09-05
40431262761024,7047397015616,Hunter X Hunter Kalluto Zoldyck Funko Pop! Vinyl Figure #1726,Anime|Funko Pops!|Hunter X Hunter,12.99,2024-11-02,,0,672,26,2026-09-05
40431262826560,7047397048384,Hunter X Hunter Ging Freecss Funko Pop! Vinyl Figure #1725,Anime|Funko Pops!|Hunter X Hunter,12.99,2024-11-02,2026-08-01,1,637,26,2026-09-05
40431262957632,7047397113920,Hunter X Hunter Uvogin Funko Pop! Vinyl Figure #1724,Anime|Funko Pops!|Hunter X Hunter,13.99,2024-11-02,,0,672,26,2026-09-05
40431263285312,7047397376064,Winnie the Pooh Tigger Funko Pop! Vinyl Figure #1517,Disney|Funko Pops!|Winnie the Pooh,13.99,2024-11-02,2025-03-22,1,140,26,2026-09-05
40431264071744,7047397965888,Winnie the Pooh Roo Funko Pop! Vinyl Figure #1516,Disney|Funko Pops!|Winnie the Pooh,13.99,2024-11-02,2025-03-22,1,140,26,2026-09-05
40431264137280,7047397998656,Winnie the Pooh Rabbit Funko Pop! Vinyl Figure #1515,Disney|Funko Pops!|Winnie the Pooh,13.99,2024-11-02,2024-12-14,1,42,26,2026-09-05
40431264202816,7047398031424,Winnie the Pooh Piglet Funko Pop! Vinyl Figure #1514,Disney|Funko Pops!|Winnie the Pooh,13.99,2024-11-02,2026-03-29,1,512,26,2026-09-05
40431264268352,7047398064192,Winnie the Pooh Eeyore Funko Pop! Vinyl Figure #1513,Disney|Funko Pops!|Winnie the Pooh,13.99,2024-11-02,2025-03-09,1,127,26,2026-09-05
40431264530496,7047398260800,Winnie the Pooh (Flocked) Funko Pop! Vinyl Figure #1512,Disney|Flocked|Funko Pops!|Winnie the Pooh,29.99,2024-11-02,2025-07-12,1,252,26,2026-09-05
40431266627648,7047398588480,Tom and Jerry Jerry with Dessert Funko Pop! Vinyl Figure #1658,Funko Pops!|More Movies & TV|Movies & TV,13.99,2024-11-02,2024-11-23,1,21,26,2026-09-05
40431268364352,7047398850624,Tom and Jerry Tom with Ice Cream Cone Funko Pop! Vinyl Figure #1657,Funko Pops!|More Movies & TV|Movies & TV,13.99,2024-11-02,2024-11-23,1,21,26,2026-09-05
40431270789184,7047399145536,The Simpsons Sideshow Bob Funko Pop! Vinyl Figure #1656,Animation|Funko Pops!|Simpsons,13.99,2024-11-02,2024-11-10,1,8,26,2026-09-05
40431297167424,7047402094656,The Simpsons Milhouse as Fallout Boy Funko Pop! Vinyl Figure #1655,Fallout|Funko Pops!|Video Games,13.99,2024-11-02,2024-11-10,1,8,26,2026-09-05
40431298216000,7047402225728,The Simpsons Martin Prince as Calliope Funko Pop! Vinyl Figure #1654,Animation|Funko Pops!|Simpsons,13.99,2024-11-02,,0,672,26,2026-09-05
40431298347072,7047402291264,The Simpsons Deep Space Homer Funko Pop! Vinyl Figure #1653,Animation|Funko Pops!|Simpsons,13.99,2024-11-02,2024-11-10,1,8,26,2026-09-05
40431298641984,7047402389568,The Simpsons Bart Simpson with Skateboard Funko Pop! Vinyl Figure #1652,Animation|Funko Pops!|Simpsons,13.99,2024-11-02,,0,672,26,2026-09-05
40431300411456,7047402913856,Futurama Zapp Brannigan Funko Pop! Vinyl Figure #1759,Animation|Funko Pops!|More Animation,13.99,2024-11-02,2025-03-30,1,148,26,2026-09-05
40431302967360,7047403438144,Futurama Turanga Leela Funko Pop! Vinyl Figure #1758,Animation|Funko Pops!|More Animation,13.99,2024-11-02,,0,672,26,2026-09-05
40431303589952,7047403733056,Futurama Philip J. Fry Funko Pop! Vinyl Figure #1755,Animation|Funko Pops!|More Animation,13.99,2024-11-02,,0,672,26,2026-09-05
40431303655488,7047403765824,WWE Ravishing Rick Rude Funko Pop! Vinyl Figure #140,Funko Pops!|Sports|WWE,12.99,2024-11-02,2024-12-18,1,46,26,2026-09-05
40431304048704,7047403896896,Lord of the Rings Gwaihir with Gandalf Funko Pop! Vinyl Vehicle #72,Funko Pops!|Lord of the Rings|Marvel|Movies & TV,39.99,2024-11-02,2025-01-18,1,77,26,2026-09-05
40431311257664,7047404650560,Star Wars The Black Series Shock Trooper Electronic Helmet Prop Replica,Electronic Helmet|Helmet|Star Wars|The Black Series,114.99,2024-11-02,2025-08-02,1,273,26,2026-09-05
40431311388736,7047404716096,Deadpool & Wolverine Deadpool with Swords Funko Pocket Pop! Key Chain,Deadpool & Wolverine|funko|Funko Pop|Keychain|Marvel,5.99,2024-11-02,2024-12-02,1,30,26,2026-09-05
40432771235904,7047512621120,WWE Pop! Kane with In Your House Pin Funko #164,Funko Pops!|Sports|WWE,29.99,2024-11-03,2024-12-20,1,47,1,2026-09-05
40436446855232,7048357904448,Iron Maiden Senjutsu Eddie Funko Pop! Vinyl Figure #439,Funko Pops!|Music & Pop Culture Icons|Rock,13.99,2024-11-05,2024-11-21,1,16,1,2026-09-05
40437247049792,7048646033472,WandaVision Agatha Harkness Winking Meme Funko Pop! Vinyl Figure #1457,Funko Pops!|Marvel|More Marvel Comics,13.99,2024-11-06,2024-12-14,1,38,3,2026-09-05
40437249343552,7048646426688,Futurama Matador Bender Funko Pop! Vinyl Figure #1756,Funko Pops!|More Movies & TV|Movies & TV,13.99,2024-11-06,2025-02-14,1,100,3,2026-09-05
40437258256448,7048650031168,Freddy Funko Pop! Cosmic Freddy (Funko Fusion) #1013,Funko Fusion|Funko Pops!|Video Games,25.99,2024-11-06,2024-11-10,1,4,3,2026-09-05
40439206117440,7049524641856,Wicked Part 1 Madame Morrible Funko Pop! Vinyl Figure #1700,Funko Pops!|More Movies & TV|Movies & TV,12.99,2024-11-07,2025-03-15,1,128,6,2026-09-05
40439209623616,7049528049728,Wicked Part 1 Glinda in Nightgown Funko Pop! Vinyl Figure #1699,Funko Pops!|More Movies & TV|Movies & TV,12.99,2024-11-07,2024-12-14,1,37,6,2026-09-05
40439211688000,7049530081344,Wicked Part 1 Fiyero Funko Pop! Vinyl Figure #1698,Funko Pops!|More Movies & TV|Movies & TV,12.99,2024-11-07,2024-12-14,1,37,6,2026-09-05
40439213654080,7049532047424,Wicked Part 1 Glinda in Bubble Gown Funko Pop! Vinyl Figure #1697,Funko Pops!|More Movies & TV|Movies & TV,12.99,2024-11-07,2024-12-15,1,38,6,2026-09-05
40439219224640,7049537650752,Wicked Part 1 Elphaba Funko Pop! Vinyl Figure #1696,Funko Pops!|More Movies & TV|Movies & TV,13.99,2024-11-07,2024-12-21,1,44,6,2026-09-05
40439229907008,7049546399808,John Wick with Dog #580,Funko Pops!|More Movies & TV|Movies & TV,29.99,2024-11-07,2024-11-15,1,8,6,2026-09-05
40439238230080,7049554427968,Blue Beetle (GITD) Gamestop Exclusive #1406,Funko Pops!|More Movies & TV|Movies & TV,19.99,2024-11-08,,0,666,30,2026-09-05
40439259136064,7049573564480,Assassin's Creed Valhalla - Eivor #778,Funko Pops!|More Video Games|Video Games,18.99,2024-11-08,,0,666,30,2026-09-05
40439264542784,7049579102272,My Hero Academia- Mina Ashido (Funko Insider Club) #790,Anime|Funko Pops!|My Hero Academia,12.99,2024-11-08,2026-04-25,1,533,30,2026-09-05
40439278239808,7049592569920,My Hero Academia - Izuku Midoriya #603,Anime|Funko Pops!|My Hero Academia,12.99,2024-11-08,,0,666,30,2026-09-05
40439298555968,7049611771968,Barbie Pop! 65th Anniversary Barbie (Barbie 65th Exclusive) #141,Funko Pops!|Icons|Music & Pop Culture Icons,26.99,2024-11-08,,0,666,30,2026-09-05
40439305076800,7049617801280,Disney Robin Hood - Ala-A-Dale (Bam Exclusive) #1510,Disney|Funko Pops!|Robin Hood,26.99,2024-11-08,,0,666,30,2026-09-05
40439311663168,7049623896128,Eddie Van Halen Pop! Eddie Van Halen (1978 New Haven) EE Exclusive #350,Funko Pops!|Music & Pop Culture Icons,19.99,2024-11-08,2026-02-07,1,456,30,2026-09-05
40439315824704,7049627697216,One Piece - Reiju (Funkon London Limited Edition Exclusive) #1741,Anime|Funko Pops!|One Piece,34.99,2024-11-08,2025-10-11,1,337,30,2026-09-05
40439321165888,7049632186432,Demon Slayer Pop! Haganezuka with Hat (Funkon London Limited Edition Exclusive) #1445,Anime|Demon Slayer|Funko Pops!,19.99,2024-11-08,,0,666,30,2026-09-05
40439325360192,7049636347968,The Simpsons-Homer w/Reactor (Funkon London Limited Edition Exclusive) #1630,Animation|Funko Pops!|Simpsons,19.99,2024-11-08,,0,666,30,2026-09-05
40439329226816,7049640181824,Paddington Pop! Paddington w/ Sandwich - Funkon London Limited Edition Exclusive) #1480,Funko Pops!|More Movies & TV|Movies & TV,21.99,2024-11-08,,0,666,30,2026-09-05
40439338172480,7049648767040,Disney Pop! Santa Jack & Christmas Sally (Diamond) 2-Pack Funko Exclusive,Disney|Funko Pops!|Holiday|The Nightmare Before Christmas,33.99,2024-11-08,2025-08-08,1,273,30,2026-09-05
40439341973568,7049652469824,One Piece Pop! Armored Chopper (Funko Exclusive Sticker) #1131,Anime|Funko Pops!|One Piece,14.99,2024-11-08,2025-04-06,1,149,30,2026-09-05
40439347118144,7049657122880,Disney Pop! Winnie the Pooh Holding Honeypot Limited Edition (Flocked) #1512,Disney|Funko Pops!|Winnie the Pooh,30.99,2024-11-08,,0,666,30,2026-09-05
40439351902272,7049661710400,Dragon Ball Pop! & Buddy Yajirobe and Karin #1513,Anime|Dragon Ball|Funko Pops!,14.99,2024-11-08,2024-11-17,1,9,30,2026-09-05
40439358357568,7049667805248,The Nun Pop! The Nun (Moonlit Demonic) (Funko Exclusive) #776,Funko Pops!|Horror|The Conjuring Universe|The Nun,13.99,2024-11-08,2025-11-07,1,364,30,2026-09-05
40439363174464,7049672523840,Yu-Gi-Oh! Pop! Elemental Hero Flame Wingman #1609,Anime|Funko Pops!|Yu-Gi-Oh,18.99,2024-11-08,2025-01-17,1,70,30,2026-09-05
40439370219584,7049679405120,Dragon Ball Pop! Fused Zamasu (GITD) Funko Exclusive #1485,Anime|Dragon Ball|Funko Pops!,16.99,2024-11-08,2024-12-12,1,34,30,2026-09-05
40439375528000,7049683238976,Naruto Shippuden Pop! Sasori (FunkoExclusive) #1575,Anime|Funko Pops!|Naruto,25.99,2024-11-08,2026-03-27,1,504,30,2026-09-05
40439379820608,7049687531584,Naruto Shippuden Pop! Kakuzu (Earth Grudge) (Funko Exclusive Sticker) #1693,Anime|Funko Pops!|Naruto,15.99,2024-11-08,,0,666,30,2026-09-05
40439383294016,7049690775616,Demon Slayer Pop! Tengen Uzui in Kimono (Funko Exclusive Sticker) #1537,Anime|Demon Slayer|Funko Pops!,13.99,2024-11-08,2024-11-29,1,21,30,2026-09-05
40439388143680,7049694871616,Kellogg's Pop! Dig 'Em Frog (Funko 2024 Summer Convention Limited Edition Sticker) #230,Funko Pops!|Icons|Music & Pop Culture Icons,13.99,2024-11-08,2025-04-18,1,161,30,2026-09-05
40439391387712,7049697886272,Naruto Shippuden Pop! Madara Uchiha (Entertainment Expo Limited Edition Sticker) #1583,Anime|Funko Pops!|Naruto,17.99,2024-11-08,2024-12-15,1,37,30,2026-09-05
40439395582016,7049701752896,Jujutsu Kaisen Pop! Yuji Itadori with Paint Can #1645,Anime|Funko Pops!|Jujutsu Kaisen,22.99,2024-11-08,2025-10-25,1,351,30,2026-09-05
40439399514176,7049705357376,Nickelodeon Pop! SpongeBob with the Suds (Funko Exclusive Sticker) #1665,Animation|Funko Pops!|More Animation,24.99,2024-11-08,2025-02-02,1,86,30,2026-09-05
40439406985280,7049712271424,Guns N Roses Pop! Duff McKagan (Skeleton) #403,Funko Pops!|Music & Pop Culture Icons|Rock,27.99,2024-11-08,2025-08-02,1,267,30,2026-09-05
40439407673408,7049712894016,Guns N Roses Pop! Slash (Skeleton) #402,Funko Pops!|Music & Pop Culture Icons|Rock,27.99,2024-11-08,2025-08-02,1,267,30,2026-09-05
40439414128704,7049719152704,Guns N Roses Pop! Axl Rose (Skeleton) #401,Funko Pops!|Music & Pop Culture Icons|Rock,27.99,2024-11-08,2025-08-02,1,267,30,2026-09-05
40439420813376,7049725706304,Harry Potter Limited Edition Hogwarts School of Witchcraft and Wizardry Albus Dumbledore Pop! #15,Funko Pops!|Harry Potter|Movies & TV,69.99,2024-11-08,2025-11-19,1,376,30,2026-09-05
40439442997312,7049747169344,Loungefly - Harry Potter Limited Edition Hogwarts School of Witchcraft Backpack (GITD),Backpack|Backpacks|Harry Potter|Loungefly,67.99,2024-11-08,,0,666,30,2026-09-05
40441779552320,7051276189760,Walking Dead - Rick Grimes #306,Funko Pops!|More Movies & TV|Movies & TV,34.99,2024-11-09,2025-08-22,1,286,4,2026-09-05
40441780371520,7051276648512,Fallout - Lone Wanderer #47,Fallout|Funko Pops!|Video Games,16.99,2024-11-09,2025-02-08,1,91,4,2026-09-05
40442018201664,7051393630272,Sanrio Hello Kitty and Friends Pochacco Funko Pop! Vinyl Figure #60,Anime|Funko Pops!|More Anime Favorites,13.99,2024-11-09,2025-08-29,1,293,4,2026-09-05
40442043367488,7051402838080,Queen Freddie Mercury with Cape Funko Pop! Vinyl Figure #414,Funko Pops!|Music & Pop Culture Icons|Rock,13.99,2024-11-09,2025-08-10,1,274,4,2026-09-05
40442148880448,7051447337024,Naruto Shippuden Pop! Madara Uchiha w/ Mask #1429,Anime|Funko Pops!|Naruto,14.99,2024-11-10,2025-04-18,1,159,2,2026-09-05
40442277625920,7051538137152,The Lord of the Rings Boromir Meme Funko Pop! Plus Vinyl Figure #1709,Funko Pops!|Lord of the Rings|Movies & TV,14.99,2024-11-10,2024-12-21,1,41,2,2026-09-05
40444155265088,7052375425088,Snow White and the Seven Dwarfs Sleepy Funko Pop! Vinyl Figure #343,Disney|Funko Pops!|Snow White,21.99,2024-11-12,2025-03-20,1,128,11,2026-09-05
40444156444736,7052376408128,Funko Fusion M3GAN Funko Pop! Vinyl Figure #1001,Funko Fusion|Funko Pops!|Video Games,14.99,2024-11-12,,0,662,11,2026-09-05
40444157952064,7052377620544,Sonic the Hedgehog Tails Flying Funko Pop! Vinyl Figure #978 - Specialty Series,Funko Pops!|Sonic the Hedgehog|Video Games,14.99,2024-11-12,2024-12-18,1,36,11,2026-09-05
40444158378048,7052377882688,Sonic the Hedgehog Tails Flying Funko Pop! Vinyl Figure (Specialty Series Flocked) CHASE #978,Funko Pops!|Sonic the Hedgehog|Video Games,42.99,2024-11-12,2025-01-15,1,64,11,2026-09-05
40444160213056,7052379258944,NFL 49ers Nick Bosa (Home Jersey) Funko Pop! Vinyl Figure #132,Funko Pops!|NFL|Sports,13.99,2024-11-12,2024-12-20,1,38,11,2026-09-05
40444167356480,7052382240832,Killer Klowns from Outer Space Spike Funko Pop! Vinyl Figure #933,Funko Pops!|Horror|Killer Klowns from Outer Space,13.99,2024-11-12,2025-12-20,1,403,11,2026-09-05
40444168896576,7052383551552,Spider-Man Miles Morales Game Crimson Cowl Suit Funko Pop! Vinyl Figure #770,Funko Pops!|Spider-Man,13.99,2024-11-12,2025-05-28,1,197,11,2026-09-05
40444173320256,7052384665664,Snow White and the Seven Dwarfs Grumpy Funko Pop! Vinyl Figure #345,Disney|Funko Pops!|Snow White,14.99,2024-11-12,2025-03-26,1,134,11,2026-09-05
40444174270528,7052385517632,Rick and Morty Space Suit Morty With Snake Funko Pop! Vinyl Figure #690,Animation|Funko Pops!|Rick and Morty,12.99,2024-11-12,2025-02-02,1,82,11,2026-09-05
40444176662592,7052387647552,Bleach - Ichigo Kurosaki (AAA Exclusive) #1739,Anime|Bleach|Funko Pops!,21.99,2024-11-12,2025-03-15,1,123,11,2026-09-05
40444188426304,7052393283648,DC Comics Pop! The Batman Who Laughs #524,Batman|DC Comics|Funko Pops!,22.99,2024-11-12,2024-12-01,1,19,11,2026-09-05
40445767974976,7053054672960,Dumbo Timothy Q. Mouse Funko Pop! Vinyl Figure #1536,Disney|Funko Pops!|Other Great Disney Movies,13.99,2024-11-14,2025-01-18,1,65,2,2026-09-05
40445773086784,7053054935104,Dumbo with Flag Funko Pop! Vinyl Figure #1535,Disney|Funko Pops!|Other Great Disney Movies,13.99,2024-11-14,2025-06-29,1,227,2,2026-09-05
40447059427392,7053513982016,Loungefly Disney The Princess and The Frog Tiana Flower Mini Backpack,Backpack|Backpacks|Loungefly,49.99,2024-11-17,,0,657,8,2026-09-05
40447059525696,7053514047552,Her Universe My Melody X Kuromi Lolita Figural Heart Bag,Backpack|Loungefly,46.99,2024-11-17,2026-08-05,1,626,8,2026-09-05
40447060443200,7053514440768,Iron Maiden Pharaoh Eddie Funko Pop! Vinyl Figure #443,Funko Pops!|Music & Pop Culture Icons|Rock,13.99,2024-11-17,2025-03-02,1,105,8,2026-09-05
40447074762816,7053519814720,Queen Radio Gaga Funko Pop! Vinyl Figure 4-Pack,Funko Pops!|Music & Pop Culture Icons,47.99,2024-11-17,2024-11-21,1,4,8,2026-09-05
40447074861120,7053519880256,Loungefly Disney The Princess And The Frog Bayou Light-Up Mini Backpack,Backpack|Backpacks|Loungefly,72.99,2024-11-17,2026-01-09,1,418,8,2026-09-05
40447074992192,7053519978560,Funko Beetlejuice Pop! Movies Beetlejuice Vinyl Figure Hot Topic Exclusive #1728,Beetlejuice|Funko Pops!|Horror,17.99,2024-11-17,2025-01-26,1,70,8,2026-09-05
40447075385408,7053520240704,Loungefly Disney Lilo & Stitch Ducklings Buckle Mini Backpack,Backpack|Backpacks|Lilo & Stitch|Loungefly,72.99,2024-11-17,2025-05-07,1,171,8,2026-09-05
40447078039616,7053522763840,Loungefly Disney Alice in Wonderland White Rabbit Pocket Watch Figural Crossbody Bag,Alice in Wonderland|Loungefly,64.99,2024-11-17,,0,657,8,2026-09-05
40450695430208,7055279063104,Freddy Funko Pop! Eddy Funko (Funko Fusion) #1010,Funko Fusion|Funko Pops!|Video Games,24.99,2024-11-22,2024-12-07,1,15,1,2026-09-05
40451934289984,7055436513344,Game of Thrones - Jon Snow #49,Funko Pops!|Game of Thrones|Movies & TV,17.99,2024-11-23,2025-02-22,1,91,5,2026-09-05
40451934945344,7055436906560,Game of Thrones - Petyr Baelish #29,Funko Pops!|Game of Thrones|Movies & TV,27.99,2024-11-23,,0,651,5,2026-09-05
40451935502400,7055437398080,Game of Thrones - Cersei Lannister #11,Funko Pops!|Game of Thrones|Movies & TV,29.99,2024-11-23,2025-10-18,1,329,5,2026-09-05
40451935862848,7055437594688,Game of Thrones - Daenerys Targaryen #25,Funko Pops!|Game of Thrones|Movies & TV,16.99,2024-11-23,2026-05-16,1,539,5,2026-09-05
40451935928384,7055437627456,Game of Thrones - Samwell Tarly #27,Funko Pops!|Game of Thrones|Movies & TV,31.99,2024-11-23,2026-02-18,1,452,5,2026-09-05
40452064739392,7055477112896,Disney Loungefly Lilo & Stitch Halloween Trick or Treating Mini Backpack GITD,Backpack|Backpacks|Lilo & Stitch|Loungefly,64.99,2024-11-24,,0,650,8,2026-09-05
40452077289536,7055485435968,Loungefly One Piece Thousand Sunny Mini Backpack,Backpack|Backpacks|Loungefly|One Piece,67.99,2024-11-24,2025-07-06,1,224,8,2026-09-05
40452082499648,7055488811072,Our Universe Harry Potter Marauders Map Mini Backpack,Backpack|Backpacks|Harry Potter|Loungefly,67.99,2024-11-24,,0,650,8,2026-09-05
40452134830144,7055503491136,Loungefly Disney The Princess And The Frog Tiana Flower Mini Wallet,Backpack|Loungefly,17.99,2024-11-24,2024-12-17,1,23,8,2026-09-05
40452139941952,7055505391680,Funko Iron Maiden Pop! Rocks Pharaoh Eddie Vinyl Figure #443,Funko Pops!|Music & Pop Culture Icons|Rock,13.99,2024-11-24,,0,650,8,2026-09-05
40452141842496,7055505883200,Loungefly Kuromi Face Mini Flap Wallet,Backpack|Loungefly,21.99,2024-11-24,2025-10-06,1,316,8,2026-09-05
40452168417344,7055518269504,Loungefly Stitch Shoppe Lilo and Stitch Figural Pineapple Crossbody Bag,Lilo & Stitch|Loungefly,69.99,2024-11-24,2025-07-05,1,223,8,2026-09-05
40452179787840,7055526199360,Loungefly Hocus Pocus Exclusive Binx Costume Light Up Glow Mini Backpack,Backpack|Backpacks|Hocus Pocus|Loungefly,76.99,2024-11-24,2024-12-28,1,34,8,2026-09-05
40459662950464,7057777852480,Loungefly Sanrio Kuromi & My Melody Halloween Small Zip Wallet,Backpack|Loungefly,29.99,2024-12-07,2024-12-07,1,0,5,2026-09-05
40459663999040,7057778802752,Loungefly Disney Lilo & Stitch Spider Costume Stitch Figural Small Zip Wallet,Backpack|Lilo & Stitch|Loungefly,29.99,2024-12-07,2025-06-15,1,190,5,2026-09-05
40459664490560,7057779261504,Loungefly Disney Alice in Wonderland Mad Hatter and March Hare Tea Party Wallet,Alice in Wonderland|Backpack|Loungefly,27.99,2024-12-07,2025-05-29,1,173,5,2026-09-05
40459664752704,7057779490880,Loungefly Disney Lilo & Stitch Flower Crown Stitch Figural Mini Backpack,Backpack|Backpacks|Lilo & Stitch|Loungefly,59.99,2024-12-07,2025-12-14,1,372,5,2026-09-05
40459664883776,7057779556416,Our Universe Disney Lilo & Stitch Plush Figural Wallet,Backpack|Lilo & Stitch|Loungefly,29.99,2024-12-07,,0,637,5,2026-09-05
40462627274816,7059255984192,Bleach Ichigo Kurosaki Dangai Pop! Vinyl Figure Figure AAA Anime Exclusive #1729,Anime|Bleach|Funko Pops!,21.99,2024-12-11,2026-04-11,1,486,8,2026-09-05
40462632255552,7059256868928,Space Ghost Coast to Coast Space Ghost with Shark Funko Pop! Plus Vinyl Figure #1770,Funko Pops!,14.99,2024-12-11,2026-01-10,1,395,8,2026-09-05
40462634582080,7059257688128,The Nun II The Nun Funko Pop! Vinyl Figure #1710,Funko Pops!|Horror|The Conjuring Universe|The Nun,13.99,2024-12-11,2025-03-30,1,109,8,2026-09-05
40462636351552,7059258114112,Chainsaw Man Samurai Sword Funko Pop! Vinyl Figure #1763,Anime|Chainsaw Man|Funko Pops!,13.99,2024-12-11,,0,633,8,2026-09-05
40462639923264,7059259129920,One Piece Usopp (2024) Funko Pop! Vinyl Figure #1774,Anime|Funko Pops!|One Piece,13.99,2024-12-11,2026-03-05,1,449,8,2026-09-05
40462641987648,7059259818048,One Piece Sanji (2024) Funko Pop! Vinyl Figure #1773,Anime|Funko Pops!|One Piece,13.99,2024-12-11,2024-12-28,1,17,8,2026-09-05
40462642905152,7059260080192,One Piece Nami Crying (2024) Funko Pop! Vinyl Figure #1772,Anime|Funko Pops!|One Piece,13.99,2024-12-11,2026-05-30,1,535,8,2026-09-05
40462645755968,7059260997696,The Adventures of Ichabod and Mr. Toad Headless Horseman Deluxe Funko Pop! Ride #1497,Funko Pops!,31.99,2024-12-11,,0,633,8,2026-09-05
40464230056000,7059604504640,NFL Legends Bart Starr Funko Pop! Vinyl Figure #116,Funko Pops!|NFL|Sports,13.99,2024-12-14,,0,630,12,2026-09-05
40464232185920,7059604668480,NFL Legends Jerome Bettis Funko Pop! Vinyl Figure #117,Funko Pops!|NFL|Sports,13.99,2024-12-14,2024-12-21,1,7,12,2026-09-05
40464234119232,7059604865088,NFL Saints Drew Brees (Super Bowl Champions XLIV) Funko Pop! Vinyl Figure #138,Funko Pops!|NFL|Sports,13.99,2024-12-14,2024-12-14,1,0,12,2026-09-05
40464236970048,7059605127232,Spongebob Squarepants Spongebob Rainbow Funko Pop! Vinyl Figure #558,Animation|Funko Pops!|More Animation,13.99,2024-12-14,2025-01-11,1,28,12,2026-09-05
40464237330496,7059605291072,NFL Rams Aaron Donald Funko Pop! Vinyl Figure #130,Funko Pops!|NFL|Sports,13.99,2024-12-14,2024-12-26,1,12,12,2026-09-05
40464237723712,7059605487680,The Boys Queen Maeve Funko Pop! Vinyl Figure #982,Funko Pops!|More Movies & TV|Movies & TV,13.99,2024-12-14,2025-01-26,1,43,12,2026-09-05
40464237756480,7059605520448,The Boys Hughie Funko Pop! Vinyl Figure #979,Funko Pops!|More Movies & TV|Movies & TV,13.99,2024-12-14,2025-01-26,1,43,12,2026-09-05
40464247160896,7059606110272,Star Wars: Ahsoka Tano Funko Pop! Vinyl Figure #650,Funko Pops!|Movies & TV|Star Wars,13.99,2024-12-14,2025-08-30,1,259,12,2026-09-05
40464251289664,7059606437952,Star Wars: Ahsoka C1-10P (Chopper) Funko Pop! Vinyl Figure #654,Funko Pops!|Star Wars,13.99,2024-12-14,2025-07-19,1,217,12,2026-09-05
40464251584576,7059606667328,WWE The Usos: Jey Uso and Jimmy Uso Funko Pop! Vinyl Figure 2-Pack,Funko Pops!|Sports|WWE,29.99,2024-12-14,2025-05-30,1,167,12,2026-09-05
40464251912256,7059606798400,Gremlins 40th Anniversary Gizmo Mini Backpack,Backpack|Backpacks|Loungefly,80.00,2024-12-14,2025-09-20,1,280,12,2026-09-05
40464252272704,7059606831168,One Piece Straw Hat Pirates Mini-Backpack,Backpack|Backpacks|Loungefly|One Piece,72.99,2024-12-14,2025-06-08,1,176,12,2026-09-05
40466740019264,7060627161152,Supernatural Pop! Sam Winchester #1644,Funko Pops!|More Movies & TV|Movies & TV,25.99,2024-12-18,2025-02-16,1,60,1,2026-09-05
40468236206144,7061084962880,WWE Beth Phoenix Funko Pop! Vinyl Figure #127,Funko Pops!|Sports|WWE,13.99,2024-12-19,,0,625,15,2026-09-05
40468236271680,7061085028416,WWE Beth Phoenix Funko Pop! Vinyl Figure #127 (CHASE),Funko Pops!|Sports|WWE,39.99,2024-12-19,,0,625,15,2026-09-05
40468236533824,7061085126720,Demon Slayer: Kimetsu no Yaiba Inosuke Hashibira Funko Pocket Pop! Key Chain,Backpack|Demon Slayer|funko|Funko Pop|Keychain|Loungefly,6.99,2024-12-19,2025-03-15,1,86,15,2026-09-05
40468236566592,7061085159488,Demon Slayer: Kimetsu no Yaiba Tanjiro Kamado Funko Pocket Pop! Key Chain,Backpack|Demon Slayer|funko|Funko Pop|Keychain|Loungefly,6.99,2024-12-19,,0,625,15,2026-09-05
40468237058112,7061085290560,Demon Slayer: Kimetsu no Yaiba Zenitsu Agatsuma Funko Pocket Pop! Key Chain,Demon Slayer|funko|Funko Pop|Keychain,6.99,2024-12-19,2025-11-22,1,338,15,2026-09-05
40468237287488,7061085356096,Demon Slayer: Kimetsu no Yaiba Nezuko Kamado Funko Pocket Pop! Key Chain,Backpack|Demon Slayer|funko|Funko Pop|Keychain|Loungefly,6.99,2024-12-19,2025-08-24,1,248,15,2026-09-05
40468238565440,7061086011456,The Lord of the Rings: The War of the Rohirrim Hera Funko Pop! Vinyl Figure #1836,Funko Pops!|Lord of the Rings|Movies & TV,13.99,2024-12-19,,0,625,15,2026-09-05
40468238925888,7061086273600,The Lord of the Rings: The War of the Rohirrim Helm Hammerhand Funko Pop! Vinyl Figure #1835,Funko Pops!|Lord of the Rings|Movies & TV,13.99,2024-12-19,,0,625,15,2026-09-05
40468239056960,7061086437440,The Lord of the Rings: The War of the Rohirrim Wulf Funko Pop! Vinyl Figure #1837,Funko Pops!|Lord of the Rings|Movies & TV,13.99,2024-12-19,,0,625,15,2026-09-05
40468239974464,7061086994496,Agatha Harkness Funko Pop! Vinyl Figure #1471,Funko Pops!|Marvel|More Marvel Comics,13.99,2024-12-19,2024-12-19,1,0,15,2026-09-05
40468240400448,7061087322176,Agatha Death Funko Pop! Vinyl Figure #1472,Funko Pops!|Marvel|More Marvel Comics,13.99,2024-12-19,2024-12-19,1,0,15,2026-09-05
40468240597056,7061087551552,Agatha Wiccan Funko Pop! Vinyl Figure #1473,Funko Pops!|Marvel|More Marvel Comics,13.99,2024-12-19,2024-12-19,1,0,15,2026-09-05
40468241449024,7061088206912,Spider-Man Comics Miles Morales Iron Spider Funko Pop! Vinyl Figure #1448,Funko Pops!|Marvel|Spider-Man,13.99,2024-12-19,2025-06-28,1,191,15,2026-09-05
40468242432064,7061089419328,Spider-Man Comics Miles Morales Iron Spider Funko Pop! Vinyl Figure #1448 (Chase),Funko Pops!|Marvel|Spider-Man,29.99,2024-12-19,2025-01-24,1,36,15,2026-09-05
40468259143744,7061092925504,One Piece Luffy (2024) Funko Pop! Vinyl Figure #1771,Anime|Funko Pops!|One Piece,14.99,2024-12-19,2026-05-02,1,499,15,2026-09-05
40470003187776,7061728559168,The Muppets - ANIMAL #13,Funko Pops!,24.99,2024-12-22,2025-02-08,1,48,3,2026-09-05
40470014787648,7061730689088,Lilo & Stitch - Stitch Unwrapping Gift #1522,Disney|Funko Pops!|Lilo & Stitch,16.99,2024-12-22,,0,622,3,2026-09-05
40470021079104,7061733179456,Marvel Spider-Man Last Stand PX Exclusive #1450,Funko Pops!|Marvel|Spider-Man,15.99,2024-12-22,2025-05-28,1,157,3,2026-09-05
40476607053888,7064234098752,Lilo & Stitch in Hammock #1200,Disney|Funko Pops!|Lilo & Stitch,34.99,2025-01-01,,0,612,3,2026-09-05
40476607119424,7064234131520,Toy Story - Wood with RC #56,Disney|Funko Pops!|Toy Story,49.99,2025-01-01,2026-06-20,1,535,3,2026-09-05
40476607184960,7064234164288,Peter Pan at the Peter Pan's Flight Attraction #94,Disney|Funko Pops!|Peter Pan,19.99,2025-01-01,,0,612,3,2026-09-05
40477857775680,7064466653248,Star Wars Rebels - Sabine (Masked) #131,Funko Pops!|Movies & TV|Star Wars,41.99,2025-01-04,,0,609,36,2026-09-05
40477857841216,7064466686016,FLCL - Mamimi and Takkun #459,Anime|Funko Pops!|More Anime Favorites,15.99,2025-01-04,2025-06-25,1,172,36,2026-09-05
40477859479616,7064467669056,Fullmetal Alchemist - Alex Armstrong #433,Anime|Fullmetal Alchemist|Funko Pops!,64.99,2025-01-04,2025-08-16,1,224,36,2026-09-05
40477861576768,7064468422720,Destiny - Cayde-6 (Golden Gun) GITD #341,Funko Pops!|More Video Games|Video Games,36.99,2025-01-04,2025-10-17,1,286,36,2026-09-05
40477861707840,7064468488256,Fallout 4 - Power Armor (T-60) #78,Fallout|Funko Pops!|Video Games,30.99,2025-01-04,,0,609,36,2026-09-05
40477862035520,7064468717632,Disney - Smee #278,Disney|Funko Pops!|Peter Pan,39.99,2025-01-04,2026-02-19,1,411,36,2026-09-05
40477862461504,7064468979776,Destiny - Emperor Calus #344,Funko Pops!|More Video Games|Video Games,24.99,2025-01-04,2026-03-22,1,442,36,2026-09-05
40477863673920,7064470093888,Ghost Files Yu Yu Hakusho - Yoko Kurama #857,Anime|Funko Pops!|More Anime Favorites,31.99,2025-01-04,,0,609,36,2026-09-05
40477863968832,7064470224960,Fairy Tail - Swim Time Happy #286,Anime|Fairy Tail|Funko Pops!,32.99,2025-01-04,2025-02-22,1,49,36,2026-09-05
40477864296512,7064470388800,Cuphead - Cuphead (Spilling) #315,Cuphead|Funko Pops!|Video Games,29.99,2025-01-04,2025-02-13,1,40,36,2026-09-05
40478032068672,7064497717312,Loungefly - Chainsaw Man Pochita Plush Backpack,Backpack|Backpacks|Chainsaw Man|Loungefly,67.99,2025-01-04,2025-07-06,1,183,36,2026-09-05
40478032199744,7064497782848,Loungefly Disney Donald Duck Exclusive 90th Anniversary Metallic Zip Around Wallet,Backpack|Loungefly,31.00,2025-01-04,,0,609,36,2026-09-05
40478032265280,7064497815616,Star Wars - Darth Maul #410,Funko Pops!|Movies & TV|Star Wars,15.99,2025-01-04,2025-06-19,1,166,36,2026-09-05
40478032396352,7064497881152,Marvel - Peter Parker/Spider-Man #1432,Funko Pops!|Marvel|Spider-Man,14.99,2025-01-04,2026-05-09,1,490,36,2026-09-05
40478032527424,7064497946688,Disney Pop! Stitch with Dreidel #1500,Disney|Funko Pops!|Lilo & Stitch,34.99,2025-01-04,,0,609,36,2026-09-05
40478032592960,7064497979456,Star Wars Pop! Ahsoka Tano w/Lightsaber #658,Funko Pops!|Movies & TV|Star Wars,17.99,2025-01-04,2025-10-04,1,273,36,2026-09-05
40478033936448,7064499191872,The Black Phone Pop! The Grabber (Red Molding) #1490,Funko Pops!|More Movies & TV|Movies & TV,21.99,2025-01-04,2025-02-13,1,40,36,2026-09-05
40478034493504,7064499454016,Inuyasha Pop! Sesshomaru's Mother #1595,Anime|Funko Pops!|Inuyasha,24.99,2025-01-04,2025-10-25,1,294,36,2026-09-05
40478035017792,7064499683392,Shrek Pop! Puss in Boots (Sepia) #1596,Animation|Funko Pops!|More Animation,13.99,2025-01-04,2026-01-31,1,392,36,2026-09-05
40478035148864,7064499781696,Stranger Things Pop! 001 (Vaporizing) #1559,Funko Pops!|Movies & TV|Stranger Things,13.99,2025-01-04,,0,609,36,2026-09-05
40478069882944,7064509481024,Bleach Pop! Uryu Ishida #1696,Anime|Bleach|Funko Pops!,13.99,2025-01-04,,0,609,36,2026-09-05
40478071717952,7064509939776,Yu-Gi-Oh Pop! Dark Magician #595,Anime|Funko Pops!|Yu-Gi-Oh,59.99,2025-01-04,,0,609,36,2026-09-05
40478073421888,7064510201920,Scott Pilgrim US THE WORLD - Scott Pilgrim #333,Funko Pops!|More Movies & TV|Movies & TV,42.99,2025-01-04,2025-08-24,1,232,36,2026-09-05
40478076469312,7064510890048,Scott Pilgrim - Nega Scott #470,Funko Pops!|More Movies & TV|Movies & TV,34.99,2025-01-04,2025-02-13,1,40,36,2026-09-05
40478076665920,7064510988352,Disney Nightmare Before Christmas - Pajama Jack #205,Disney|Funko Pops!|Holiday|The Nightmare Before Christmas,16.99,2025-01-04,,0,609,36,2026-09-05
40478076796992,7064511053888,Destiny - Dominus Ghaul #343,Funko Pops!|More Video Games|Video Games,21.99,2025-01-04,2026-03-22,1,442,36,2026-09-05
40478076928064,7064511152192,FLCL - Haruko #456,Anime|Funko Pops!|More Anime Favorites,19.99,2025-01-04,2025-03-30,1,85,36,2026-09-05
40478077059136,7064511217728,One Punch Man - Genos #258,Anime|Funko Pops!|More Anime Favorites,79.99,2025-01-04,,0,609,36,2026-09-05
40478077222976,7064511283264,Yu Yu Hakusoho - HIEI #547,Anime|Funko Pops!|More Anime Favorites,65.99,2025-01-04,,0,609,36,2026-09-05
40478077354048,7064511348800,Scott Pilgrim (Toys R Us Exclusive) #336,Funko Pops!|More Movies & TV|Movies & TV,81.99,2025-01-04,2025-01-10,1,6,36,2026-09-05
40478077616192,7064511479872,Attack on Titan - Beast Titan (HT Exclusive) #504,Anime|Attack on Titan|Funko Pops!,142.99,2025-01-04,,0,609,36,2026-09-05
40478077747264,7064511545408,Bleach - ICHIGO #59,Anime|Bleach|Funko Pops!,112.99,2025-01-04,,0,609,36,2026-09-05
40478078337088,7064511840320,Bleach - Renji #348,Anime|Bleach|Funko Pops!,89.99,2025-01-04,2025-01-08,1,4,36,2026-09-05
40478078402624,7064511873088,Bleach - GRIMMJOW #349,Anime|Bleach|Funko Pops!,216.99,2025-01-04,2025-01-10,1,6,36,2026-09-05
40478081220672,7064512036928,Scooby Doo - Velma #151,Animation|Funko Pops!|More Animation,81.99,2025-01-04,2025-01-04,1,0,36,2026-09-05
40478081286208,7064512069696,Scooby Doo - Daphne #152,Animation|Funko Pops!|More Animation,44.99,2025-01-04,2025-01-04,1,0,36,2026-09-05
40484329816128,7066078478400,Lucifer Pop! Lucifer w/Angel Wings #1590,Funko Pops!|More Movies & TV|Movies & TV,29.99,2025-01-12,2025-02-22,1,41,2,2026-09-05
40484329914432,7066078543936,Demon Slayer Pop! Spider Demon Father #1686,Anime|Demon Slayer|Funko Pops!,29.99,2025-01-12,2025-08-24,1,224,2,2026-09-05
40497657380928,7076845781056,NFL Browns Myles Garrett (Home Uniform) Funko Pop! Vinyl Figure #161,Funko Pops!|NFL|Sports,14.99,2025-01-16,2025-01-25,1,9,9,2026-09-05
40497669242944,7076856954944,Star Wars: The Mandalorian Grogu Force Barrier Funko Pop! Moment #719,Funko Pops!|Movies & TV|Star Wars,34.99,2025-01-16,,0,597,9,2026-09-05
40497684807744,7076872257600,Rocky III Rocky Balboa Funko Pop! Vinyl Figure #1713,Funko Pops!|More Movies & TV|Movies & TV,13.99,2025-01-16,,0,597,9,2026-09-05
40497693687872,7076881236032,Rocky III Clubber Lang Funko Pop! Vinyl Figure #1714,Funko Pops!|More Movies & TV|Movies & TV,13.99,2025-01-16,,0,597,9,2026-09-05
40498008588352,7077185421376,Rocky IV Ivan Drago Funko Pop! Vinyl Figure #1715,Funko Pops!|More Movies & TV|Movies & TV,13.99,2025-01-16,2025-08-10,1,206,9,2026-09-05
40498045681728,7077220384832,Cinderella 75th Anniversary Cinderella Funko Pop! Vinyl Figure #1542,Cinderella|Disney|Funko Pops!,13.99,2025-01-16,,0,597,9,2026-09-05
40498050531392,7077225201728,Cinderella 75th Anniversary Fairy Godmother Funko Pop! Vinyl Figure #1543,Cinderella|Disney|Funko Pops!,13.99,2025-01-16,2026-08-08,1,569,9,2026-09-05
40498058526784,7077233098816,Cinderella 75th Anniversary Jaq & Gus Gus in Teacup Funko Pop! Vinyl Figure #1544,Cinderella|Disney|Funko Pops!,13.99,2025-01-16,2025-08-02,1,198,9,2026-09-05
40498063736896,7077238145088,Cinderella 75th Anniversary Prince Charming with Glass Slipper Funko Pop! Vinyl Figure #1545,Cinderella|Disney|Funko Pops!,13.99,2025-01-16,2026-03-27,1,435,9,2026-09-05
40503929667648,7082417455168,Miguel Cabrera 2000 Topps Chrome Traded Baseball Rookie #T40 PSA Mint 9,,260.00,2025-01-18,,0,595,1,2026-09-05
40524423790656,7099295531072,Sleeping Beauty Stained Glass Castle Mini Backpack,Backpack|Backpacks|Loungefly|Sleeping Beauty,67.99,2025-01-24,2026-01-08,1,349,1,2026-09-05
40526010187840,7099540013120,Funko Pop! Games Five Nights at Freddy's Chica Vinyl Figure #1063,Five Nights at Freddy's|Funko Pops!|Video Games,14.99,2025-01-26,2025-06-18,1,143,3,2026-09-05
40526018084928,7099542405184,Funko Pop! Games Five Nights at Freddy's Foxy Vinyl Figure #1062,Five Nights at Freddy's|Funko Pops!|Video Games,14.99,2025-01-26,2025-06-18,1,143,3,2026-09-05
40526022934592,7099545190464,Funko Pop! Games Five Nights at Freddy's Freddy Fazbear Vinyl Figure #1060,Five Nights at Freddy's|Funko Pops!|Video Games,14.99,2025-01-26,2025-09-28,1,245,3,2026-09-05
40528842948672,7100424486976,Casino Sam Rothstein Funko Pop! Vinyl Figure #1862,Funko Pops!|More Movies & TV|Movies & TV,13.99,2025-01-31,2026-08-20,1,566,11,2026-09-05
40528843210816,7100424650816,Casino Nicky Santoro Funko Pop! Vinyl Figure #1861,Funko Pops!|More Movies & TV|Movies & TV,13.99,2025-01-31,2026-08-20,1,566,11,2026-09-05
40528843309120,7100424716352,Casino Ginger McKenna Funko Pop! Vinyl Figure #1860,Funko Pops!|More Movies & TV|Movies & TV,13.99,2025-01-31,2026-08-20,1,566,11,2026-09-05
40528843767872,7100425142336,Tupac Shakur (California Love) Funko Pop! Vinyl Figure #446,Funko Pops!|Hip-hop|Music & Pop Culture Icons,16.99,2025-01-31,2025-03-02,1,30,11,2026-09-05
40528843997248,7100425273408,The Notorious B.I.G. Summer '95 Funko Pop! Vinyl Figure #436,Funko Pops!|Hip-hop|Music & Pop Culture Icons,13.99,2025-01-31,2025-03-02,1,30,11,2026-09-05
40528844193856,7100425404480,Dragon Ball Super: Broly Gogeta Funko Pop! Vinyl Figure #1863,Anime|Dragon Ball|Funko Pops!,14.99,2025-01-31,2025-02-08,1,8,11,2026-09-05
40528844423232,7100425633856,Dragon Ball Super: Broly Gogeta Funko Pop! Vinyl Figure (CHASE) #1863,Anime|Dragon Ball|Funko Pops!,59.99,2025-01-31,2025-02-12,1,12,11,2026-09-05
40528844881984,7100425764928,Dumbo Mrs. Jumbo with Dumbo Super 5-Inch Funko Pop! Vinyl Figure #1537,Funko Pops!,31.99,2025-01-31,2025-07-06,1,156,11,2026-09-05
40528844980288,7100425830464,Funko Fusion Cylon Funko Pop! Vinyl Figure #998,Funko Fusion|Funko Pops!|Video Games,13.99,2025-01-31,,0,582,11,2026-09-05
40528845668416,7100426223680,Funko Fusion Cylon Funko Pop! Vinyl Figure (CHASE) #998,Funko Fusion|Funko Pops!|Video Games,41.99,2025-01-31,2025-04-02,1,61,11,2026-09-05
40528849535040,7100426780736,Funko Fusion The Blair Monster Deluxe Funko Pop! Vinyl Figure #995,Funko Fusion|Funko Pops!|Video Games,29.99,2025-01-31,,0,582,11,2026-09-05
40529252155456,7100499263552,Alien: Romulus Scorched Xenomorph Super Funko Pop! Vinyl Figure #1617,Funko Pops!|More Movies & TV|Movies & TV,26.99,2025-02-01,2025-05-11,1,99,33,2026-09-05
40529252778048,7100499361856,Deadpool & Wolverine Deadpool with Swords Funko Pop! Vinyl Figure #1362,Deadpool|Funko Pops!|Marvel,14.99,2025-02-01,2025-12-20,1,322,33,2026-09-05
40529253040192,7100499492928,Deadpool & Wolverine Dogpool Funko Pop! Vinyl Figure #1401,Deadpool|Funko Pops!|Marvel,14.99,2025-02-01,2025-03-21,1,48,33,2026-09-05
40529253204032,7100499591232,Pretty in Pink Duckie Dale Funko Pop! Vinyl Figure #1721,Funko Pops!|More Movies & TV|Movies & TV,13.99,2025-02-01,2025-07-19,1,168,33,2026-09-05
40529253367872,7100499689536,Pretty in Pink Andie Walsh Funko Pop! Vinyl Figure #1720,Funko Pops!|More Movies & TV|Movies & TV,13.99,2025-02-01,2025-07-19,1,168,33,2026-09-05
40529255432256,7100499755072,Sixteen Candles Samantha Baker Funko Pop! Vinyl Figure #1722,Funko Pops!|More Movies & TV|Movies & TV,13.99,2025-02-01,2025-03-08,1,35,33,2026-09-05
40529257267264,7100499918912,Sixteen Candles Jake Ryan Funko Pop! Vinyl Figure #1723,Funko Pops!|More Movies & TV|Movies & TV,13.99,2025-02-01,2025-03-08,1,35,33,2026-09-05
40529257594944,7100500017216,Sonic the Hedgehog Rouge Funko Pop! Vinyl Figure #1057,Funko Pops!|Sonic the Hedgehog|Video Games,13.99,2025-02-01,2025-07-06,1,155,33,2026-09-05
40529257660480,7100500049984,Sonic the Hedgehog Treasure Hunter Knuckles Funko Pop! Vinyl Figure #1055,Funko Pops!|Sonic the Hedgehog|Video Games,13.99,2025-02-01,2025-02-07,1,6,33,2026-09-05
40529257791552,7100500115520,Lady and the Tramp 70th Anniversary Tramp with Puppy Funko Pop! Vinyl Figure #1554,Disney|Funko Pops!|Lady and the Tramp,13.99,2025-02-01,,0,581,33,2026-09-05
40529257857088,7100500148288,Lady and the Tramp 70th Anniversary Lady with Puppy Funko Pop! Vinyl Figure #1553,Disney|Funko Pops!|Lady and the Tramp,13.99,2025-02-01,2025-03-20,1,47,33,2026-09-05
40529257922624,7100500181056,Rainbow Brite Red Butler and Sprite Funko Pop! Vinyl Figure and Buddy #1795,Animation|Funko Pops!|More Animation,13.99,2025-02-01,2026-04-18,1,441,33,2026-09-05
40529258053696,7100500246592,Rainbow Brite and Sprite Funko Pop! Vinyl Figure and Buddy #1796,Animation|Funko Pops!|More Animation,13.99,2025-02-01,2025-02-05,1,4,33,2026-09-05
40529258119232,7100500279360,Rainbow Brite Patty O'Green and Sprite Funko Pop! Vinyl Figure and Buddy #1793,Animation|Funko Pops!|More Animation,13.99,2025-02-01,2026-04-18,1,441,33,2026-09-05
40529258184768,7100500312128,Rainbow Brite Indigo and Sprite Funko Pop! Vinyl Figure and Buddy #1792,Animation|Funko Pops!|More Animation,13.99,2025-02-01,2026-04-18,1,441,33,2026-09-05
40529259397184,7100500443200,Hello Kitty and Friends Tuxedo Sam (Ice Cream) Funko Pop! Vinyl Figure #102,Anime|Funko Pops!|More Anime Favorites,13.99,2025-02-01,2025-03-25,1,52,33,2026-09-05
40529259462720,7100500475968,Hello Kitty and Friends My Melody (Ice Cream) Funko Pop! Vinyl Figure #103,Anime|Funko Pops!|More Anime Favorites,13.99,2025-02-01,2025-06-07,1,126,33,2026-09-05
40529259626560,7100500574272,Hello Kitty and Friends Kuromi (Ice Cream) Funko Pop! Vinyl Figure #101,Anime|Funko Pops!|More Anime Favorites,13.99,2025-02-01,2025-03-22,1,49,33,2026-09-05
40529259757632,7100500607040,Hello Kitty and Friends Hello Kitty (Ice Cream) Funko Pop! Vinyl Figure #99,Anime|Funko Pops!|More Anime Favorites,13.99,2025-02-01,2025-07-19,1,168,33,2026-09-05
40529260347456,7100500705344,Hello Kitty and Friends Cinnamoroll (Ice Cream) Funko Pop! Vinyl Figure #100,Anime|Funko Pops!|More Anime Favorites,13.99,2025-02-01,,0,581,33,2026-09-05
40529260478528,7100500803648,The Lord of the Rings Arwen Coronation Funko Pop! Vinyl Figure #1745,Funko Pops!|Lord of the Rings|Movies & TV,14.99,2025-02-01,2025-04-26,1,84,33,2026-09-05
40529260838976,7100501065792,The Lord of the Rings Nazgul Funko Pop! Vinyl Figure #1744,Funko Pops!|Lord of the Rings|Movies & TV,13.99,2025-02-01,2025-02-16,1,15,33,2026-09-05
40529260904512,7100501098560,The Lord of the Rings Eowyn (Battle) Funko Pop! Vinyl Figure #1743,Funko Pops!|Lord of the Rings|Movies & TV,13.99,2025-02-01,2025-04-26,1,84,33,2026-09-05
40529261002816,7100501164096,Deadpool & Wolverine X-23 with Sunglasses Funko Pop! Vinyl Figure #1497,Deadpool|Funko Pops!|Marvel,13.99,2025-02-01,2025-02-21,1,20,33,2026-09-05
40529261133888,7100501229632,Deadpool & Wolverine Gambit Funko Pop! Vinyl Figure #1496,Deadpool|Funko Pops!,13.99,2025-02-01,2025-02-21,1,20,33,2026-09-05
40529261232192,7100501262400,Deadpool & Wolverine Blade Funko Pop! Vinyl Figure #1495,Deadpool|Funko Pops!|Marvel,13.99,2025-02-01,2025-02-21,1,20,33,2026-09-05
40529261559872,7100501327936,Jem and the Holograms Synergy Funko Pop! Vinyl Figure #1791,Animation|Funko Pops!|Jem and the Holograms,13.99,2025-02-01,,0,581,33,2026-09-05
40529261625408,7100501360704,Jem and the Holograms Shana Elmsford Funko Pop! Vinyl Figure #1790,Animation|Funko Pops!|Jem and the Holograms,13.99,2025-02-01,,0,581,33,2026-09-05
40529261690944,7100501393472,Jem and the Holograms Kimber Benton Funko Pop! Vinyl Figure #1789,Animation|Funko Pops!|Jem and the Holograms,13.99,2025-02-01,,0,581,33,2026-09-05
40529261756480,7100501426240,Jem and the Holograms Jem Funko Pop! Vinyl Figure #1788,Animation|Funko Pops!|Jem and the Holograms,13.99,2025-02-01,2025-02-05,1,4,33,2026-09-05
40529261822016,7100501459008,Jem and the Holograms Aja Leith Funko Pop! Vinyl Figure #1787,Animation|Funko Pops!|Jem and the Holograms,13.99,2025-02-01,,0,581,33,2026-09-05
40529261985856,7100501557312,Halloween Michael Myers Returns Mini-Backpack,Backpack|Backpacks|Loungefly|Nightmare on Elm Street,72.99,2025-02-01,2025-06-04,1,123,33,2026-09-05
40529262346304,7100501688384,Coraline 15th Anniversary Coraline in Tunnel Deluxe Funko Pop! Vinyl Figure #1643,Funko Pops!|More Movies & TV|Movies & TV,29.99,2025-02-01,2025-03-08,1,35,33,2026-09-05
40532010401856,7101070770240,Ghostbusters: The Real Ghostbusters Winston Zeddemore Funko Pop! Vinyl Figure #1782,Animation|Funko Pops!|Ghostbusters,12.99,2025-02-05,2025-06-27,1,142,6,2026-09-05
40532013121600,7101071687744,Ghostbusters: The Real Ghostbusters Egon Spengler Funko Pop! Vinyl Figure #1783,Animation|Funko Pops!|Ghostbusters,12.99,2025-02-05,2025-06-27,1,142,6,2026-09-05
40532019413056,7101072736320,Ghostbusters: The Real Ghostbusters Ray Stantz Funko Pop! Vinyl Figure #1784,Animation|Funko Pops!|Ghostbusters,12.99,2025-02-05,2025-06-27,1,142,6,2026-09-05
40532022984768,7101073555520,Ghostbusters: The Real Ghostbusters Venkman Funko Pop! Vinyl Figure and Slimer Buddy #1785,Animation|Funko Pops!|Ghostbusters,13.99,2025-02-05,2025-06-27,1,142,6,2026-09-05
40532092977216,7101084663872,Five Nights at Freddy's 10th Anniversary Funko Mystery Minis Mini-Figure,Five Nights at Freddy's|Funko Pops!|Video Games,7.49,2025-02-05,2025-03-06,1,29,6,2026-09-05
40532130562112,7101102751808,Funko Fusion The Blair Monster Deluxe Funko Pop! Vinyl Figure #995 (CHASE),Funko Fusion|Funko Pops!|Video Games,59.99,2025-02-05,,0,577,6,2026-09-05
40532417642560,7101177593920,Adventure Time Ultimate Wizard Finn Funko Pop! Vinyl Figure #1077,Animation|Cartoon Network|Funko Pops!|More Animation,13.99,2025-02-06,2025-02-16,1,10,10,2026-09-05
40532432814144,7101180248128,The Lord of the Rings Cave Troll Super Funko Pop! Vinyl Figure #1580,Funko Pops!|Lord of the Rings|Movies & TV,37.99,2025-02-06,2025-05-25,1,108,10,2026-09-05
40532434583616,7101181820992,FUNKO POP! VINYL: Crayola - Red Crayon #129,Funko Pops!,14.99,2025-02-06,,0,576,10,2026-09-05
40532437631040,7101183787072,Avatar: The Way of Water - Lo'ak #1551,Avatar|Funko Pops!|Movies & TV,12.99,2025-02-06,2025-02-08,1,2,10,2026-09-05
40532439367744,7101185130560,Attack on Titan - Cart Titan #1290,Anime|Attack on Titan|Funko Pops!,26.99,2025-02-06,2025-04-13,1,66,10,2026-09-05
40532468793408,7101195059264,Crayola Colors of Kindness-Hello Sunshine (YELLOW) #214,Funko Pops!,12.99,2025-02-06,,0,576,10,2026-09-05
40532478165056,7101196271680,Crayola Colors of Kindness - Spread your wings #215,Funko Pops!,12.99,2025-02-06,,0,576,10,2026-09-05
40532479443008,7101197254720,Loungefly Mini Backpack - Deadpool,Backpack|Backpacks|Deadpool|Loungefly|Marvel,69.99,2025-02-06,2025-04-11,1,64,10,2026-09-05
40532480655424,7101198336064,LOUNGEFLY DISNEY: CLASSIC BOOKS PINOCCHIO CONVERTIBLE CROSS BODY BAG,Loungefly,56.99,2025-02-06,,0,576,10,2026-09-05
40532487045184,7101204430912,LOUNGEFLY DISNEY: VILLAINS IN THE DARK CROSS BODY BAG,Loungefly,52.99,2025-02-06,,0,576,10,2026-09-05
40535284613184,7102395809856,Loungefly-Care Bears x Universal Monsters Bedtime Bear Mummy Mini Backpack,Backpack|Backpacks|Loungefly,69.99,2025-02-08,,0,574,29,2026-09-05
40535285858368,7102396301376,Loungefly-PIXAR SDCC Limited Edition Heimlich Pop Backpack,Backpack|Backpacks|Loungefly,64.99,2025-02-08,,0,574,29,2026-09-05
40535286939712,7102396891200,A bug's life - Butterfly Heimlich Diamond Collection #1352,Funko Pops!,54.99,2025-02-08,,0,574,29,2026-09-05
40535290380352,7102399447104,Game of Thrones - Ghost #19,Funko Pops!|Game of Thrones|Movies & TV,19.99,2025-02-08,2025-03-30,1,50,29,2026-09-05
40535291592768,7102400036928,SOUTH PARK - Toolshed #20,Animation|Funko Pops!|More Animation,26.99,2025-02-08,2026-04-16,1,432,29,2026-09-05
40535293165632,7102401052736,Lord of the Rings - Sauron #122,Funko Pops!|Lord of the Rings|Movies & TV,22.99,2025-02-08,2025-02-16,1,8,29,2026-09-05
40535294574656,7102401478720,Star Wars - Boba Fett (Wonder Con) #297,Funko Pops!|Movies & TV|Star Wars,12.99,2025-02-08,2026-01-17,1,343,29,2026-09-05
40535294935104,7102401806400,Star Wars - Jannah #315,Funko Pops!|Movies & TV|Star Wars,12.99,2025-02-08,,0,574,29,2026-09-05
40535297654848,7102403543104,Star Wars - Offworld Jawa #351,Funko Pops!|Movies & TV|Star Wars,17.99,2025-02-08,2026-06-06,1,483,29,2026-09-05
40535300571200,7102406099008,Star Wars - Darth Vader in Meditation Chamber #359,Funko Pops!|Movies & TV|Star Wars,12.99,2025-02-08,,0,574,29,2026-09-05
40535303651392,7102406524992,Star wars - Luke Skywalker w/Tauntaun #366,Funko Pops!|Movies & TV|Star Wars,24.99,2025-02-08,,0,574,29,2026-09-05
40535304568896,7102406950976,Star Wars - Jawa #371,Funko Pops!|Movies & TV|Star Wars,12.99,2025-02-08,,0,574,29,2026-09-05
40535305158720,7102407344192,Star Wars - Battle at Echo Base: Chewbacca (Flocked) #374,Funko Pops!|Movies & TV|Star Wars,28.99,2025-02-08,,0,574,29,2026-09-05
40535306371136,7102408294464,Star Wars - Battle at Echo Base: Probe Droid #375,Funko Pops!|Movies & TV|Star Wars,19.99,2025-02-08,,0,574,29,2026-09-05
40535308501056,7102409834560,Star Wars - Battle at Echo Base: Princess Leia #376,Funko Pops!|Movies & TV|Star Wars,26.99,2025-02-08,,0,574,29,2026-09-05
40535312531520,7102412750912,Star wars - Battle at Echo Base: Darth Vader & Snowtrooper #377,Funko Pops!|Movies & TV|Star Wars,28.99,2025-02-08,,0,574,29,2026-09-05
40535314137152,7102413537344,Star Wars - The Child with cup #378,Funko Pops!|Movies & TV|Star Wars,12.99,2025-02-08,2026-08-22,1,560,29,2026-09-05
40535317250112,7102416158784,Star Wars - Moff Gideon (Glows in the Dark) #380,Funko Pops!|Movies & TV|Star Wars,19.99,2025-02-08,,0,574,29,2026-09-05
40535318396992,7102416420928,Star Wars - The Mandalorian with the child #390,Funko Pops!|Movies & TV|Star Wars,15.99,2025-02-08,2025-04-12,1,63,29,2026-09-05
40535319117888,7102416683072,Star Wars - CB-6B (Target Exclusive) #397,Funko Pops!|Movies & TV|Star Wars,12.99,2025-02-08,,0,574,29,2026-09-05
40535320526912,7102417240128,Star Wars M5-R3 (Target Exclusive) #401,Funko Pops!|Movies & TV|Star Wars,12.99,2025-02-08,,0,574,29,2026-09-05
40535321804864,7102417633344,Star Wars - The Mandalorian with the Child #402,Funko Pops!|Movies & TV|Star Wars,12.99,2025-02-08,2025-07-19,1,161,29,2026-09-05
40535324065856,7102418780224,Star Wars - The Mandalorian (Flying with Blaster) #408,Funko Pops!|Movies & TV|Star Wars,14.99,2025-02-08,2026-04-12,1,428,29,2026-09-05
40535326392384,7102419697728,Star Wars - Gar Saxon #411,Funko Pops!|Movies & TV|Star Wars,17.99,2025-02-08,,0,574,29,2026-09-05
40535327309888,7102420156480,Star Wars - Ahsoka (Gamestop Exclusive) #414,Funko Pops!|Movies & TV|Star Wars,13.99,2025-02-08,,0,574,29,2026-09-05
40535327768640,7102420451392,Star Wars - Concept Series Darth Vader #426,Funko Pops!|Movies & TV|Star Wars,13.99,2025-02-08,,0,574,29,2026-09-05
40535328391232,7102420910144,Funko Pop! Vinyl: Marvel - Thanos (Venom) #510,Avengers|Funko Pops!|Marvel,12.99,2025-02-08,2025-05-03,1,84,29,2026-09-05
40535333601344,7102422450240,Gladiator - Maximus #857,Funko Pops!|More Movies & TV|Movies & TV,14.99,2025-02-08,2025-03-26,1,46,29,2026-09-05
40535385669696,7102446338112,Care Bears 40th-Care-A-Lot Bear (CHASE) #1205,Animation|Funko Pops!|More Animation,28.00,2025-02-08,,0,574,29,2026-09-05
40538901741632,7104168001600,One Piece - General Franky (Chalice Exclusive) #1776,Anime|Funko Pops!|One Piece,29.99,2025-02-14,2025-04-09,1,54,7,2026-09-05
40538903281728,7104168296512,Home Alone Harry with Lights #1273,Funko Pops!|More Movies & TV|Movies & TV,23.99,2025-02-14,2025-03-08,1,22,7,2026-09-05
40538903478336,7104168394816,Home Alone Marv with Bow #1271,Funko Pops!|More Movies & TV|Movies & TV,34.99,2025-02-14,,0,568,7,2026-09-05
40539774124096,7104508526656,NFL Dallas Cowboys Micah Parsons (Color) Funko Pop! Vinyl Figure #299,Funko Pops!|NFL|Sports,14.99,2025-02-14,,0,568,7,2026-09-05
40539947532352,7104589037632,NFL Chiefs Travis Kelce (Road) Funko Pop! Vinyl Figure #298,Funko Pops!|NFL|Sports,13.99,2025-02-14,,0,568,7,2026-09-05
40539950809152,7104590807104,NFL New York Jets Garrett Wilson (Color) Funko Pop! Vinyl Figure #302,Funko Pops!|NFL|Sports,13.99,2025-02-14,2026-01-17,1,337,7,2026-09-05
40539960868928,7104594772032,NFL Philadelphia Eagles A.J. Brown (Color) Funko Pop! Vinyl Figure #300,Funko Pops!|NFL|Sports,13.99,2025-02-14,2025-05-23,1,98,7,2026-09-05
40540241887296,7104757661760,Sesame Street - Cookie Monster #1609,Animation|Funko Pops!|More Animation,13.99,2025-02-15,2025-05-04,1,78,11,2026-09-05
40540248473664,7104763494464,One Piece - Kaido Man Beast Form #1624,Anime|Funko Pops!|One Piece,29.99,2025-02-15,2025-12-07,1,295,11,2026-09-05
40540312141888,7104807010368,MLB Dodgers Mookie Betts Funko Pop! Vinyl Figure #92,Funko Pops!|MLB|Sports,13.99,2025-02-15,2025-02-15,1,0,11,2026-09-05
40540729409600,7105137344576,Home Alone - Kevin (YES) #1272,Funko Pops!|More Movies & TV|Movies & TV,24.99,2025-02-15,2025-06-22,1,127,11,2026-09-05
40540735733824,7105139474496,Mickey Mouse Churro Loungefly Mini Backpack - Disney Eats,Backpack|Backpacks|Loungefly,74.99,2025-02-15,,0,567,11,2026-09-05
40540740419648,7105140097088,Loungefly Star Wars Glow-in-the-Dark Loungefly Mini Backpack,Backpack|Backpacks|Loungefly|Star Wars,76.99,2025-02-15,2025-04-23,1,67,11,2026-09-05
40540742221888,7105140949056,Groot Loungefly Mini Backpack Guardians of the Galaxy,Backpack|Backpacks|Guardians of the Galaxy|Loungefly,74.99,2025-02-15,2026-02-25,1,375,11,2026-09-05
40540747137088,7105141932096,Mickey Mouse and Friends Halloween Loungefly,A Goofy Movie|Backpack|Goofy|Loungefly,69.99,2025-02-15,2025-03-02,1,15,11,2026-09-05
40540751331392,7105144651840,Loungefly Peanuts Charlie Brown Cosplay Backpack,Backpack|Backpacks|Loungefly,69.99,2025-02-15,2026-08-26,1,557,11,2026-09-05
40540752052288,7105144979520,Loungefly Sanrio Hello Kitty & Teddy Bear Figural Mini Backpack,Backpack|Backpacks|Loungefly,71.99,2025-02-15,,0,567,11,2026-09-05
40540753887296,7105146191936,Barbie Fun in the Sun Pink Loungefly Backpack,Backpack|Backpacks|Loungefly,71.99,2025-02-15,,0,567,11,2026-09-05
40541162209344,7105301381184,Rick and Morty - Floating Death Crystal Morty #664,Animation|Funko Pops!|Rick and Morty,12.99,2025-02-16,2025-07-16,1,150,11,2026-09-05
40541162307648,7105301413952,Disney Hercules - ZEUS #593,Disney|Funko Pops!|Other Great Disney Movies,12.99,2025-02-16,2026-02-18,1,367,11,2026-09-05
40541162602560,7105301446720,One Piece - Luffy Gear Five (Laughing) #1621,Animation|Anime|Funko Pops!|Game Stop Exclusive|new arrivals|One Piece,16.99,2025-02-16,2025-04-09,1,52,11,2026-09-05
40541165977664,7105301545024,Dune - Paul Atreides #813,Funko Pops!,13.99,2025-02-16,2025-04-05,1,48,11,2026-09-05
40541166174272,7105301774400,Maruto Shippuden - Madara Uchiha GITD #1278,Anime|Funko Pops!|Naruto,19.99,2025-02-16,2025-03-27,1,39,11,2026-09-05
40541168074816,7105303216192,Marvel - Captain America (FACET) #1268,Captain America|Funko Pops!|Marvel,12.99,2025-02-16,,0,566,11,2026-09-05
40541168173120,7105303248960,Harry Potter - Hedwig (Flocked) #76,Funko Pops!|Harry Potter|Movies & TV,24.99,2025-02-16,,0,566,11,2026-09-05
40541168336960,7105303380032,Harry Potter - Hedwig with letter #160,Funko Pops!|Harry Potter|Movies & TV,17.99,2025-02-16,2025-08-17,1,182,11,2026-09-05
40541168533568,7105303511104,"Invincible (Battle Damaged, Bloody) Funko Specialty Series #1502",Funko Pops!|More Movies & TV|Movies & TV,24.99,2025-02-16,2025-03-22,1,34,11,2026-09-05
40541169254464,7105303806016,Bleach - Grimmjow Jeagerjaques #1820,Anime|Bleach|Funko Pops!,13.99,2025-02-16,2026-03-12,1,389,11,2026-09-05
40541169320000,7105303838784,Star Wars - General Grievous w/Battle Damage #646,Funko Pops!|Movies & TV|Star Wars,12.99,2025-02-16,,0,566,11,2026-09-05
40547261382720,7107519414336,One Piece Pop! Arlong AAA Exclussive #1779,Anime|Funko Pops!|One Piece,22.99,2025-02-22,2025-04-18,1,55,26,2026-09-05
40547275669568,7107521118272,Muhammad Ali Pop! Muhammad Ali (Arms Raised) #80,Funko Pops!|More Sports|Sports,24.99,2025-02-22,2025-03-26,1,32,26,2026-09-05
40547287236672,7107523051584,The Thing Pop! Spider Head (Funko Fusion) #994,Fantastic Four|Funko Pops!,26.99,2025-02-22,,0,560,26,2026-09-05
40547306242112,7107525836864,One Piece Pop! Portgas D. Ace (Execution) with Pop! Protector #1818,Animation|Anime|Exclusive|funko|Funko Exclusive|Funko Pop|One Piece,27.99,2025-02-22,2025-03-28,1,34,26,2026-09-05
40547311648832,7107527671872,Disney Pop! Stitch (Concept Art) #1538,Disney|Funko Pops!|Lilo & Stitch,17.99,2025-02-22,2025-03-09,1,15,26,2026-09-05
40547323904064,7107529244736,Beavis and Butthead Pop! Butt-Head (Ghost) #1594,Funko Pops!|More Movies & TV|Movies & TV,22.99,2025-02-22,,0,560,26,2026-09-05
40547333734464,7107532357696,Dragon Ball Pop! Golden Frieza (Metallic) #1816,Anime|Dragon Ball|Funko Pops!,27.99,2025-02-22,,0,560,26,2026-09-05
40547335503936,7107533570112,Naruto Shippuden Pop! Karin (Akatsuki Cloak) #1847,Anime|Funko Pops!|Naruto,27.99,2025-02-22,2025-08-09,1,168,26,2026-09-05
40547337896000,7107534585920,Cartoon Network Pop! Chowder #1732,Animation|Cartoon Network|Funko Pops!|More Animation,21.99,2025-02-22,,0,560,26,2026-09-05
40547343597632,7107536420928,Loungefly Disney The Princess and the Frog Tiana Blue Gown Glitter Cosplay Mini Backpack,Backpack|Backpacks|Loungefly,69.99,2025-02-22,2025-11-26,1,277,26,2026-09-05
40547353362496,7107538387008,Loungefly Marvel Spider-Verse Miles Morales Hoodie Cosplay Lenticular Mini Backpack,Backpack|Backpacks|Loungefly|Marvel|Spider-Man,62.99,2025-02-22,2025-10-16,1,236,26,2026-09-05
40547358179392,7107540222016,Pokémon Pokémon Exclusive Eevee Sequin Cosplay Mini Backpack,Backpack|Backpacks|Loungefly|Pokemon,74.99,2025-02-22,2025-04-30,1,67,26,2026-09-05
40547365453888,7107541991488,Loungefly Pixar Up 15th Anniversary Spirit of Adventure Mini Backpack,Backpack|Backpacks|Loungefly,71.99,2025-02-22,2026-02-05,1,348,26,2026-09-05
40547369549888,7107543171136,Beetlejuice Beetlejuice Exclusive Western Cosplay Mini Backpack,Backpack|Backpacks|Beetlejuice|Loungefly,72.99,2025-02-22,,0,560,26,2026-09-05
40547375218752,7107546120256,Loungefly MLB NY Yankees Patches Mini Backpack,Backpack|Backpacks|Loungefly|MLB,62.99,2025-02-22,2025-06-25,1,123,26,2026-09-05
40547414278208,7107553329216,Naruto Shippuden NYCC Limited Edition Naruto Shippuden Might Guy (Eight Inner Gates) Pop! Backpack,Backpack|Backpacks|Loungefly|Naruto,64.99,2025-02-22,,0,560,26,2026-09-05
40547476799552,7107564011584,"Naruto Shippuden Might Guy Eight Inner Gates (4,000 pieces) 2023 Fall Convention Diamond Collection, 4000pcs #824",Anime|Funko Pops!|Naruto,69.99,2025-02-22,2025-08-08,1,167,26,2026-09-05
40547745628224,7107601006656,Loungefly Friday The 13th I Heart Horror Mini-Backpack,Backpack|Backpacks|Friday the 13th|Loungefly,69.99,2025-02-22,2025-12-07,1,288,26,2026-09-05
40547761848384,7107602251840,Loungefly Friends Central Perk Mini-Backpack,Backpack|Backpacks|Loungefly,69.99,2025-02-22,2025-03-22,1,28,26,2026-09-05
40547823648832,7107611033664,Loungefly Pinky and the Brain Take Over the World Mini-Backpack - EE Exclusive,Backpack|Backpacks|Loungefly,67.99,2025-02-22,,0,560,26,2026-09-05
40548670931008,7107801645120,The Breakfast Club Allison Funko Pop! Vinyl Figure #1655,Funko Pops!|More Movies & TV|Movies & TV,13.99,2025-02-22,2025-06-08,1,106,26,2026-09-05
40548671586368,7107802103872,The Breakfast Club Andrew Funko Pop! Vinyl Figure #1656,Funko Pops!|More Movies & TV|Movies & TV,13.99,2025-02-22,2025-06-08,1,106,26,2026-09-05
40548674175040,7107802267712,The Breakfast Club Claire Funko Pop! Vinyl Figure #1659,Funko Pops!|More Movies & TV|Movies & TV,13.99,2025-02-22,2025-06-08,1,106,26,2026-09-05
40548674338880,7107802366016,The Breakfast Club Brian Funko Pop! Vinyl Figure #1658,Funko Pops!|More Movies & TV|Movies & TV,13.99,2025-02-22,2025-06-08,1,106,26,2026-09-05
40548674961472,7107802693696,Futurama Bender Funko Pop! Vinyl Figure #1757 - Specialty Series,Funko Pops!|More Movies & TV|Movies & TV,16.99,2025-02-22,2025-03-22,1,28,26,2026-09-05
40548678434880,7107803316288,Chase Futurama Bender Funko Pop! Vinyl Figure #1757 - Specialty Series,Funko Pops!|More Movies & TV|Movies & TV,49.99,2025-02-22,2025-08-31,1,190,26,2026-09-05
40549040095296,7107894476864,Loungefly Funko Star Wars Yoda Figural Backpack,Backpack|Backpacks|Loungefly|Star Wars,66.99,2025-02-23,,0,559,17,2026-09-05
40549049892928,7107896770624,Loungefly Disney Pixar WALL-E Figural WALL-E with Trash Mini Backpack,Backpack|Backpacks|Loungefly,74.99,2025-02-23,2025-05-03,1,69,17,2026-09-05
40549056086080,7107898015808,Loungefly Disney The Nightmare Before Christmas Clown Cosplay Womens Double Strap Shoulder,Backpack|Loungefly|The Nightmare Before Christmas,74.99,2025-02-23,2025-10-07,1,226,17,2026-09-05
40549059919936,7107898966080,Loungefly Disney Cinderella Cosplay Mini Backpack,Backpack|Backpacks|Cinderella|Loungefly,76.99,2025-02-23,,0,559,17,2026-09-05
40549066145856,7107900178496,Loungefly Trick ‘R Treat Flaming Head Sam Mini GITD Backpack,Backpack|Backpacks|Loungefly,68.99,2025-02-23,,0,559,17,2026-09-05
40549068406848,7107900768320,Loungefly Gaston Womens Adjustable Shoulder Strap Backpack,Backpack|Backpacks|Beauty and the Beast|Loungefly,69.99,2025-02-23,2026-02-25,1,367,17,2026-09-05
40549075714112,7107902668864,Loungefly Disney Nightmare Before Christmas Oogie Boogie Wheel Backpack,Backpack|Backpacks|Loungefly|The Nightmare Before Christmas,64.99,2025-02-23,,0,559,17,2026-09-05
40549081677888,7107904602176,Loungefly Star Wars Anakin Skywalker Cosplay Backpack,Backpack|Backpacks|Loungefly|Star Wars,74.99,2025-02-23,,0,559,17,2026-09-05
40549084233792,7107905290304,Loungefly Disney Mickey Mouse Elf Holiday Christmas Backpack,Backpack|Backpacks|Loungefly,69.99,2025-02-23,,0,559,17,2026-09-05
40549085413440,7107905847360,Loungefly Dr. Seuss 'Oh the Places You'll Go' Mini Backpack,Backpack|Backpacks|Loungefly,72.99,2025-02-23,,0,559,17,2026-09-05
40549090099264,7107907027008,Demon Slayer Pop! Zohakuten (AAA Exclusive) #1859,Anime|Demon Slayer|Funko Pops!,27.99,2025-02-23,2025-03-15,1,20,17,2026-09-05
40549090295872,7107907059776,Marvel Pop! Rides Super Deluxe Deadpool on a Zamboni Machine #1443,Deadpool|Funko Pops!|Marvel,41.99,2025-02-23,2025-03-21,1,26,17,2026-09-05
40549091999808,7107908370496,Disney Pop! Mr. Toad with Monocle #1496,Disney|Funko Pops!|Other Great Disney Movies,26.77,2025-02-23,2026-01-23,1,334,17,2026-09-05
40549093572672,7107909681216,KISS Pop! KISS (Color Spotlight) 4-Pack,Funko Pops!|Music & Pop Culture Icons,64.99,2025-02-23,2025-03-02,1,7,17,2026-09-05
40549095047232,7107910959168,Naruto Shippuden Pop! Sasuke Curse Mark 2 #1664,Anime|Funko Pops!|Naruto,19.99,2025-02-23,2025-05-31,1,97,17,2026-09-05
40549097111616,7107912794176,Fullmetal Alchemist Pop! Deluxe Father on Throne #1585,Anime|Fullmetal Alchemist|Funko Pops!,46.99,2025-02-23,,0,559,17,2026-09-05
40549098225728,7107913777216,Deadpool: Park Ranger Deadpool #1347,Deadpool|Funko Pops!|Marvel,17.99,2025-02-23,2025-05-10,1,76,17,2026-09-05
40587741036608,7122789269568,Star Wars - Poe Dameron #72,Funko Pops!|Movies & TV|Star Wars,13.99,2025-03-29,,0,525,15,2026-09-05
40587741757504,7122789466176,Star Wars #104,Funko Pops!|Movies & TV|Star Wars,12.99,2025-03-29,,0,525,15,2026-09-05
40587744280640,7122790875200,Star Wars - Grogu w/Chowder Squid #469,Funko Pops!|Movies & TV|Star Wars,12.99,2025-03-29,2025-06-19,1,82,15,2026-09-05
40587744510016,7122790973504,Star Wars - Rey #58,Funko Pops!|Movies & TV|Star Wars,12.99,2025-03-29,,0,525,15,2026-09-05
40587744772160,7122791071808,Marvel - Ant-Man #85,Ant-Man|Funko Pops!|Marvel,12.99,2025-03-29,2025-10-05,1,190,15,2026-09-05
40587747065920,7122791432256,Emerald City Crusader )Spring Convention) #179,Funko Pops!,17.99,2025-03-29,,0,525,15,2026-09-05
40587748573248,7122792185920,Shaun of the Dead - Shaun (CHASE) #1660,Funko Pops!|More Movies & TV|Movies & TV,57.99,2025-03-29,,0,525,15,2026-09-05
40587751161920,7122792316992,One Piece - Nami (Wanted Poster) #1777,Animation|Anime|Funko Pops!|new arrivals|One Piece,59.99,2025-03-29,2026-04-18,1,385,15,2026-09-05
40587751915584,7122792677440,Nickelodeon - Garfield #37,Animation|Funko Pops!|More Animation,24.99,2025-03-29,,0,525,15,2026-09-05
40587755880512,7122792808512,Marvel - Venom - Venomized Daredevil #513,Funko Pops!|Marvel|Venom,15.99,2025-03-29,2025-06-28,1,91,15,2026-09-05
40587756798016,7122793103424,Blue Falcon - ECCC Exclusive #214,Funko Pops!,74.99,2025-03-29,,0,525,15,2026-09-05
40587761090624,7122793332800,WB 100th Anniversary - Road Runner NFT Release #194,Funko Pops!|The Flash,94.99,2025-03-29,2025-12-31,1,277,15,2026-09-05
40587761745984,7122793660480,League Legends - Amumu #01,Funko Pops!,24.99,2025-03-29,2025-08-15,1,139,15,2026-09-05
40587766988864,7122794184768,New York Comic Con - Pizza Rat #54,Funko Pops!,14.99,2025-03-29,2026-05-24,1,421,15,2026-09-05
40587769380928,7122794807360,Marvel - Ant-Man (unmasked) #87,Ant-Man|Funko Pops!|Marvel,13.99,2025-03-29,2025-08-31,1,155,15,2026-09-05
40593652547648,7125481553984,DC Comics Super Heroes - White Lantern Wonder Woman #70,DC Comics|Funko Pops!|Wonder Woman,13.99,2025-04-05,2025-11-29,1,238,7,2026-09-05
40593662738496,7125486403648,Lilo & Stitch Leroy Funko Pop! Vinyl Figure Specialty - #1572,Disney|Funko Pops!|Lilo & Stitch,14.99,2025-04-05,2026-06-12,1,433,7,2026-09-05
40593664868416,7125487747136,One Piece Bepo Bear Flocked Funko Pop! Vinyl Figure- AAA Anime Exclusive #1896,Anime|Funko Pops!|One Piece,19.99,2025-04-05,2025-05-02,1,27,7,2026-09-05
40593665622080,7125488074816,Coraline 15th Anniversary Spink and Forcible Funko Pop! Vinyl Figure 2-Pack,Funko Pops!|More Movies & TV|Movies & TV,37.99,2025-04-05,2026-02-06,1,307,7,2026-09-05
40593666474048,7125488599104,The Conjuring 2 The Crooked Man Super Funko Pop! Vinyl Figure #1620,Funko Pops!|Horror|The Conjuring|The conjuring universe,24.99,2025-04-05,2025-11-15,1,224,7,2026-09-05
40593668243520,7125489582144,Spider-Man Miles Morales Game 2020 Suit Funko Pop! Vinyl Figure #769,Funko Pops!|Spider-Man,14.99,2025-04-05,2025-05-28,1,53,7,2026-09-05
40593669455936,7125490139200,The Breakfast Club Bender Funko Pop! Vinyl Figure #1657,Funko Pops!|More Movies & TV|Movies & TV,12.99,2025-04-05,2025-06-08,1,64,7,2026-09-05
40593821401152,7125520220224,Hulk Hogan #01,Funko Pops!,19.99,2025-04-06,2025-12-20,1,258,16,2026-09-05
40593821466688,7125520252992,Marvel - Iron Man Comic Cover #28,Funko Pops!|Iron Man|Marvel,14.99,2025-04-06,,0,517,16,2026-09-05
40593821532224,7125520285760,Marvel Doctor Strange - Captain Carter #1033,Doctor Strange|Funko Pops!|Marvel,12.99,2025-04-06,2025-08-15,1,131,16,2026-09-05
40593823039552,7125520482368,Jurassic Park - T. rex Breakout: Dr. Alan Grant #1382,Disney|Funko Pops!|Toy Story,26.99,2025-04-06,2025-07-20,1,105,16,2026-09-05
40593823268928,7125520547904,Flash - Dark Flash #1338,Funko Pops!|More Movies & TV|Movies & TV,13.99,2025-04-06,2026-02-11,1,311,16,2026-09-05
40593825136704,7125521072192,DC Rides - Aquaman and Storm #295,Aquaman|DC Comics|Funko Pops!,29.99,2025-04-06,2025-09-07,1,154,16,2026-09-05
40593825497152,7125521170496,Art Series - The Penguin #63,Batman|Funko Pops!,12.99,2025-04-06,2026-02-14,1,314,16,2026-09-05
40593826545728,7125521432640,Funko - El Diablo (BLACK SUIT) #03,Diablo|Funko Pops!|Video Games,21.99,2025-04-06,2026-06-12,1,432,16,2026-09-05
40593827987520,7125521629248,Marvel Studios - Captain America (DIE-CAST) #01,Captain America|Funko Pops!|Marvel,79.99,2025-04-06,2025-06-21,1,76,16,2026-09-05
40593831526464,7125521891392,Asia - Astro Boy #58,Anime|Funko Pops!|More Anime Favorites,23.99,2025-04-06,2026-01-17,1,286,16,2026-09-05
40593838243904,7125523136576,Digital Funko - Lola Bunny as Jane Jetson #195,Funko Pops!,34.99,2025-04-06,,0,517,16,2026-09-05
40593842110528,7125523562560,Marvel - Fantastic Four - Human Torch (GITD) #568,Fantastic Four|Funko Pops!|Marvel,16.99,2025-04-06,2025-05-18,1,42,16,2026-09-05
40593843355712,7125523693632,Inuyasha - Miroku (PX Previews Exclusive) #1594,Anime|Funko Pops!|Inuyasha,13.90,2025-04-06,2025-05-02,1,26,16,2026-09-05
40593844994112,7125523890240,One Piece - Emporia Ivankov (CHASE) #1906,Anime|Funko Pops!|One Piece,87.99,2025-04-06,2025-04-18,1,12,16,2026-09-05
40593848336448,7125524185152,Ferris Bueller's Day Off - Cameron Frye #1732,Funko Pops!|More Movies & TV|Movies & TV,24.99,2025-04-06,,0,517,16,2026-09-05
40593850597440,7125524709440,Loungefly Disney Winnie the Pooh Tigger Bathtime Backpack,Backpack|Backpacks|Loungefly|Winnie the Pooh,67.99,2025-04-06,2025-05-09,1,33,16,2026-09-05
40598222078016,7127200890944,Deadpool & Wolverine Deadpool with Headpool Funko Pop! Vinyl Figure #1400 and Buddy,Deadpool|Funko Pops!|Marvel,13.99,2025-04-11,2025-04-18,1,7,13,2026-09-05
40598222471232,7127201120320,The Lord of the Rings Treebeard with Merry and Pippin Super Funko Pop! Vinyl Figure #1579,Funko Pops!|Lord of the Rings|Movies & TV,31.99,2025-04-11,2025-04-26,1,15,13,2026-09-05
40598222700608,7127201316928,"Ed, Edd n Eddy Edd ""Double D"" Funko Pop! Vinyl Figure #1898",Animation|Funko Pops!|More Animation,13.99,2025-04-11,2025-05-02,1,21,13,2026-09-05
40598223159360,7127201480768,"Ed, Edd n Eddy Ed Funko Pop! Vinyl Figure #1897",Animation|Funko Pops!|More Animation,13.99,2025-04-11,2025-05-02,1,21,13,2026-09-05
40598223257664,7127201513536,"Ed, Edd n Eddy Ed Funko Pop! Vinyl Figure #1897 (CHASE)",Animation|Funko Pops!|More Animation,49.99,2025-04-11,,0,512,13,2026-09-05
40598224568384,7127201742912,"Ed, Edd n Eddy Eddy Funko Pop! Vinyl Figure #1899",Animation|Funko Pops!|More Animation,14.99,2025-04-11,2025-05-02,1,21,13,2026-09-05
40598224732224,7127201808448,Lilo & Stitch Stitch with Tube Funko Pop! Vinyl Figure #1565,Disney|Funko Pops!|Lilo & Stitch,13.99,2025-04-11,2025-10-03,1,175,13,2026-09-05
40598224928832,7127201906752,Lilo & Stitch Stitch in Sand Funko Pop! Vinyl Figure #1566,Disney|Funko Pops!|Lilo & Stitch,13.99,2025-04-11,,0,512,13,2026-09-05
40598225944640,7127202037824,Lilo & Stitch Luau Stitch Funko Pop! Vinyl Figure #1567,Disney|Funko Pops!|Lilo & Stitch,13.99,2025-04-11,,0,512,13,2026-09-05
40598227222592,7127202201664,Lilo & Stitch Luau Angel Funko Pop! Vinyl Figure #1568,Disney|Funko Pops!|Lilo & Stitch,13.99,2025-04-11,2025-08-30,1,141,13,2026-09-05
40598229581888,7127202365504,League of Legends Akali Funko Pop Vinyl Figure #1080,Funko Pops!,13.99,2025-04-11,2026-08-15,1,491,13,2026-09-05
40598235119680,7127203414080,League of Legends Jhin Funko Pop Vinyl Figure #1081,Funko Pops!,13.99,2025-04-11,,0,512,13,2026-09-05
40598242426944,7127205445696,League of Legends Yone Funko Pop Vinyl Figure #1082,Funko Pops!,13.99,2025-04-11,2026-09-05,1,512,13,2026-09-05
40598988554304,7127570481216,Game of Thrones - Jon Snow #07,Funko Pops!|Game of Thrones|Movies & TV,26.99,2025-04-12,,0,511,1,2026-09-05
40601340444736,7128810717248,The Sopranos Paulie Walnuts Gualtieri & Christopher Moltisanti Funko Pop! Vinyl Figure 2-Pack,Funko Pops!|More Movies & TV|Movies & TV,24.99,2025-04-15,2025-04-18,1,3,5,2026-09-05
40601345097792,7128812453952,One Piece Big Mom (Kimono) Super 6 3/4-Inch Funko Pop! Vinyl Figure #1915,Anime|Funko Pops!|One Piece,24.99,2025-04-15,,0,508,5,2026-09-05
40601345949760,7128813109312,One Piece Big Mom (Kimono) Super 6 3/4-Inch Funko Pop! Vinyl Figure #1915 (CHASE),Anime|Funko Pops!|One Piece,74.99,2025-04-15,,0,508,5,2026-09-05
40601349095488,7128814616640,The Sopranos Bobby Bacala Baccalieri Funko Pop! Vinyl Figure #1699,Funko Pops!|More Movies & TV|Movies & TV,13.99,2025-04-15,2025-12-20,1,249,5,2026-09-05
40601350701120,7128815370304,The Sopranos Furio Giunta Funko Pop! Vinyl Figure #1700,Funko Pops!|More Movies & TV|Movies & TV,13.99,2025-04-15,,0,508,5,2026-09-05
40604586115136,7130049249344,Loungefly Pokemon Meowth Cosplay Backpack,Backpack|Backpacks|Loungefly|Pokemon,69.99,2025-04-19,,0,504,4,2026-09-05
40604586639424,7130049478720,Loungefly Harry Potter Convertible Backpack & Tote Bag,Backpack|Backpacks|Harry Potter|Loungefly,74.99,2025-04-19,2025-09-14,1,148,4,2026-09-05
40604587491392,7130049937472,Loungefly Dr. Seuss 'Oh the Places You'll Go' Mini Backpack Multicolor,Backpack|Backpacks|Loungefly,69.99,2025-04-19,2026-02-13,1,300,4,2026-09-05
40604588736576,7130050232384,Loungefly Disney Cinderella Cosplay Backpack,Backpack|Backpacks|Cinderella|Loungefly,74.99,2025-04-19,2026-02-25,1,312,4,2026-09-05
40617620602944,7133212704832,Dexter Debra Morgan Funko Pop! Vinyl Figure #1696,Funko Pops!,13.99,2025-05-04,2025-09-07,1,126,10,2026-09-05
40617620930624,7133212868672,Dexter Morgan Funko Pop! Vinyl Figure #1965,Funko Pops!|More Movies & TV|Movies & TV,13.99,2025-05-04,2025-05-11,1,7,10,2026-09-05
40617621979200,7133213229120,Sonic The Hedgehog Funko Pop! Vinyl Figure with Chao Buddy #1036,Funko Pops!|Sonic the Hedgehog|Video Games,13.99,2025-05-04,2025-07-12,1,69,10,2026-09-05
40617622732864,7133213556800,WWE X-Pac D-Generation X Funko Pop! Vinyl Figure #174,Funko Pops!|Sports|WWE,13.99,2025-05-04,,0,489,10,2026-09-05
40617623322688,7133213589568,Sonic The Hedgehog Cream Funko Pop! Vinyl Figure with Cheese Buddy #1034,Funko Pops!|Sonic the Hedgehog|Video Games,13.99,2025-05-04,2025-07-06,1,63,10,2026-09-05
40617623617600,7133213786176,Moana 2 Moana & Little Sis Simea Funko Pop! Vinyl Figure and Buddy #1546,Disney|Funko Pops!|Moana,13.99,2025-05-04,2025-06-13,1,40,10,2026-09-05
40617623683136,7133213818944,Barney Funko Pop Vinyl Figure #145,Funko Pops!|Icons|Music & Pop Culture Icons,13.99,2025-05-04,2025-05-10,1,6,10,2026-09-05
40617624535104,7133214048320,Barney Baby Bop Funko Pop Vinyl Figure #146,Funko Pops!|Icons|Music & Pop Culture Icons,13.99,2025-05-04,2025-05-17,1,13,10,2026-09-05
40617660350528,7133217357888,Loungefly The Incredible Hulk Marvel Comics Cosplay Backpack,Avengers|Backpack|Backpacks|Loungefly|Marvel,71.99,2025-05-04,2026-05-21,1,382,10,2026-09-05
40617665036352,7133218242624,Loungefly SpongeBob SquarePants Cosplay Backpack,Backpack|Backpacks|Loungefly,69.99,2025-05-04,2026-02-25,1,297,10,2026-09-05
40621996965952,7134076371008,MLB Yankees - Aaron Judge #112,Funko Pops!|MLB|Sports,13.99,2025-05-09,2026-01-03,1,239,1,2026-09-05
40621997228096,7134076403776,FUNKO POP! Anime: Demon Slayer - Hantengu #1854,Anime|Demon Slayer|Funko Pops!,13.99,2025-05-10,,0,483,3,2026-09-05
40621997490240,7134076436544,FUNKO POP! Movies: Gremlins 2 The New Batch - Gizmo with Bow #1753,Funko Pops!|More Movies & TV|Movies & TV,13.99,2025-05-10,2025-05-10,1,0,3,2026-09-05
40621997621312,7134076502080,FUNKO POP! SpongeBob SquarePants - Caveman SpongeBob (25th Anniversary) #1669,Animation|Funko Pops!|More Animation,13.99,2025-05-10,2025-06-28,1,49,3,2026-09-05
40630793764928,7136345980992,Clifford the Big Red Dog - CLIFFORD (Hot Topic) FLOCKED #28,Funko Pops!,17.99,2025-05-15,2025-10-05,1,143,2,2026-09-05
40630794092608,7136346177600,One Piece - Vivi & Karoo #129,Anime|Funko Pops!|One Piece,26.99,2025-05-15,2025-07-05,1,51,2,2026-09-05
40630907666496,7136363184192,FUNKO POP! Plus Anime: One Piece - King #1893,Anime|Funko Pops!|One Piece,15.99,2025-05-16,2025-06-28,1,43,4,2026-09-05
40630910189632,7136364003392,FUNKO POP! Anime: One Piece - Eutass Kid #1932,Anime|Funko Pops!|One Piece,13.99,2025-05-16,,0,477,4,2026-09-05
40630914777152,7136364462144,A Goofy Movie 30th Anniversary Goofy Funko Pop! Vinyl Figure #1575,A Goofy Movie|Disney|Funko Pops!|Goofy,13.99,2025-05-16,2026-01-03,1,232,4,2026-09-05
40630915268672,7136364494912,A Goofy Movie 30th Anniversary Bobby Funko Pop! Vinyl Figure #1578 - Specialty Edition,A Goofy Movie|Disney|Funko Pops!|Goofy,13.99,2025-05-16,2025-06-21,1,36,4,2026-09-05
40632780652608,7136835567680,One Piece - Bartholomew Kuma #1876,Anime|Funko Pops!|One Piece|Wondrous Convention,46.99,2025-05-17,2025-07-05,1,49,3,2026-09-05
40632780881984,7136835665984,One Piece - Buggy The Genius Jester #1778,Anime|Funko Pops!|One Piece,23.99,2025-05-17,2025-07-05,1,49,3,2026-09-05
40632793727040,7136837271616,Back to the Future Marty in Future Outfit Funko Pop! Vinyl Figure #962,Funko Pops!|More Movies & TV|Movies & TV,14.99,2025-05-17,2026-03-28,1,315,3,2026-09-05
40633542606912,7137010188352,Loungefly Sanrio Hello Kitty Witch Halloween Glitter Cosplay Backpack,Backpack|Backpacks|Loungefly,69.99,2025-05-18,2025-07-17,1,60,4,2026-09-05
40633542770752,7137010286656,Loungefly Dr Seuss Grinch Santa Cosplay Mini Backpack,Backpack|Backpacks|Loungefly,72.99,2025-05-18,2025-08-29,1,103,4,2026-09-05
40633543065664,7137010483264,Loungefly Disney The Nightmare Before Christmas Allover Print Mini Backpack,Backpack|Backpacks|Loungefly|The Nightmare Before Christmas,71.99,2025-05-18,,0,475,4,2026-09-05
40633543524416,7137010647104,Loungefly Disney Alice in Wonderland Alice Cookies Mini Backpack,Alice in Wonderland|Backpack|Backpacks|Loungefly,72.99,2025-05-18,2025-10-29,1,164,4,2026-09-05
40648189968448,7140191043648,A Goofy Movie 30th Anniversary Roxanne Funko Pop! Vinyl Figure #1576,A Goofy Movie|Disney|Funko Pops!|Goofy,13.99,2025-05-31,2025-06-15,1,15,3,2026-09-05
40648190033984,7140191109184,The Fairly OddParents Timmy Turner Funko Pop! Vinyl Figure #1690,Animation|Fairly OddParents|Funko Pops!,13.99,2025-05-31,,0,462,3,2026-09-05
40648190066752,7140191141952,Pink Trustfall Funko Pop! Vinyl Figure #459,Funko Pops!|Music & Pop Culture Icons,13.99,2025-05-31,2025-09-05,1,97,3,2026-09-05
40667248066624,7145367240768,Mobile Suit Gundam Wing XXXG-00W0 Wing Gundam Zero Funko Pop! Vinyl Figure Plus #1933,Anime|Funko Pops!|Gundam|Marvel|More Anime Favorites,14.99,2025-06-19,2025-08-17,1,59,6,2026-09-05
40667248164928,7145367273536,Mobile Suit Gundam Wing 0Z-13MS Gundam Epyon Funko Pop! Vinyl Figure Plus #1934,Anime|Funko Pops!|Gundam|Marvel|More Anime Favorites,14.99,2025-06-19,2025-06-29,1,10,6,2026-09-05
40667248197696,7145367306304,Mobile Suit Gundam Wing XXX-01D Gundam Deathscythe Funko Pop! Vinyl Figure Plus #1935,Anime|Funko Pops!|Gundam|Marvel|More Anime Favorites,14.99,2025-06-19,2025-08-17,1,59,6,2026-09-05
40667248230464,7145367339072,Sabrina Carpenter Nightgown Funko Pop! Vinyl Figure #479,Funko Pops!|Music & Pop Culture Icons,14.99,2025-06-19,2025-08-22,1,64,6,2026-09-05
40667248263232,7145367371840,Casper Funko Pop! Vinyl Figure #850,Animation|Funko Pops!|More Animation,14.99,2025-06-19,,0,443,6,2026-09-05
40667248427072,7145367470144,One Piece Franosuke (Wano) Super Funko Pop! Vinyl Figure #1476,Anime|Funko Pops!|One Piece,27.99,2025-06-19,2026-01-03,1,198,6,2026-09-05
40669944709184,7146079584320,NBA Legends Lakers Shaq 2000 WCF Celebration Funko Pop! Vinyl Figure #208,Funko Pops!|NBA|Sports,13.99,2025-06-24,2025-07-25,1,31,4,2026-09-05
40669944741952,7146079617088,King of the Hill Hank Hill Funko Vinyl Figure #1977,Animation|Funko Pops!|King of the Hill,13.99,2025-06-24,2025-06-29,1,5,4,2026-09-05
40669944774720,7146079649856,The Fairly OddParents Cosmo & Poof Funko Pop! Vinyl Figure and Buddy #1691,Animation|Fairly OddParents|Funko Pops!,13.99,2025-06-24,,0,438,4,2026-09-05
40669944807488,7146079682624,The Fairly OddParents Wanda with Da Rules Funko Pop! Vinyl Figure #1692,Animation|Fairly OddParents|Funko Pops!,13.99,2025-06-24,,0,438,4,2026-09-05
40672495861824,7146713645120,King of the Hill Dale Gribble Funko Vinyl Figure #1976,Animation|Funko Pops!|King of the Hill,13.99,2025-06-28,2025-06-29,1,1,12,2026-09-05
40672495894592,7146713677888,King of the Hill Bill Dauterive Funko Vinyl Figure #1978,Animation|Funko Pops!|King of the Hill,13.99,2025-06-28,2025-06-29,1,1,12,2026-09-05
40672495960128,7146713743424,King of the Hill Boomhauer Funko Vinyl Figure #1979,Animation|Funko Pops!|King of the Hill,13.99,2025-06-28,2025-06-29,1,1,12,2026-09-05
40672496386112,7146713776192,Funko POP! NBA: Bulls - Michael Jordan ('89) 'The Shot' #206,Funko Pops!|NBA|Sports,13.99,2025-06-28,2026-02-21,1,238,12,2026-09-05
40672496484416,7146713874496,FUNKO POP!: Retro Toy: See 'n Say #151,Funko Pops!|Icons|Music & Pop Culture Icons,13.99,2025-06-28,2026-02-15,1,232,12,2026-09-05
40672496517184,7146713907264,"Funko POP!: Retro Toy - Barbie, Mattel 80th Anniversary #152",Funko Pops!,13.99,2025-06-28,2025-10-23,1,117,12,2026-09-05
40672496681024,7146714038336,Naruto - Pain #934,Anime|Funko Pops!|Naruto,13.99,2025-06-28,2026-03-01,1,246,12,2026-09-05
40672512704576,7146717249600,Loungefly x Disney Nightmare Before Christmas Oogie Boogie Creepy Crawlies Mini Backpack,Backpack|Backpacks|Loungefly|The Nightmare Before Christmas,72.99,2025-06-28,,0,434,12,2026-09-05
40672514506816,7146717577280,Loungefly Star Wars Darth Maul Sith Cosplay Mini Backpack,Backpack|Backpacks|Loungefly|Star Wars,69.99,2025-06-28,,0,434,12,2026-09-05
40672519585856,7146717904960,Loungefly Warner Brothers Beetlejuice 2 Mini Backpack,Backpack|Backpacks|Beetlejuice|Loungefly,67.99,2025-06-28,2026-07-24,1,391,12,2026-09-05
40672523649088,7146718330944,Loungefly One Piece Chopper Figural Mini Backpack,Backpack|Backpacks|Loungefly|One Piece,72.99,2025-06-28,,0,434,12,2026-09-05
40672525090880,7146718429248,Loungefly Exclusive Harry Potter Dementor Attack Double Strap backpack,Backpack|Backpacks|Harry Potter|Loungefly,79.99,2025-06-28,2026-05-24,1,330,12,2026-09-05
40672848740416,7146796974144,Untitled Jun29_15:10,,0.00,2025-06-29,,0,433,1,2026-09-05
40675955834944,7147419926592,Terrifier Little Pale Girl Glow-in-the-Dark Funko Pop! Vinyl Figure #1749 - Specialty Series,Funko Pops!|Horror|Terrifier,22.99,2025-07-02,2025-08-09,1,38,1,2026-09-05
40678810255424,7148285657152,Bleach - Gin Ichimaru #1821,Anime|Bleach|Funko Pops!,21.99,2025-07-04,,0,428,1,2026-09-05
40679160512576,7148456050752,Disney Minnie & Daisy Friendship Bracelet Mini Backpack,Backpack|Backpacks|Loungefly,67.99,2025-07-05,2025-10-23,1,110,7,2026-09-05
40679162380352,7148456345664,Sanrio Hello Kitty and Friends Bento Box Mini Backpack,Backpack|Backpacks|Loungefly,69.99,2025-07-05,,0,427,7,2026-09-05
40679164117056,7148456607808,Pretty Guardian Sailor Moon Princess Serenity Wings Mini Backpack,Backpack|Backpacks|Loungefly,72.99,2025-07-05,2025-12-15,1,163,7,2026-09-05
40679164805184,7148456706112,Disney Minnie & Daisy Friendship Bracelet Wallet,Backpack|Loungefly,19.99,2025-07-05,2025-10-23,1,110,7,2026-09-05
40679164837952,7148456771648,Loungefly Disney Alice in Wonderland Take Me Cookies Zip Wallet,Alice in Wonderland|Backpack|Loungefly,31.99,2025-07-05,2025-10-29,1,116,7,2026-09-05
40679165329472,7148456869952,Loungefly Disney Lilo & Stitch Figural Stitch Corduroy Mini Backpack,Backpack|Backpacks|Lilo & Stitch|Loungefly,69.99,2025-07-05,,0,427,7,2026-09-05
40679176503360,7148458639424,Rick and Morty Evil Morty Funko Pop! Vinyl Figure #953,Animation|Funko Pops!|Rick and Morty,12.99,2025-07-05,2026-07-15,1,375,7,2026-09-05
40691152126016,7151871557696,MLB: Reds - Elly De La Cruz #118,Funko Pops!|MLB|Sports,14.99,2025-07-18,2025-08-02,1,15,3,2026-09-05
40691152584768,7151871688768,Funko POP! Deluxe NBA: Magic - Shaq with Backboard #207,Funko Pops!|NBA|Sports,29.99,2025-07-18,,0,414,3,2026-09-05
40691535937600,7151984967744,Untitled Jul18_18:01,,0.00,2025-07-18,,0,414,3,2026-09-05
40698006437952,7153091182656,Fallout (TV Show) Maximus Funko Pop! Vinyl Figure #1765,Fallout|Funko Pops!|Video Games,14.99,2025-07-27,2025-10-03,1,68,15,2026-09-05
40698006536256,7153091248192,Fallout (TV Show) Vault Boy Funko Pop! Vinyl Figure #1767,Fallout|Funko Pops!|Video Games,14.99,2025-07-27,2025-09-27,1,62,15,2026-09-05
40698007093312,7153091313728,Fallout (TV Show) The Ghoul Funko Pop! Vinyl Figure and CX404 Pop! Buddy #1766,Fallout|Funko Pops!|Video Games,14.99,2025-07-27,2025-09-28,1,63,15,2026-09-05
40698007126080,7153091346496,Fallout (TV Show) Lucy MacLean Funko Pop! Vinyl Figure #1764,Fallout|Funko Pops!|Video Games,14.99,2025-07-27,2026-04-18,1,265,15,2026-09-05
40698013679680,7153092329536,Loungefly - Naruto Sakura Cosplay Outfit Mini-Backpack,Backpack|Backpacks|Loungefly|Naruto,69.99,2025-07-27,,0,405,15,2026-09-05
40698016628800,7153092395072,Loungefly - Five Nights at Freddy's Mini-Backpack,Backpack|Backpacks|Five Nights at Freddy's|Loungefly,69.99,2025-07-27,2025-10-26,1,91,15,2026-09-05
40698018594880,7153092821056,Loungefly Disney The Nightmare Before Christmas Jack Sequin Backpack Exclusive,Backpack|Backpacks|Loungefly|The Nightmare Before Christmas,69.99,2025-07-27,,0,405,15,2026-09-05
40698021937216,7153092952128,Loungefly Disney The Nightmare Before Christmas Jack Sequin Wallet Exclusive,Backpack|Loungefly|The Nightmare Before Christmas,29.99,2025-07-27,2025-11-01,1,97,15,2026-09-05
40698022428736,7153093312576,Our Universe Disney Beauty and the Beast Lumiere Be Our Guest Mini Backpack Exclusive,Backpack|Backpacks|Beauty and the Beast|Loungefly,69.99,2025-07-27,,0,405,15,2026-09-05
40698023804992,7153093476416,Our Universe Disney Beauty and the Beast Lumiere Be Our Guest Wallet Exclusive,Backpack|Beauty and the Beast|Loungefly,29.99,2025-07-27,,0,405,15,2026-09-05
40698028523584,7153093804096,Loungefly Disney Minnie Mouse Cotton Candy Crossbody Exclusive,Loungefly,67.99,2025-07-27,,0,405,15,2026-09-05
40698028818496,7153094000704,Loungefly Disney Lilo & Stitch Angel Figural Mini Backpack,Backpack|Backpacks|Lilo & Stitch|Loungefly,69.99,2025-07-27,2026-04-18,1,265,15,2026-09-05
40698031472704,7153094164544,Loungefly Disney Lilo & Stitch Figural Stitch Corduroy Mini Backpack,Backpack|Backpacks|Lilo & Stitch|Loungefly,69.99,2025-07-27,2025-08-28,1,32,15,2026-09-05
40698062667840,7153098719296,Fallout (TV Show) Maximus Funko Pop! Vinyl Figure #1765 (CHASE),Fallout|Funko Pops!|Video Games,44.99,2025-07-27,,0,405,15,2026-09-05
40698062864448,7153098850368,Fallout (TV Show) Vault Boy Funko Pop! Vinyl Figure #1767 (CHASE),Fallout|Funko Pops!|Video Games,44.99,2025-07-27,,0,405,15,2026-09-05
40705290240064,7155453886528,Jujutsu Kaisen - Megumi Fushiguro #1883,Anime|Funko Pops!|Jujutsu Kaisen,14.99,2025-08-03,2025-12-27,1,146,2,2026-09-05
40705290993728,7155453984832,FUNKO Loungefly Wallet - Deadpool,Backpack|Deadpool|Loungefly|Marvel,29.99,2025-08-03,,0,398,2,2026-09-05
40712710520896,7157159362624,Loungefly Disney Alice in Wonderland Rabbit Hole Lenticular Mini Backpack,Alice in Wonderland|Backpack|Backpacks|Loungefly,68.99,2025-08-09,,0,392,6,2026-09-05
40712712781888,7157160411200,Loungefly Disney Minnie Mouse Cotton Candy Crossbody,Loungefly,62.99,2025-08-09,,0,392,6,2026-09-05
40712713994304,7157160968256,Sanrio My Melody & Kuromi Diner Zip Wallet,Backpack|Loungefly,39.99,2025-08-09,2026-08-29,1,385,6,2026-09-05
40712756559936,7157178433600,Loungefly Pokemon: Espeon Cosplay Mini-Backpack,Backpack|Backpacks|Loungefly|Pokemon,72.99,2025-08-09,,0,392,6,2026-09-05
40712759771200,7157180039232,Dumbo Exclusive Circus Tent Light Up Mini Backpack,Backpack|Backpacks|Loungefly,74.99,2025-08-09,2025-10-29,1,81,6,2026-09-05
40712769175616,7157182464064,Daisy Duck 85th Anniversary Loungefly Sequin Mini Backpac,Backpack|Backpacks|Loungefly|new arrivals,79.99,2025-08-09,2025-12-14,1,127,6,2026-09-05
40720004612160,7159109222464,NBA Mascots Chicago Benny the Bull Funko Pop! Vinyl Figure #03,Funko Pops!|NBA|Sports,14.99,2025-08-14,2026-04-04,1,233,6,2026-09-05
40720005529664,7159109779520,Squid Game Young-Hee Funko Pop! Vinyl Figure #1731,Funko Pops!|More Movies & TV|Movies & TV,14.99,2025-08-14,2026-03-13,1,211,6,2026-09-05
40720005791808,7159110041664,Squid Game Chul-Su Funko Pop! Vinyl Figure #1732,Funko Pops!|More Movies & TV|Movies & TV,14.99,2025-08-14,2026-03-13,1,211,6,2026-09-05
40720006348864,7159110565952,Saw Billy the Puppet Jumbo 10-Inch Funko Pop! Vinyl Figure #1821,Funko Pops!|More Movies & TV|Movies & TV,39.99,2025-08-14,2025-11-13,1,91,6,2026-09-05
40720006742080,7159110926400,Chucky TV Series Old Chucky Funko Pop! Vinyl Figure #1720,Chucky|Funko Pops!|Horror,14.99,2025-08-14,2025-08-29,1,15,6,2026-09-05
40720007364672,7159111516224,Disney: A Goofy Movie - Max (Disney Anniversary) #1577,A Goofy Movie|Disney|Funko Pops!|Goofy,24.99,2025-08-14,2025-10-06,1,53,6,2026-09-05
40723317194816,7160375476288,Black Clover Pop! Magna Swing #1720,Anime|Black Clover|Funko Pops!,13.99,2025-08-17,2026-02-28,1,195,45,2026-09-05
40723317260352,7160375541824,Black Clover Pop! Vanessa Enoteca #1722,Anime|Black Clover|Funko Pops!,13.99,2025-08-17,2025-12-07,1,112,45,2026-09-05
40723317653568,7160375705664,One Piece Pop! Emporio Ivankov with Pop! Protector #1906 CHASE,Animation|Anime|Chase|funko|Funko Pop|new arrivals|One Piece,72.99,2025-08-17,2025-09-18,1,32,45,2026-09-05
40723317751872,7160375803968,Dragon Ball Pop! Goku with Nyoibou #1922,Anime|Dragon Ball|Funko Pops!,13.99,2025-08-17,,0,384,45,2026-09-05
40723317784640,7160375836736,Dragon Ball Pop! Broly (Enraged) #1867,Anime|Dragon Ball|Funko Pops!,14.99,2025-08-17,2026-02-05,1,172,45,2026-09-05
40723317948480,7160375935040,Dragon Ball Pop! Super Baby 2 (EE Exclusive) #1635,Anime|Dragon Ball|Funko Pops!,16.99,2025-08-17,2026-03-13,1,208,45,2026-09-05
40723317981248,7160375967808,Dragon Ball Pop! Kid Goku with Kamehameha (Game Stop Exclsuive) #1634,Anime|Dragon Ball|Funko Pops!,17.99,2025-08-17,,0,384,45,2026-09-05
40723318014016,7160376000576,Dragon Ball Pop! Baby (Funko Exclusive) #1636,Anime|Dragon Ball|Funko Pops!,17.99,2025-08-17,2026-03-13,1,208,45,2026-09-05
40723318046784,7160376033344,Bleach Pop! Ichigo Kurosaki (Half Mask) #1828,Anime|Bleach|Funko Pops!,37.99,2025-08-17,2026-04-25,1,251,45,2026-09-05
40723318079552,7160376066112,Nickelodeon Pop! Tootie #1694,Animation|Funko Pops!|More Animation,22.99,2025-08-17,,0,384,45,2026-09-05
40723318112320,7160376098880,"Cartoon Network Pop! Ed, Edd, and Eddy Sarah (Angry) #1939",Animation|Cartoon Network|Funko Pops!|More Animation,14.99,2025-08-17,,0,384,45,2026-09-05
40723318145088,7160376131648,Sanrio Pop! Kuromi as Ice Cream Cone #105,Anime|Funko Pops!|More Anime Favorites,16.99,2025-08-17,2026-03-08,1,203,45,2026-09-05
40723318177856,7160376164416,Sanrio Pop! Hello Kitty as Ice Cream Cone #104,Anime|Funko Pops!|More Anime Favorites,14.99,2025-08-17,,0,384,45,2026-09-05
40723318210624,7160376197184,Disney Pop! Alice (Curtsying) (Sketched Deco) #1528,Alice in Wonderland|Disney|Funko Pops!,26.99,2025-08-17,2026-01-10,1,146,45,2026-09-05
40723318243392,7160376229952,Disney Pop! Snow White (Sketched Deco) #1526,Disney|Funko Pops!|Snow White,14.99,2025-08-17,,0,384,45,2026-09-05
40723318276160,7160376262720,Disney Pop! Bambi (Sketched Deco) #1527,Bambi|Disney|Funko Pops!,13.99,2025-08-17,,0,384,45,2026-09-05
40723318308928,7160376295488,Disney Pop! Dumbo (Sketched Deco) #1524,Disney|Funko Pops!|Other Great Disney Movies,14.99,2025-08-17,,0,384,45,2026-09-05
40723318341696,7160376328256,Hunter x Hunter Pop! Chrollo Lucilfer #1587,Anime|Funko Pops!|Hunter X Hunter,21.99,2025-08-17,2025-09-27,1,41,45,2026-09-05
40723318374464,7160376361024,Demon Slayer Pop! Gyutaro (Blood Attack) #1754,Anime|Demon Slayer|Funko Pops!,19.99,2025-08-17,2026-03-12,1,207,45,2026-09-05
40723318472768,7160376426560,Fullmetal Alchemist Pop! Lan Fan #1581,Anime|Fullmetal Alchemist|Funko Pops!,12.99,2025-08-17,,0,384,45,2026-09-05
40723318505536,7160376459328,Demon Slayer Pop! Hinatsuru with Kunai #1540,Anime|Demon Slayer|Funko Pops!,17.99,2025-08-17,2025-12-27,1,132,45,2026-09-05
40723318538304,7160376492096,Disney Pop! Cheshire Cat (Diamond) #1059,Alice in Wonderland|Disney|Funko Pops!,19.99,2025-08-17,2025-12-17,1,122,45,2026-09-05
40723318767680,7160376590400,Yu-Gi-Oh! Pop! Chazz Princeton #1602,Anime|Funko Pops!|Yu-Gi-Oh,12.99,2025-08-17,,0,384,45,2026-09-05
40723318800448,7160376623168,Yu-Gi-Oh! Pop! Jaden Yuki #1603,Anime|Funko Pops!|Yu-Gi-Oh,12.99,2025-08-17,,0,384,45,2026-09-05
40723320832064,7160377376832,Yu-Gi-Oh! Pop! Elemental Hero Burstinatrix #1598,Anime|Funko Pops!|Yu-Gi-Oh,12.99,2025-08-17,,0,384,45,2026-09-05
40723321552960,7160377671744,Yu-Gi-Oh! Pop! Elemental Hero Avian #1597,Anime|Funko Pops!|Yu-Gi-Oh,16.99,2025-08-17,,0,384,45,2026-09-05
40723329974336,7160378392640,Demon Slayer Pop! Makio with Kunai #1538,Anime|Demon Slayer|Funko Pops!,14.99,2025-08-17,,0,384,45,2026-09-05
40723331809344,7160378556480,Loungefly-Sanrio Limited Edition Sanrio Hello Kitty 50th Anniversary Gold Mini Backpack,Backpack|Backpacks|Loungefly,66.99,2025-08-17,2025-09-20,1,34,45,2026-09-05
40723336593472,7160379015232,Disney Mickey Mouse Exclusive Plush Corduroy Cosplay Mini Backpack,Backpack|Backpacks|Loungefly,66.99,2025-08-17,,0,384,45,2026-09-05
40723336626240,7160379048000,Sanrio Sanrio Exclusive Hello Kitty Quilted Texture Mini Backpack,Backpack|Backpacks|Loungefly,64.99,2025-08-17,,0,384,45,2026-09-05
40723336822848,7160379113536,Disney Minnie Mouse Exclusive Ghost Costume Glow Zip Around Wallet,Backpack|Loungefly,29.99,2025-08-17,,0,384,45,2026-09-05
40723336986688,7160379179072,Disney Pluto Exclusive Summer Beach Cosplay Mini Backpack,Backpack|Backpacks|Loungefly,72.99,2025-08-17,,0,384,45,2026-09-05
40723337019456,7160379211840,Loungefly-Nickelodeon Limited Edition SpongeBob SquarePants Patrick Star Sequin Cosplay Mini Backpack,Backpack|Backpacks|Loungefly,72.99,2025-08-17,,0,384,45,2026-09-05
40723337052224,7160379244608,Loungefly-Dr. Seuss Dr. Seuss' How The Grinch Stole Christmas! Plush Cosplay Light Up Mini Backpack,Backpack|Backpacks|Loungefly,72.99,2025-08-17,,0,384,45,2026-09-05
40723337510976,7160379441216,Loungefly-Disney Alice In Wonderland Exclusive Caterpillar Butterfly Cosplay Zip Around Wallet,Alice in Wonderland|Backpack|Loungefly,39.99,2025-08-17,,0,384,45,2026-09-05
40723337674816,7160379539520,Loungefly - Sanrio Sanrio Exclusive My Melody Plush Cosplay Mini Backpack,Backpack|Backpacks|Loungefly,66.99,2025-08-17,,0,384,45,2026-09-05
40723338133568,7160379670592,Pokémon Pokémon Exclusive Pokéball Crossbody Bag,Loungefly|Pokemon,61.99,2025-08-17,2026-08-19,1,367,45,2026-09-05
40723338166336,7160379703360,Loungefly - Beetlejuice Beetlejuice Carousel Hat Light Up Cosplay Mini Backpack,Backpack|Backpacks|Beetlejuice|Loungefly,69.99,2025-08-17,,0,384,45,2026-09-05
40723338199104,7160379736128,Loungefly - Disney Big Hero 6 10th Anniversary Baymax & Friends Mini Backpack,Backpack|Backpacks|Loungefly,69.99,2025-08-17,,0,384,45,2026-09-05
40723352518720,7160381472832,The Simpsons Krusty with Mr. Teeny Funko Pop! Vinyl Figure and Pop! Buddy #1741,Animation|Funko Pops!|Simpsons,14.99,2025-08-17,2025-09-28,1,42,45,2026-09-05
40723352617024,7160381571136,The Simpsons Lisa with Snowball II Funko Pop! Vinyl Figure and Pop! Buddy #1740,Animation|Funko Pops!|Simpsons,14.99,2025-08-17,2025-11-15,1,90,45,2026-09-05
40723353305152,7160381767744,The Simpsons Mr. Burns (Wave 11) Funko Pop! Vinyl Figure #1739,Animation|Funko Pops!|Simpsons,14.99,2025-08-17,2025-11-15,1,90,45,2026-09-05
40723353370688,7160381833280,The Simpsons Marge with Maggie (Wave 11) Funko Pop! Vinyl Figure #1738,Animation|Funko Pops!|Simpsons,14.99,2025-08-17,2026-04-18,1,244,45,2026-09-05
40723353567296,7160381931584,The Simpsons Homer (Wave 11) Funko Pop! Vinyl Figure #1737,Animation|Funko Pops!|Simpsons,14.99,2025-08-17,2025-08-31,1,14,45,2026-09-05
40723353894976,7160382160960,MLB Toronto Blue Jays ACE Funko Pop! Vinyl Figure #19,Funko Pops!|MLB|Sports,14.99,2025-08-17,2025-09-27,1,41,45,2026-09-05
40727282122816,7160973688896,NBA Legends Shaquille O'Neal (Magic home) Funko Pop! Vinyl Figure #81,Funko Pops!|NBA|Sports,14.99,2025-08-22,2026-01-10,1,141,5,2026-09-05
40727282876480,7160973885504,The Fantastic Four: First Steps The Thing (Trench Coat) Funko Pop! Vinyl Figure EE Exclusive #1524,Fantastic Four|Funko Pops!|Marvel,16.99,2025-08-22,,0,379,5,2026-09-05
40727282942016,7160973951040,NFL 49ers George Kittle Funko Pop! Vinyl Figure #144,Funko Pops!|NFL|Sports,14.99,2025-08-22,,0,379,5,2026-09-05
40727284318272,7160974311488,Lord of the Rings Witch King with Fellbeast Funko Pop! Vinyl Vehicle #63,Funko Pops!|Lord of the Rings|Movies & TV,31.99,2025-08-22,2025-11-01,1,71,5,2026-09-05
40727285858368,7160974475328,Funko POP! Marvel: Fantastic Four: First Steps - Mister Fantastic #1515,Fantastic Four|Funko Pops!|Marvel,14.99,2025-08-22,2025-08-23,1,1,5,2026-09-05
40727289233472,7160975065152,The Fantastic Four: First Steps Silver Surfer Funko Pop! Vinyl Figure #1518,Fantastic Four|Funko Pops!|Marvel,14.99,2025-08-23,2025-08-23,1,0,5,2026-09-05
40727293296704,7160975753280,The Fantastic Four: First Steps Invisible Woman & Franklin Funko Pop! Vinyl Figure and Buddy #1514,Fantastic Four|Funko Pops!|Marvel,14.99,2025-08-23,2025-08-23,1,0,5,2026-09-05
40727293395008,7160975818816,The Fantastic Four: First Steps *Damaged* The Thing Funko Pop! Vinyl Figure #1516,Fantastic Four|Funko Pops!|Marvel,9.99,2025-08-23,2025-08-23,1,0,5,2026-09-05
40727293657152,7160975851584,The Fantastic Four: First Steps Human Torch Funko Pop! Vinyl Figure #1517,Fantastic Four|Funko Pops!|Marvel,14.99,2025-08-23,2025-08-23,1,0,5,2026-09-05
40727293820992,7160976015424,The Fantastic Four: First Steps Galactus Super 6 3/4-Inch Funko Pop! Vinyl Figure #1519,Fantastic Four|Funko Pops!,26.99,2025-08-23,2025-08-23,1,0,5,2026-09-05
40728119705664,7161109676096,Frieren: Beyond Journey’s End Himmel Funko Pop! Vinyl Figure #1989,Anime|Frieren|Funko Pops!,14.99,2025-08-24,2026-05-30,1,279,2,2026-09-05
40728119738432,7161109708864,Frieren: (CHASE) Beyond Journey’s End Himmel Funko Pop! Vinyl Figure #1989,Anime|Frieren|Funko Pops!,49.99,2025-08-24,2025-11-30,1,98,2,2026-09-05
40737151418432,7163001274432,Friends - Rachel Green (Bridesmaid) #1065,Funko Pops!|More Movies & TV|Movies & TV,12.99,2025-09-05,,0,365,12,2026-09-05
40737152958528,7163002224704,Friends - Ross Geller (Spudnik) #1070,Funko Pops!|More Movies & TV|Movies & TV,12.99,2025-09-05,,0,365,12,2026-09-05
40737158824000,7163003830336,Teenage Mutant Ninja Turtles Casey Jones Pop! Vinyl Figure #394 Specialty Series,Funko Pops!|Icons|Music & Pop Culture Icons,26.99,2025-09-05,,0,365,12,2026-09-05
40737162920000,7163006058560,Teenage Mutant Ninja Turtles Baxter Stockman Pop! Vinyl Figure #507 2017 Summer Convention Exclusive,Funko Pops!|Icons|Music & Pop Culture Icons,24.99,2025-09-05,,0,365,12,2026-09-05
40737164460096,7163006943296,X-Men - Colossus (Chrome) #183,Funko Pops!|Marvel|More Marvel Comics,19.99,2025-09-05,,0,365,12,2026-09-05
40737166458944,7163008680000,Spider-Man Superior Spider-Man Funko Pop! Vinyl Figure #233 Walgreens Exclusive,Funko Pops!|Spider-Man,16.99,2025-09-05,,0,365,12,2026-09-05
40737167605824,7163009564736,Marvel - Spider-Gwen Unhooded (Walgreens Exclusive) #153,Funko Pops!|Marvel|Spider-Man,29.99,2025-09-05,,0,365,12,2026-09-05
40737171800128,7163012481088,Willy Wonka and the Chocolate Factory - Willy Wonka #253,Funko Pops!,36.99,2025-09-05,2026-03-07,1,183,12,2026-09-05
40737173700672,7163013201984,Ghost - Papa Emeritus II #125 Hot Topic Exclusive,Funko Pops!|Music & Pop Culture Icons|Rock,50.99,2025-09-05,,0,365,12,2026-09-05
40737174388800,7163013496896,Ghost - Papa Emeritus I #241 Hot Topic Exclusive,Funko Pops!|Music & Pop Culture Icons|Rock,48.99,2025-09-05,,0,365,12,2026-09-05
40737175470144,7163014545472,The Fifth Element - Leeloo #190 Funko Pop,Funko Pops!|More Movies & TV|Movies & TV,32.99,2025-09-05,2026-02-28,1,176,12,2026-09-05
40737176354880,7163015036992,Dragon Ball Z - Super Saiyan God Super Saiyan Goku #121 Hot Topic Exclusive,Anime|Dragon Ball|Funko Pops!,26.99,2025-09-05,2025-09-06,1,1,12,2026-09-05
40738008989760,7163339145280,Indiana Jones - Teddy Kumar #1388,Funko Pops!|Indiana Jones|More Movies & TV|Movies & TV,12.99,2025-09-06,,0,364,45,2026-09-05
40738009972800,7163339669568,Indiana Jones - Dr. Jurgen Voller,Funko Pops!|Indiana Jones|More Movies & TV|Movies & TV,12.99,2025-09-06,,0,364,45,2026-09-05
40738013642816,7163340521536,Letterkenny Katy #1164,Funko Pops!,12.99,2025-09-06,2026-03-13,1,188,45,2026-09-05
40738014625856,7163341045824,Letterkenny Daryl #1163,Funko Pops!,12.99,2025-09-06,2026-03-13,1,188,45,2026-09-05
40738018066496,7163341701184,One Piece Eustass Kid Funko Pop Vinyl Figure #1932,Anime|Funko Pops!|One Piece,16.99,2025-09-06,2025-12-07,1,92,45,2026-09-05
40738022162496,7163342618688,Nascar - Bubba Wallace #17,Funko Pops!|More Sports|Sports,12.99,2025-09-06,,0,364,45,2026-09-05
40738023374912,7163343241280,Nascar - Chase elliott #18,Funko Pops!|More Sports|Sports,14.99,2025-09-06,,0,364,45,2026-09-05
40738027765824,7163344158784,Game of Thrones Daenerys Targaryen on Dragonstone Throne #63,Funko Pops!|Game of Thrones|Movies & TV,19.99,2025-09-06,2026-03-21,1,196,45,2026-09-05
40738235842624,7163397996608,Game of Thrones - Jon Snow #80,Funko Pops!|Game of Thrones|Movies & TV,15.99,2025-09-06,,0,364,45,2026-09-05
40738386509888,7163409760320,Game of Thrones - Cersei Lannister #73,Funko Pops!|Game of Thrones|Movies & TV,14.99,2025-09-06,,0,364,45,2026-09-05
40738387099712,7163409858624,Game of Thrones - Giant Wight #60,Funko Pops!|Game of Thrones|Movies & TV,39.99,2025-09-06,,0,364,45,2026-09-05
40738387132480,7163409891392,Game of Thrones - Tyrion Lannister #50,Funko Pops!|Game of Thrones|Movies & TV,18.99,2025-09-06,2025-09-20,1,14,45,2026-09-05
40738389033024,7163409989696,Game of Thrones - Beric Dondarrion #65,Funko Pops!|Game of Thrones|Movies & TV,24.99,2025-09-06,2026-04-25,1,231,45,2026-09-05
40738389098560,7163410055232,Game of Thrones - Bran Stark #52,Funko Pops!|Game of Thrones|Movies & TV,12.99,2025-09-06,,0,364,45,2026-09-05
40738389393472,7163410186304,Game of Thrones - Brienne of Tarth #13,Funko Pops!|Game of Thrones|Movies & TV,14.99,2025-09-06,,0,364,45,2026-09-05
40738389721152,7163410317376,Game of Thrones - King Bran the Broken #83,Funko Pops!|Game of Thrones|Movies & TV,12.99,2025-09-06,2025-10-04,1,28,45,2026-09-05
40738391392320,7163410382912,Game of Thrones - Tormund Giantsbane #53,Funko Pops!|Game of Thrones|Movies & TV,18.99,2025-09-06,2026-02-18,1,165,45,2026-09-05
40738391556160,7163410448448,Game of Thrones - Sansa Stark #82,Funko Pops!|Game of Thrones|Movies & TV,26.99,2025-09-06,2025-10-04,1,28,45,2026-09-05
40738391621696,7163410513984,Game of thrones - Theon Greyjoy #81,Funko Pops!|Game of Thrones|Movies & TV,12.99,2025-09-06,2026-01-18,1,134,45,2026-09-05
40738392211520,7163410710592,Game of Thrones - Arya Stark #09,Funko Pops!|Game of Thrones|Movies & TV,19.99,2025-09-06,,0,364,45,2026-09-05
40738392244288,7163410743360,Harry Potter - Cedric Diggory #90,Funko Pops!|Harry Potter|Movies & TV,12.99,2025-09-06,2025-11-19,1,74,45,2026-09-05
40738392440896,7163410874432,Harry Potter - Gilderoy Lockhart #59,Funko Pops!|Harry Potter|Movies & TV,9.99,2025-09-06,2026-09-05,1,364,45,2026-09-05
40738392670272,7163410972736,Harry Potter - Parvati Patil (Yule Ball) #100,Funko Pops!|Harry Potter|Movies & TV,14.99,2025-09-06,,0,364,45,2026-09-05
40738392801344,7163411071040,Harry Potter - Viktor Krum #89,Funko Pops!|Harry Potter|Movies & TV,12.99,2025-09-06,2025-11-19,1,74,45,2026-09-05
40738392834112,7163411103808,Harry Potter - Igor Karkaroff #95,Funko Pops!|Harry Potter|Movies & TV,12.99,2025-09-06,,0,364,45,2026-09-05
40738392997952,7163411333184,Harry Potter - Ginny Weasley #92,Funko Pops!|Harry Potter|Movies & TV,12.99,2025-09-06,2025-11-19,1,74,45,2026-09-05
40738396110912,7163411562560,Harry Potter - Fleur Delacour #88,Funko Pops!|Harry Potter|Movies & TV,12.99,2025-09-06,2025-11-19,1,74,45,2026-09-05
40738396799040,7163411628096,Harry Potter - Hermione Granger #80,Funko Pops!|Harry Potter|Movies & TV,19.99,2025-09-06,2025-11-19,1,74,45,2026-09-05
40738396897344,7163411693632,Harry Potter - Neville Longbottom #22,Funko Pops!|Harry Potter|Movies & TV,18.99,2025-09-06,2025-11-19,1,74,45,2026-09-05
40738447130688,7163421392960,FUNKO POP! Britney Spears #98,Funko Pops!|Music & Pop Culture Icons|Pop,29.99,2025-09-06,2026-03-28,1,203,45,2026-09-05
40738448113728,7163422015552,Breaking Bad - Hank Schrader #164,Funko Pops!|More Movies & TV|Movies & TV,69.99,2025-09-06,2026-02-04,1,151,45,2026-09-05
40738451488832,7163422081088,Stranger Things - Joyce (Biohazard Suit) #526,Funko Pops!|Movies & TV|Stranger Things,21.99,2025-09-06,2025-12-24,1,109,45,2026-09-05
40738454962240,7163422179392,It - Pennywise CHASE-GITD Specialty Series Exclusive #1437,Funko Pops!|Horror|Pennywise,29.99,2025-09-06,2025-09-14,1,8,45,2026-09-05
40738460434496,7163422670912,FUNKO POP! AD Icon: Kellogg's - Eggo with Toaster #254,Funko Pops!|Icons|Music & Pop Culture Icons,14.99,2025-09-06,,0,364,45,2026-09-05
40738460467264,7163422703680,Frieren: Beyond Journey’s End Stark Funko Pop! Vinyl Figure #1988,Anime|Frieren|Funko Pops!,14.99,2025-09-06,2026-02-28,1,175,45,2026-09-05
40738470592576,7163422900288,Funko SE - Dream Team Freddy,Funko Pops!,24.99,2025-09-06,,0,364,45,2026-09-05
40738470625344,7163422933056,Up - Carl w/Baby Snipes SE,Disney|Funko Pops!|Other Great Disney Movies,17.99,2025-09-06,2025-11-29,1,84,45,2026-09-05
40738480390208,7163423129664,Rick and Morty - Kiara #443,Animation|Funko Pops!|Rick and Morty,12.99,2025-09-06,2026-04-17,1,223,45,2026-09-05
40738480652352,7163423359040,Funko - Floaty Freddy #212,Funko Pops!,16.99,2025-09-06,,0,364,45,2026-09-05
40738480750656,7163423457344,SD Comic Con International - Freddy Funko as Toucan SE,Funko Pops!,21.99,2025-09-06,,0,364,45,2026-09-05
40738482520128,7163423653952,Cap' Crunch #14,Funko Pops!|Icons|Music & Pop Culture Icons,13.99,2025-09-06,2025-11-20,1,75,45,2026-09-05
40738482585664,7163423719488,Dreamworks - Shrek (Scary) #1599,Animation|Funko Pops!|More Animation,18.99,2025-09-06,,0,364,45,2026-09-05
40738482618432,7163423752256,Marvel - Rocket Raccoon (Classic) - PX Exclusive #396,Funko Pops!|Guardians of the Galaxy|Marvel,15.99,2025-09-06,2026-07-18,1,315,45,2026-09-05
40738482946112,7163423916096,Spongebob & Patrick (Best Friend Shirts)- 2 pack,Animation|Funko Pops!|More Animation,51.99,2025-09-06,,0,364,45,2026-09-05
40738483109952,7163424014400,South Park - Marjorine #23,Animation|Funko Pops!|More Animation,26.99,2025-09-06,,0,364,45,2026-09-05
40738574303296,7163438891072,Wonder Woman #03,Funko Pops!|Wonder Woman,19.99,2025-09-07,2026-04-04,1,209,32,2026-09-05
40738574630976,7163438956608,Stranger Things - The Piggyback Eddie #1505,Funko Pops!|Movies & TV|Stranger Things,36.99,2025-09-07,2025-10-25,1,48,32,2026-09-05
40738574663744,7163438989376,Harry Potter - Ron Weasley (Howler) #71,Funko Pops!|Harry Potter|Movies & TV,12.99,2025-09-07,2026-02-07,1,153,32,2026-09-05
40738575745088,7163439120448,South Park - Kyle #24,Animation|Funko Pops!|More Animation,14.99,2025-09-07,2026-04-18,1,223,32,2026-09-05
40738575777856,7163439153216,South Park - Stan (Shadow Hachi Stan) #26,Animation|Funko Pops!|More Animation,13.99,2025-09-07,2025-11-16,1,70,32,2026-09-05
40738575941696,7163439218752,Monster High Ghoulia Yelps Funko Pop! Vinyl Figure #154,Funko Pops!|Icons|Music & Pop Culture Icons,13.99,2025-09-07,2026-02-01,1,147,32,2026-09-05
40738575974464,7163439251520,Monster High Abbey Bominable Funko Pop! Vinyl Figure #155,Funko Pops!|Icons|Music & Pop Culture Icons,13.99,2025-09-07,2026-01-31,1,146,32,2026-09-05
40738576007232,7163439284288,Monster High Cleo De Nile Funko Pop! Vinyl Figure #117,Funko Pops!|Icons|Music & Pop Culture Icons,13.99,2025-09-07,2026-01-31,1,146,32,2026-09-05
40738576498752,7163439382592,Teenage Mutant Ninja Turtles: The Last Ronin Raphael Funko Pop Vinyl Figure #44,Animation|Funko Pops!|More Animation,14.99,2025-09-07,2025-12-20,1,104,32,2026-09-05
40738576531520,7163439415360,Teenage Mutant Ninja Turtles: The Last Ronin Leonardo Funko Pop Vinyl Figure #43,Animation|Funko Pops!|More Animation,14.99,2025-09-07,2026-08-08,1,335,32,2026-09-05
40738576793664,7163439480896,Teenage Mutant Ninja Turtles: The Last Ronin Donatello Funko Pop Vinyl Figure #42,Animation|Funko Pops!|More Animation,14.99,2025-09-07,2026-08-08,1,335,32,2026-09-05
40738577383488,7163439579200,Star Trek Transporter James T. Kirk Glitter Funko Pop! Vinyl Figure Plus #1689,Funko Pops!|More Movies & TV|Movies & TV,14.99,2025-09-07,,0,363,32,2026-09-05
40738577416256,7163439611968,The Adventures of Ichabod and Mr. Toad Ichabod Crane Funko Pop! Vinyl Figure #1484,Disney|Funko Pops!|Other Great Disney Movies,13.99,2025-09-07,,0,363,32,2026-09-05
40738577678400,7163439710272,Star Trek Transporter Jean-Luc Picard Glitter Funko Pop! Vinyl Figure Plus #1687,Funko Pops!|More Movies & TV|Movies & TV,14.99,2025-09-07,2025-11-01,1,55,32,2026-09-05
40738577776704,7163439808576,NFL Legends Bears Dick Butkus Funko Pop! Vinyl Figure #260,Funko Pops!|NFL|Sports,13.99,2025-09-07,2026-01-18,1,133,32,2026-09-05
40738577875008,7163439841344,NFL Legends Oilers Warren Moon Funko Pop! Vinyl Figure #263,Funko Pops!|NFL|Sports,13.99,2025-09-07,2026-05-02,1,237,32,2026-09-05
40738578038848,7163439939648,InuYasha Bankotsu Funko Pop! Vinyl Figure #1929,Anime|Funko Pops!|Inuyasha,13.99,2025-09-07,,0,363,32,2026-09-05
40738578071616,7163439972416,InuYasha (Laying Down) Funko Pop! Vinyl Figure #1928,Anime|Funko Pops!|Inuyasha,13.99,2025-09-07,2026-03-15,1,189,32,2026-09-05
40738578530368,7163440037952,InuYasha Jakotsu Funko Pop! Vinyl Figure #1930,Anime|Funko Pops!|Inuyasha,13.99,2025-09-07,2025-10-25,1,48,32,2026-09-05
40738578595904,7163440103488,Superman (2025 Movie) Krypto Funko Pop! Vinyl Figure #565,Funko Pops!|Superman,14.99,2025-09-07,2025-10-06,1,29,32,2026-09-05
40738578726976,7163440201792,Superman (2025 Movie) Lex Luthor Funko Pop! Vinyl Figure #564,DC Comics|Funko Pops!|Superman,14.99,2025-09-07,2025-10-06,1,29,32,2026-09-05
40738578759744,7163440234560,Superman (2025 Movie) Lois Lane Funko Pop! Vinyl Figure #563,DC Comics|Funko Pops!|Superman,13.99,2025-09-07,2025-10-06,1,29,32,2026-09-05
40738579087424,7163440398400,Superman (2025 Movie) Superman Funko Pop! Vinyl Figure #562,DC Comics|Funko Pops!|Superman,14.99,2025-09-07,2025-10-06,1,29,32,2026-09-05
40738579185728,7163440496704,Phineas and Ferb Ferb Funko Pop! Vinyl Figure #1628,Funko Pops!,14.99,2025-09-07,2025-09-27,1,20,32,2026-09-05
40738579644480,7163440595008,Phineas and Ferb Agent P Funko Pop! Vinyl Figure #1627,Funko Pops!,14.99,2025-09-07,2025-09-27,1,20,32,2026-09-05
40738579677248,7163440627776,Phineas and Ferb Phineas Funko Pop! Vinyl Figure #1629,Funko Pops!,14.99,2025-09-07,2025-09-27,1,20,32,2026-09-05
40738580136000,7163440758848,Saw Jigsaw Funko Pop! Vinyl Figure #1820,Funko Pops!|More Movies & TV|Movies & TV,14.99,2025-09-07,2025-10-10,1,33,32,2026-09-05
40738580168768,7163440791616,Saw Jigsaw Funko Pop! (CHASE) Vinyl Figure #1820,Funko Pops!|More Movies & TV|Movies & TV,46.99,2025-09-07,2026-01-29,1,144,32,2026-09-05
40738590720064,7163442462784,DC - Superman (Imperial Palace) #402,DC Comics|Funko Pops!|Superman,12.99,2025-09-07,,0,363,32,2026-09-05
40738593505344,7163442724928,The Suicide Squad - Rick Flag #1115,Funko Pops!|Suicide Squad,12.99,2025-09-07,,0,363,32,2026-09-05
40738595864640,7163442921536,Game of Thrones  - Daenerys & Jorah at the Battle of Winterfell #86,Funko Pops!|Game of Thrones|Movies & TV,19.99,2025-09-07,2026-01-08,1,123,32,2026-09-05
40738603302976,7163443642432,Loungefly - Sesame Street Exclusive Count Von Count Cosplay Backpack,Backpack|Backpacks|Loungefly,66.99,2025-09-07,2025-12-03,1,87,32,2026-09-05
40742654672960,7164731818048,The Fantastic Four: First Steps The Thing (Trench Coat) Funko Pop! Vinyl Figure #1524 - Entertainment Earth Exclusive,Fantastic Four|Funko Pops!|Marvel,16.99,2025-09-11,2025-09-13,1,2,1,2026-09-05
40742842859584,7164760129600,Rocky Horror Picture Show - Eddie #1911,Funko Pops!|Horror|Rocky Horror Picture Show,14.99,2025-09-12,2026-03-13,1,182,19,2026-09-05
40742843842624,7164760260672,The Rocky Horror Picture Show - Frank-N-Furter in Hospital Gown #1912,Funko Pops!|Horror|Rocky Horror Picture Show,15.99,2025-09-12,2025-10-12,1,30,19,2026-09-05
40742844072000,7164760326208,Rocky Horror Picture Show - Magenta #1913,Funko Pops!|Horror|Rocky Horror Picture Show,14.99,2025-09-12,2025-11-29,1,78,19,2026-09-05
40742844465216,7164760457280,Rocky Horror Picture Show - Riff Raff #1914,Funko Pops!|Horror|Rocky Horror Picture Show,14.99,2025-09-12,2026-03-13,1,182,19,2026-09-05
40742845939776,7164760621120,Rocky Horror Picture Show - Columbia (Glitter) #1916,Funko Pops!|Horror|Rocky Horror Picture Show,14.99,2025-09-12,2025-11-29,1,78,19,2026-09-05
40742847217728,7164761210944,Solo Leveling Cha Hae-In Funko Pop! Vinyl Figure #1983,Anime|Funko Pops!|Solo Leveling,14.99,2025-09-12,2025-09-19,1,7,19,2026-09-05
40742847447104,7164761276480,Terrifier - Art the Clown (with Head) #1796,Funko Pops!|Horror|Terrifier,21.99,2025-09-12,2025-11-22,1,71,19,2026-09-05
40742850527296,7164761473088,Us Movie - Red #836,Funko Pops!|More Movies & TV|Movies & TV,12.99,2025-09-12,,0,358,19,2026-09-05
40742865043520,7164763045952,Zombieland - Tallahassee #997,Funko Pops!|More Movies & TV|Movies & TV,24.99,2025-09-12,2025-10-04,1,22,19,2026-09-05
40742865502272,7164763111488,Zombieland - Wichita #999,Funko Pops!|More Movies & TV|Movies & TV,17.99,2025-09-12,2025-10-04,1,22,19,2026-09-05
40742866583616,7164763340864,Marvel - Hawkeye - Maya Lopez #1214,Avengers|Funko Pops!|Marvel,12.99,2025-09-12,,0,358,19,2026-09-05
40742873038912,7164763996224,Evil Ash Army of Darkness #1671,Funko Pops!|Music & Pop Culture Icons,19.99,2025-09-12,2025-10-25,1,43,19,2026-09-05
40742875955264,7164764225600,Marvel - The Falcon Winter Soldier #814,Captain America|Funko Pops!|Marvel,12.99,2025-09-12,,0,358,19,2026-09-05
40742877888576,7164764389440,The falcon Winter Soldier - US Agent #815,Captain America|Funko Pops!,12.99,2025-09-12,,0,358,19,2026-09-05
40742879985728,7164764553280,Loungefly - Pokémon Metallic Bulbasaur Mini-Backpack,Backpack|Backpacks|Loungefly|Pokemon,69.99,2025-09-12,,0,358,19,2026-09-05
40742880116800,7164764651584,Loungefly - Strawberry Shortcake Denim Gingham Mini-Backpack,Backpack|Backpacks|Loungefly|new arrivals,69.99,2025-09-12,2026-07-05,1,296,19,2026-09-05
40742881591360,7164764848192,Loungefly - Chucky Pop Up Clown Mini Backpack,Backpack|Backpacks|Chucky|Loungefly,79.99,2025-09-12,,0,358,19,2026-09-05
40742881689664,7164764913728,Loungefly -Sanrio Kuromi Devilish Winged Mini-Backpack - Entertainment Earth Exclusive,Backpack|Backpacks|Loungefly,74.99,2025-09-12,,0,358,19,2026-09-05
40743426129984,7165060612160,Solo Leveling Yoo Jinho Funko Pop! Vinyl Figure #1984,Anime|Funko Pops!|Solo Leveling,14.99,2025-09-12,2025-09-19,1,7,19,2026-09-05
40743965392960,7165336944704,Marvel Endgame - HULK w/Gauntlet #478,Avengers|Funko Pops!|Marvel,15.99,2025-09-13,,0,357,23,2026-09-05
40743965458496,7165337010240,MARVEL - Professor Hulk (6 inch) PX Exclusive #705,Avengers|Funko Pops!|Marvel,18.99,2025-09-13,,0,357,23,2026-09-05
40743966212160,7165337108544,"Marvel - Ant-Man ""WASP"" Hank Pym Unmasked (Hot Topic) - #346",Ant-Man|Funko Pops!|Marvel,9.99,2025-09-13,,0,357,23,2026-09-05
40743969685568,7165338878016,Star Wars - Bo_Katan Kryze on the Throne #669,Funko Pops!|Movies & TV|Star Wars,21.99,2025-09-13,,0,357,23,2026-09-05
40743977156672,7165342875712,Star Wars - Luke Skywalker w/Tauntaun #366,Funko Pops!|Movies & TV|Star Wars,24.99,2025-09-13,2026-04-18,1,217,23,2026-09-05
40743977680960,7165343039552,Star Wars - IG-11 POP! and TEE size M,funko|Funko Pop|Funko POP! and Tee|Star Wars,36.99,2025-09-13,,0,357,23,2026-09-05
40743978008640,7165343301696,DC Super Heroes - BANE #412,DC Comics|Funko Pops!,12.99,2025-09-13,,0,357,23,2026-09-05
40743978106944,7165343367232,Marvel - Secret Invasion #1115,Funko Pops!|Marvel|More Marvel Comics,14.99,2025-09-13,2026-01-23,1,132,23,2026-09-05
40743978369088,7165343432768,Marvel X-Men - Goblin Queen #1304,Funko Pops!|Marvel|More Marvel Comics,14.99,2025-09-13,,0,357,23,2026-09-05
40743978664000,7165343531072,Aquaman PX Exclusive #16,Aquaman|Funko Pops!,12.99,2025-09-13,,0,357,23,2026-09-05
40743978762304,7165343629376,Marvel - Spider-Girl (Anya Corazon) #271,Anime|Funko Pops!|Marvel|One Piece,16.99,2025-09-13,,0,357,23,2026-09-05
40743978827840,7165343662144,Wonder Woman (Ultra Mod Secret Agent) #382,Funko Pops!|Wonder Woman,12.99,2025-09-13,,0,357,23,2026-09-05
40743978860608,7165343694912,Justice League - Trigon #473,Funko Pops!|Justice League,14.99,2025-09-13,2025-10-31,1,48,23,2026-09-05
40743979057216,7165343825984,Toronto Maple Leafs - Auston Matthews #74,Funko Pops!|NHL|Sports,15.99,2025-09-13,2026-08-15,1,336,23,2026-09-05
40743979253824,7165344022592,Loungefly Stitch Shoppe Hocus Pocus Emily Binx Glow Convertible Crossbody Bag/Backpack,Loungefly,69.99,2025-09-13,,0,357,23,2026-09-05
40743979450432,7165344153664,Loungefly Disney Santa Stitch Cosplay Zip-Around Wallet Holiday Exclusive,Backpack|Lilo & Stitch|Loungefly,29.99,2025-09-13,,0,357,23,2026-09-05
40743986102336,7165345562688,Loungefly Disney Mickey Mouse Snowman Sequin Wallet Character Zip Around,Backpack|Loungefly,29.99,2025-09-13,,0,357,23,2026-09-05
40743986692160,7165345660992,Loungefly Dreamworks Shrek Princess Fiona Cosplay Backpack,Backpack|Backpacks|Loungefly,67.99,2025-09-13,2026-07-23,1,313,23,2026-09-05
40743987380288,7165346021440,Disney The Nightmare Before Christmas Exclusive Snowman Jack Skellinton Mini Backpack,Backpack|Backpacks|Loungefly|The Nightmare Before Christmas,69.99,2025-09-13,,0,357,23,2026-09-05
40743987413056,7165346054208,The Nightmare Before Christmas Exclusive Snowman Jack Skellington Large Card Holder,Backpack|Loungefly|The Nightmare Before Christmas,26.99,2025-09-13,,0,357,23,2026-09-05
40743987576896,7165346152512,Star wars - Tobias Beckett (Pistols) #250,Funko Pops!|Movies & TV|Star Wars,12.99,2025-09-13,,0,357,23,2026-09-05
40743987609664,7165346185280,Star Wars - Rio Durant #244,Funko Pops!|Movies & TV|Star Wars,12.99,2025-09-13,,0,357,23,2026-09-05
40743987675200,7165346250816,Star Wars - At-At Driver #92,Funko Pops!|Movies & TV|Star Wars,12.99,2025-09-13,,0,357,23,2026-09-05
40749219348544,7167137644608,Hello Kitty - Kuromi 20th Anniversary #115,Anime|Funko Pops!|More Anime Favorites,14.99,2025-09-19,2026-06-20,1,274,4,2026-09-05
40749220200512,7167138070592,Toy Story - Andy (30th Anniversary) #1596,Disney|Funko Pops!|Toy Story,14.99,2025-09-19,2026-01-10,1,113,4,2026-09-05
40749221511232,7167138758720,Toy Story - AL (30th Anniversary) #1600,Disney|Funko Pops!|Toy Story,19.99,2025-09-19,2026-01-29,1,132,4,2026-09-05
40749223280704,7167139676224,Back to the Future - Doc & Marty #1846,Funko Pops!|More Movies & TV|Movies & TV,34.99,2025-09-19,2025-11-01,1,43,4,2026-09-05
40750207533120,7167526207552,Pokemon led watch,Anime|Extras|watch,13.99,2025-09-20,,0,350,10,2026-09-05
40750209368128,7167527157824,One Piece anime quartz watch,Anime|Extras|watch,9.99,2025-09-20,2026-08-30,1,344,10,2026-09-05
40750212448320,7167528108096,One Piece anime tumbler,Anime|One Piece|tumbler,17.99,2025-09-20,,0,350,10,2026-09-05
40750213005376,7167528435776,Black Clover anime tumbler,Anime|Black Clover|tumbler,17.99,2025-09-20,,0,350,10,2026-09-05
40750213398592,7167528632384,Rick and Morty sublimated water bottle,Animation|Rick and Morty|tumbler,14.99,2025-09-20,,0,350,10,2026-09-05
40750214807616,7167529353280,Attack on Titan anime tumbler,Anime|Attack on Titan|tumbler,17.99,2025-09-20,,0,350,10,2026-09-05
40750216085568,7167530041408,Rick and Morty anime wallet,Animation|Rick and Morty|Wallet,9.99,2025-09-20,,0,350,10,2026-09-05
40750217658432,7167530893376,Solo Leveling anime pen,Anime|Extras|pen|Solo Leveling,1.75,2025-09-20,,0,350,10,2026-09-05
40750218182720,7167531155520,Sailor Moon anime pen,Anime|Extras|pen|Solo Leveling,1.75,2025-09-20,2026-08-29,1,343,10,2026-09-05
40750218608704,7167531417664,One Piece anime pen,Anime|Extras|One Piece|pen,1.75,2025-09-20,2026-02-28,1,161,10,2026-09-05
40751643164736,7168069042240,Pokemon Plush Keychain,,4.99,2025-09-21,2026-03-01,1,161,35,2026-09-05
40751643197504,7168069042240,Pokemon Plush Keychain,,4.99,2025-09-21,2026-03-28,1,188,35,2026-09-05
40751643230272,7168069042240,Pokemon Plush Keychain,,4.99,2025-09-21,2025-11-22,1,62,35,2026-09-05
40751643263040,7168069042240,Pokemon Plush Keychain,,4.99,2025-09-21,,0,349,35,2026-09-05
40751643295808,7168069042240,Pokemon Plush Keychain,,4.99,2025-09-21,2025-12-28,1,98,35,2026-09-05
40751643328576,7168069042240,Pokemon Plush Keychain,,4.99,2025-09-21,2025-12-28,1,98,35,2026-09-05
40751643361344,7168069042240,Pokemon Plush Keychain,,4.99,2025-09-21,2026-01-02,1,103,35,2026-09-05
40751643394112,7168069042240,Pokemon Plush Keychain,,4.99,2025-09-21,2025-11-22,1,62,35,2026-09-05
40751643426880,7168069042240,Pokemon Plush Keychain,,4.99,2025-09-21,,0,349,35,2026-09-05
40751644049472,7168069206080,One Piece Monkey D. Luffy Gear 5 Backpack,Backpack|Backpacks|Loungefly|One Piece,24.99,2025-09-21,2026-07-05,1,287,35,2026-09-05
40751648833600,7168071893056,Marvel - Star-Lord #395,Funko Pops!|Guardians of the Galaxy|Marvel,21.99,2025-09-21,2026-07-24,1,306,35,2026-09-05
40751650439232,7168072384576,Batman & Robin - Mr. Freeze #342,Batman|Funko Pops!,13.99,2025-09-21,2026-04-18,1,209,35,2026-09-05
40751650472000,7167526010944,Five Nights at Freddy's anime keychain,Anime|Extras|Keychain,4.99,2025-09-21,2025-10-11,1,20,35,2026-09-05
40751650504768,7167526010944,Five Nights at Freddy's anime keychain,Anime|Extras|Keychain,4.99,2025-09-21,2026-04-04,1,195,35,2026-09-05
40751650537536,7167526010944,Five Nights at Freddy's anime keychain,Anime|Extras|Keychain,4.99,2025-09-21,2025-10-11,1,20,35,2026-09-05
40751650570304,7167526010944,Five Nights at Freddy's anime keychain,Anime|Extras|Keychain,4.99,2025-09-21,2026-02-07,1,139,35,2026-09-05
40751650603072,7167526010944,Five Nights at Freddy's anime keychain,Anime|Extras|Keychain,4.99,2025-09-21,,0,349,35,2026-09-05
40751650734144,7168072482880,Marvel - Ant-Man - Yellowjacket #86,Ant-Man|Funko Pops!|Marvel,12.99,2025-09-21,,0,349,35,2026-09-05
40751650766912,7168072515648,Marvel Studios - Gamora (Gold) #382,Funko Pops!|Guardians of the Galaxy|Marvel,12.99,2025-09-21,,0,349,35,2026-09-05
40751651192896,7168072745024,Marvel Guardians of the Galazxy - Rocket Racoon #48,Funko Pops!|Guardians of the Galaxy|Marvel,14.99,2025-09-21,2025-12-17,1,87,35,2026-09-05
40751652438080,7168073400384,Marvel Studios - She/Hulk Gala (Glitter) #1127,Avengers|Funko Pops!|Marvel,12.99,2025-09-21,,0,349,35,2026-09-05
40751652470848,7168073433152,Pokemon - Mewtwo #581,Funko Pops!|Pokemon|Video Games,16.99,2025-09-21,2025-10-30,1,39,35,2026-09-05
40751652503616,7168073465920,Pokemon - Charmander (Silver Metallic) #455,Funko Pops!|Pokemon|Video Games,12.99,2025-09-21,2025-12-20,1,90,35,2026-09-05
40751652634688,7168073596992,The Umbrella Academy - Luther #928,Funko Pops!|More Movies & TV|Movies & TV,12.99,2025-09-21,,0,349,35,2026-09-05
40751652667456,7168073629760,The Umbrella Academy- Pogo #935,Funko Pops!|More Movies & TV|Movies & TV,12.99,2025-09-21,2026-07-02,1,284,35,2026-09-05
40751652765760,7168073728064,The Umbrella Academy - Ben #933,Funko Pops!|More Movies & TV|Movies & TV,16.99,2025-09-21,,0,349,35,2026-09-05
40751653093440,7168073793600,The Umbrella Academy - Vanya #934,Funko Pops!|More Movies & TV|Movies & TV,12.99,2025-09-21,,0,349,35,2026-09-05
40751653126208,7168073826368,Ghostbusters = Scary Library Ghost #748,Animation|Funko Pops!|Ghostbusters,14.99,2025-09-21,,0,349,35,2026-09-05
40751653486656,7168073924672,Ghostbusters - Abby Yates #303,Animation|Funko Pops!|Ghostbusters,12.99,2025-09-21,,0,349,35,2026-09-05
40751653519424,7168073957440,Ghostbusters - Gertrude Eldridge #307,Animation|Funko Pops!|Ghostbusters,12.99,2025-09-21,,0,349,35,2026-09-05
40751653584960,7168074022976,Loungefly - Mickey Mouse The Band Concert Mini Backpack,Backpack|Backpacks|Loungefly,64.99,2025-09-21,2026-02-25,1,157,35,2026-09-05
40751654469696,7168074154048,Loungefly - Disney Lilo & Stitch Elf Stitch Mini Backpack,Backpack|Backpacks|Lilo & Stitch|Loungefly,59.99,2025-09-21,,0,349,35,2026-09-05
40751654862912,7168074219584,Loungefly Star Wars Rebels Sabine Spray Paint Mini Backpack Mandalorian,Backpack|Backpacks|Loungefly|Star Wars,67.99,2025-09-21,,0,349,35,2026-09-05
40751654895680,7168074252352,Star Wars NYCC Exclusive - Star Wars™ Droids Boba Fett™ Mini Backpack,Backpack|Backpacks|Loungefly|Star Wars,67.99,2025-09-21,,0,349,35,2026-09-05
40751655059520,7168074416192,The Mandalorian Loungefly Ahsoka Holding Grogu Cosplay Mini Backpack,Backpack|Backpacks|Loungefly|Star Wars,67.99,2025-09-21,2026-04-14,1,205,35,2026-09-05
40755437830208,7168703266880,Back to the Future 40th Anniversary Doc with Time Machine Deluxe Funko Pop! Ride,Funko Pops!|More Movies & TV|Movies & TV,29.99,2025-09-25,2025-11-23,1,59,1,2026-09-05
40757194948672,7168935264320,Frankenweenie Victor with Sparky Funko Pop! Vinyl Figure and Pop! Buddy #2038,Disney|Funko Pops!|Other Great Disney Movies,14.99,2025-09-27,,0,343,9,2026-09-05
40757196521536,7168936771648,Corpse Bride Emily with Butterflies Funko Pop! Vinyl Figure Plus #1830,Funko Pops!|Holiday,14.99,2025-09-27,2025-10-18,1,21,9,2026-09-05
40757226078272,7168951255104,KISS The Catman Rock and Roll All Nite Pop! Sayings Funko Pop! Vinyl Figure #474,Funko Pops!|Music & Pop Culture Icons,14.99,2025-09-27,2026-04-19,1,204,9,2026-09-05
40757226209344,7168951320640,KISS The Demon Rock and Roll All Nite Pop! Sayings Funko Pop! Vinyl Figure #471,Funko Pops!|Music & Pop Culture Icons,14.99,2025-09-27,2026-07-16,1,292,9,2026-09-05
40757239742528,7168957186112,KISS The Starchild Rock and Roll All Nite Pop! Sayings Funko Pop! Vinyl Figure #472,Funko Pops!|Music & Pop Culture Icons,14.99,2025-09-27,,0,343,9,2026-09-05
40757246918720,7168960593984,KISS The Spaceman Rock and Roll All Nite Pop! Sayings Funko Pop! Vinyl Figure #473,Funko Pops!|Music & Pop Culture Icons,14.99,2025-09-27,2025-11-01,1,35,9,2026-09-05
40757247705152,7168960725056,Reba McEntire (Cowgirl) Funko Pop! Vinyl Figure #478,Funko Pops!|Music & Pop Culture Icons,14.99,2025-09-27,2026-02-05,1,131,9,2026-09-05
40757248294976,7168961052736,Ozzy Osbourne Bark at the Moon Flocked Funko Pop! Album Figure with Case #60,Funko Pops!|Music & Pop Culture Icons,24.99,2025-09-27,2025-10-05,1,8,9,2026-09-05
40757248491584,7168961249344,Daredevil: Born Again Punisher Funko Pop! Vinyl Figure #1545,Funko Pops!|Marvel|More Marvel Comics,14.99,2025-09-27,,0,343,9,2026-09-05
40757600714816,7169021280320,Loungefly Strawberry Shortcake Wallet Mailbox Mini Snap Closure Flap Wallet,Backpack|Loungefly,19.99,2025-09-28,2025-12-01,1,64,14,2026-09-05
40757603401792,7169021509696,STAR WARS LIGHT SABER FUNKO POP! WALLET,Backpack|Loungefly|Star Wars,14.99,2025-09-28,,0,342,14,2026-09-05
40757604646976,7169021837376,Funko Pocket POP Keychain: DC - Joker Gamer [GITD] [GameStop],DC Comics|GameStop Exclusive|Pocket Pop Keychain|The Joker|Villains,9.99,2025-09-28,,0,342,14,2026-09-05
40757604778048,7169021935680,Funko DC Batman 80th Pocket POP! The Joker Exclusive Keychain [Gamer],DC Comics|GameStop Exclusive|pocket pop keychain|The Joker|Villains,7.99,2025-09-28,,0,342,14,2026-09-05
40757604909120,7169022066752,Loungefly Disney Toy Story Jessie Cosplay Zip Around Wallet,Backpack|Loungefly|Toy Story,27.99,2025-09-28,2026-06-16,1,261,14,2026-09-05
40757614575680,7169023639616,Loungefly x The Nightmare Before Christmas Snowman Jack Skellington Card Holder,Backpack|Loungefly|The Nightmare Before Christmas,26.99,2025-09-28,,0,342,14,2026-09-05
40757632630848,7169024589888,Funko Pop! Pez: DC Super Heroes - The Joker Gamer Chase Exclusive Dispenser,Batman|DC Comics|Funko Pops!,0.00,2025-09-28,,0,342,14,2026-09-05
40757633286208,7169024688192,Pop! PEZ: The Dark Crystal: Age of Resistance - Chamberlain Skeksis,Funko Pops!|More Movies & TV|Movies & TV,9.99,2025-09-28,,0,342,14,2026-09-05
40757636595776,7169024852032,"Funko Pop! Deluxe: Stranger Things Build A Scene - Hopper, Amazon Exclusive",Funko Pops!|Movies & TV|Stranger Things,23.99,2025-09-28,2026-01-18,1,112,14,2026-09-05
40757644787776,7169025802304,Star Wars Power of the Galaxy: Sabine Wren (Autographed) #547,Funko Pops!|Movies & TV|Star Wars,170.00,2025-09-28,,0,342,14,2026-09-05
40757646721088,7169025933376,Playstation - Joel (GameStop Exclusive) #620,Funko Pops!|More Video Games|Video Games,114.99,2025-09-28,2025-11-01,1,34,14,2026-09-05
40757646753856,7169025966144,Star Wars - Darth Maul & Gar Saxon (Glow in the Dark | 2 Pack),Funko Pops!|Movies & TV|Star Wars,22.99,2025-09-28,2026-05-16,1,230,14,2026-09-05
40757651537984,7169027997760,Star Wars - Wedge Antilles with Snow Speeder #219,Funko Pops!|Movies & TV|Star Wars,24.99,2025-09-28,,0,342,14,2026-09-05
40757855223872,7169077477440,Loungefly Exclusive Willy Wonka Oompa Loompa Wallet,Backpack|Loungefly,34.99,2025-09-28,,0,342,14,2026-09-05
40765991551040,7171464560704,7-11 Slurpee - Pina Colada Slurpee #91,Funko Pops!|Icons|Music & Pop Culture Icons,18.99,2025-10-03,,0,337,13,2026-09-05
40765992108096,7171464724544,Dr. Seuss #03,Funko Pops!,12.99,2025-10-03,2026-01-03,1,92,13,2026-09-05
40765992566848,7171464953920,Tirx #188,Funko Pops!,12.99,2025-10-03,,0,337,13,2026-09-05
40765992665152,7171465052224,Mickey Mouse & Minnie Mouse (2 pack),Funko Pops!,16.99,2025-10-03,,0,337,13,2026-09-05
40765992697920,7171465084992,"G.I, Joe - Leatherneck #09",Funko Pops!|Icons|Music & Pop Culture Icons,14.99,2025-10-03,2025-12-31,1,89,13,2026-09-05
40765992992832,7171465379904,G.I. Joe - The Baroness #75,Funko Pops!|Icons|Music & Pop Culture Icons,12.99,2025-10-03,,0,337,13,2026-09-05
40765993418816,7171465707584,Star Wars Rebels - Sabine Wren #679,Funko Pops!|Movies & TV|Star Wars,14.99,2025-10-03,,0,337,13,2026-09-05
40765993812032,7171465904192,Star Wars - Am GITD Target Exclusive #503,Funko Pops!|Movies & TV|Star Wars,12.99,2025-10-03,,0,337,13,2026-09-05
40765993844800,7171465936960,Masters of the Universe #564,Animation|Funko Pops!|More Animation,12.99,2025-10-03,,0,337,13,2026-09-05
40765993943104,7171466035264,Star Wars - Jyn Erso #555,Funko Pops!|Movies & TV|Star Wars,12.99,2025-10-03,,0,337,13,2026-09-05
40765994008640,7171466100800,Star Wars - Captain Cassian Andor (Brown Jacket) #151,Funko Pops!|Movies & TV|Star Wars,13.99,2025-10-03,,0,337,13,2026-09-05
40765994106944,7171466199104,Star Wars - Krrsantan flocked Summer Convention 2022 #548,Funko Pops!|Movies & TV|Star Wars,14.99,2025-10-03,,0,337,13,2026-09-05
40765994270784,7171466362944,Ben 10 Alien Force - Swampfire #1202,Animation|Funko Pops!|More Animation,32.99,2025-10-03,,0,337,13,2026-09-05
40765994336320,7171466428480,Villains Addemle: Hades with Pain and Panic #1203,Disney|Funko Pops!|Other Great Disney Movies,27.99,2025-10-04,,0,336,15,2026-09-05
40765994500160,7171466592320,Loungefly Marvel Spider-Man Quilted Mask Mini Backpack,Backpack|Backpacks|Loungefly|Marvel|Spider-Man,67.99,2025-10-04,,0,336,15,2026-09-05
40765994598464,7171466690624,Loungefly Parks Wish Asha Backpack,Backpack|Backpacks|Loungefly,64.99,2025-10-04,,0,336,15,2026-09-05
40765994991680,7171466952768,Loungefly Squid Game Seong Gi-Hun Player 456 Cosplay Backpack,Backpack|Backpacks|Loungefly,67.99,2025-10-04,,0,336,15,2026-09-05
40765995221056,7171467182144,San Diego Padres Loungefly Floral Mini Backpack,Backpack|Backpacks|Loungefly|MLB,67.99,2025-10-04,,0,336,15,2026-09-05
40765998202944,7171467608128,Marvel Loki Loungefly Backpack,Backpack|Backpacks|Loki|Loungefly|Marvel,67.99,2025-10-04,,0,336,15,2026-09-05
40765998760000,7171467771968,Loungefly Halloween Friday the 13th Jason Cosplay Glow in the Dark Mini Backpack,Backpack|Backpacks|Friday the 13th|Loungefly,69.99,2025-10-04,2026-02-01,1,120,15,2026-09-05
40766005772352,7171468460096,Loungefly Star Wars Exclusive Emperor Palpatine Force Lightning Mini Backpack,Backpack|Backpacks|Loungefly|Star Wars,67.99,2025-10-04,,0,336,15,2026-09-05
40766005837888,7171468525632,Loungefly The Nightmare Before Christmas Jack Snow Globe Backpack,Backpack|Backpacks|Loungefly|The Nightmare Before Christmas,56.99,2025-10-04,,0,336,15,2026-09-05
40766005870656,7171468558400,Loungefly Animaniacs - WB Tower Mini Backpack,Animaniacs|Backpack|Backpacks|Loungefly,61.99,2025-10-04,2026-07-23,1,292,15,2026-09-05
40766006001728,7171468656704,Loungefly McDonald's McDonald's Big Mac Figural Mini Backpack,Backpack|Backpacks|Icons|Loungefly,64.99,2025-10-04,2026-04-09,1,187,15,2026-09-05
40766006067264,7171468722240,Loungefly Stitch Cosplay Zip Around Wallet,Lilo & Stitch|Loungefly|Wallet|Wallets,27.99,2025-10-04,,0,336,15,2026-09-05
40766006100032,7171468755008,Loungefly Disney Sleeping Beauty 3 Good Fairies Stained Glass Zip Wallet,Loungefly|Wallet,27.99,2025-10-04,2025-12-12,1,69,15,2026-09-05
40766006132800,7171468787776,STITCH PLUSH BIFOLD WALLET Loungefly,Backpack|Lilo & Stitch|Loungefly,27.99,2025-10-04,,0,336,15,2026-09-05
40766006165568,7171468820544,Willy Wonka and the Chocolate Factory - Cosplay Oompa Loompa Loungefly Exclusive,Backpack|Loungefly,66.99,2025-10-04,,0,336,15,2026-09-05
40773915869248,7172921720896,Aerosmith - Joe Perry #476,Funko Pops!|Music & Pop Culture Icons,14.99,2025-10-12,,0,328,5,2026-09-05
40773916000320,7172921786432,Toy Story - Sid (30th Anniversary) #1598,Disney|Funko Pops!|Toy Story,14.99,2025-10-12,2026-08-29,1,321,5,2026-09-05
40773916098624,7172921851968,Mars Attacks - Martian Spy Girl #1876,Funko Pops!|More Movies & TV|Movies & TV,14.99,2025-10-12,2025-12-20,1,69,5,2026-09-05
40773916164160,7172921917504,Mars Attacks - Martian Soldier-Specialty Series Exclusive #1877,Funko Pops!|More Movies & TV|Movies & TV,14.99,2025-10-12,2025-12-13,1,62,5,2026-09-05
40773916262464,7172921950272,Mars Attacks - Martian Ambassador #1874,Funko Pops!|More Movies & TV|Movies & TV,14.99,2025-10-12,2025-12-20,1,69,5,2026-09-05
40776828223552,7173608243264,Home Alone 2: Lost in New York Marv Funko Pop! Vinyl Figure #1919,Funko Pops!|More Movies & TV|Movies & TV,14.99,2025-10-16,2025-12-17,1,62,4,2026-09-05
40776828846144,7173608603712,Home Alone 2: Lost in New York Harry Funko Pop! Vinyl Figure #1917,Funko Pops!|More Movies & TV|Movies & TV,14.99,2025-10-16,2025-12-17,1,62,4,2026-09-05
40776829108288,7173608767552,Home Alone 2: Lost in New York Kevin Funko Pop! Vinyl Figure #1918,Funko Pops!|More Movies & TV|Movies & TV,14.99,2025-10-16,2025-11-22,1,37,4,2026-09-05
40776830746688,7173609553984,Santa Claus Comin' to Town Kris Kringle & Topper Funko Pop! Vinyl Figure and Buddy #1795,Funko Pops!|Holiday,14.99,2025-10-16,,0,324,4,2026-09-05
40777798221888,7173841059904,Loungefly Sanrio Exclusive My Melody Plush Cosplay Bifold Wallet,Backpack|Loungefly,29.99,2025-10-18,,0,322,6,2026-09-05
40777798287424,7173841125440,LoungeFly - Rainbow Brite Cosplay Mini Backpack with side pockets,Backpack|Backpacks|Loungefly,66.99,2025-10-18,2026-03-20,1,153,6,2026-09-05
40777798320192,7173841158208,Loungefly Rainbow Brite™ Exclusive Cosplay Wristlet Wallet,Backpack|Loungefly,36.99,2025-10-18,2025-12-25,1,68,6,2026-09-05
40777798352960,7173841190976,Loungefly Disney Dumbo Exclusive Circus Peanuts Wristlet Wallet,Backpack|Loungefly,39.99,2025-10-18,2025-10-29,1,11,6,2026-09-05
40777798385728,7173841223744,Funko POP! Kuromi #113 Kuromi in gift box (metallic) #113,Anime|Funko Pops!|More Anime Favorites,27.99,2025-10-18,,0,322,6,2026-09-05
40777953312832,7173899124800,Loungefly One Piece Thousand Sunny Figural Crossbody Bag,Loungefly|One Piece,59.99,2025-10-18,,0,322,6,2026-09-05
40780532088896,7174390710336,Wolverine (X-Force) #05,Funko Pops!|Marvel|More Marvel Comics,36.99,2025-10-22,,0,318,33,2026-09-05
40780532645952,7174391038016,Unmasked captain America (Metallic) #06,Captain America|Funko Pops!,69.99,2025-10-22,,0,318,33,2026-09-05
40780533137472,7174391267392,Krampus #14,Funko Pops!|Holiday,19.99,2025-10-22,,0,318,33,2026-09-05
40780533760064,7174391529536,Nickelodeon - Invader Zim - Zim & Gir on the Pig #41,Animation|Funko Pops!|More Animation,39.99,2025-10-22,2026-01-08,1,78,33,2026-09-05
40780534251584,7174391857216,Avengers Age of Ulton #68,Avengers|Funko Pops!,8.99,2025-10-22,,0,318,33,2026-09-05
40780534349888,7174391955520,Avengers Captain America (unmasked) #92,Avengers|Funko Pops!,42.99,2025-10-22,,0,318,33,2026-09-05
40780534579264,7174392086592,Robin Hood (Bow in right hand) #97,Disney|Funko Pops!|Robin Hood,51.99,2025-10-22,,0,318,33,2026-09-05
40780534743104,7174392119360,Shere-Khan #102,Disney|Funko Pops!|Jungle Book,42.99,2025-10-22,,0,318,33,2026-09-05
40780535267392,7174392315968,Batman The Animated Series - BATGIRL #154,Batman|Funko Pops!,24.99,2025-10-22,2026-06-07,1,228,33,2026-09-05
40780535496768,7174392447040,Minions - Gone Batty #171,Animation|Funko Pops!|More Animation,16.99,2025-10-22,,0,318,33,2026-09-05
40780535693376,7174392643648,Batman - Classic 1966 TV Batgirl #186,Batman|Funko Pops!,19.99,2025-10-22,2026-06-07,1,228,33,2026-09-05
40780551127104,7174392774720,Steven Universe - LION #213,Funko Pops!|More Movies & TV|Movies & TV,34.99,2025-10-22,2025-12-30,1,69,33,2026-09-05
40780551192640,7174392840256,Nickelodeon - Real Monsters - ICKIS #222,Animation|Funko Pops!|Real Monsters,21.99,2025-10-22,,0,318,33,2026-09-05
40780551749696,7174393069632,Nickelodeon - Real Monsters Oblina #223,Animation|Funko Pops!|Real Monsters,24.99,2025-10-22,,0,318,33,2026-09-05
40780552732736,7174393299008,Nickelodeon - Real Monsters - Krumm #224,Animation|Funko Pops!|Real Monsters,19.99,2025-10-22,2026-03-28,1,157,33,2026-09-05
40780553814080,7174393921600,Ursula (Diamond) #231,Disney|Funko Pops!|Little Mermaid,15.99,2025-10-22,2026-05-16,1,206,33,2026-09-05
40780554305600,7174394216512,Sailor Moon - Queen Beryl #293,Anime|Funko Pops!|More Anime Favorites,33.99,2025-10-22,2026-01-10,1,80,33,2026-09-05
40780554862656,7174394380352,Scott Pilgrims - Knives Chau #335,Funko Pops!|More Movies & TV|Movies & TV,26.99,2025-10-22,,0,318,33,2026-09-05
40780555452480,7174394609728,Kingdom of Hearts - Shadow Heartless #335,Funko Pops!,16.99,2025-10-22,2026-01-17,1,87,33,2026-09-05
40780555714624,7174394708032,Labyrinth - Jareth #364,Funko Pops!|More Movies & TV|Movies & TV,34.99,2025-10-22,2025-12-04,1,43,33,2026-09-05
40780555976768,7174394806336,Gargoyles - Broadway #393,Animation|Funko Pops!|More Animation,21.99,2025-10-22,2026-02-21,1,122,33,2026-09-05
40780556075072,7174394904640,Gargoyles - Bronx #394,Animation|Funko Pops!|More Animation,34.99,2025-10-22,,0,318,33,2026-09-05
40780556599360,7174395068480,Spiderman Into the Spiderverse - Miles Morales (Cape) #403,Funko Pops!|Spider-Man,31.99,2025-10-22,,0,318,33,2026-09-05
40780557058112,7174395199552,Bob's Burgers - Louise Belcher w/Ketchup and Mustard #414,Funko Pops!|More Movies & TV|Movies & TV,41.99,2025-10-22,,0,318,33,2026-09-05
40780557418560,7174395363392,Marvel - Cap Snowman #532,Captain America|Funko Pops!|Marvel,9.99,2025-10-22,,0,318,33,2026-09-05
40780557746240,7174395461696,Kingdom of Hearts - Sora (LION FORM) #556,Funko Pops!,12.99,2025-10-22,2026-01-16,1,86,33,2026-09-05
40780557942848,7174395560000,Evangelion - Asuka (School Uniform) #635,Anime|Funko Pops!|More Anime Favorites,42.99,2025-10-22,,0,318,33,2026-09-05
40780557975616,7174395592768,Coraline - My. Bobinsky w/Mouse #426,Funko Pops!|More Movies & TV|Movies & TV,109.99,2025-10-22,,0,318,33,2026-09-05
40780558303296,7174395756608,Coraline - The Mother #427,Funko Pops!|More Movies & TV|Movies & TV,104.99,2025-10-22,,0,318,33,2026-09-05
40780558565440,7174395920448,Coraline with Dowsing Rod #1661,Funko Pops!|More Movies & TV|Movies & TV,36.99,2025-10-22,,0,318,33,2026-09-05
40780558696512,7174395985984,Coraline with Cat #422,Funko Pops!|More Movies & TV|Movies & TV,82.99,2025-10-22,,0,318,33,2026-09-05
40780560072768,7174396379200,Jujutsu Kaisen - Nobara Kugisaki (GITD Chase) $1884,Anime|Funko Pops!|Jujutsu Kaisen,39.99,2025-10-22,2026-06-12,1,233,33,2026-09-05
40780569018432,7174397231168,Jujutsu Kaisen - Megumi Fushiguro (GITD CHASE) #1646,Anime|Funko Pops!|Jujutsu Kaisen,86.99,2025-10-22,2026-02-05,1,106,33,2026-09-05
40781431144512,7174611042368,Jujutsu Kaisen - PR Toji Fushiguro #1889,Anime|Funko Pops!|Jujutsu Kaisen,112.99,2025-10-23,2025-12-20,1,58,63,2026-09-05
40781439074368,7174611140672,Jujutsu Kaisen - Ryomen Sukuna (GITD CHASE) #1118,Anime|Funko Pops!|Jujutsu Kaisen,35.99,2025-10-23,,0,317,63,2026-09-05
40781440319552,7174611271744,Jujutsu Kaisen - Aoi Todo (GITD CHASE) #1377,Anime|Funko Pops!|Jujutsu Kaisen,69.99,2025-10-23,2025-11-01,1,9,63,2026-09-05
40781454770240,7174612844608,One Piece - Marshall D. Tech (CHASE) #1921,Anime|Funko Pops!|One Piece,99.99,2025-10-23,2025-11-22,1,30,63,2026-09-05
40781455097920,7174612942912,One Piece - Carrot (GITD CHASE) #1487,Anime|Funko Pops!|One Piece,47.99,2025-10-23,2025-11-22,1,30,63,2026-09-05
40781455261760,7174613008448,One Piece - Smoker (GITD CHASE) #1914,Anime|Funko Pops!|One Piece,99.99,2025-10-23,2025-11-22,1,30,63,2026-09-05
40781456605248,7174613139520,Kaiju No. 8 (CHASE) #2079,Anime|Funko Pops!|Kaiju No. 8,46.99,2025-10-23,2025-11-30,1,38,63,2026-09-05
40781458014272,7174613270592,Jujutsu Kaisen - Nobara Kugisaki #1647,Anime|Funko Pops!|Jujutsu Kaisen,29.99,2025-10-23,,0,317,63,2026-09-05
40781460996160,7174613368896,Jujutsu Kaisen - Satoru Gojo (EE Exclusive) #1888,Anime|Funko Pops!|Jujutsu Kaisen|new arrivals,27.99,2025-10-23,2026-08-28,1,309,63,2026-09-05
40781462044736,7174613499968,Jujutsu Kaisen - Suguro Geto #1891,Anime|Funko Pops!|Jujutsu Kaisen,36.99,2025-10-23,2025-11-01,1,9,63,2026-09-05
40781464666176,7174613762112,Jujutsu Kaisen - Satoru Gojo (2023 Wondercon) #1226,Anime|Funko Pops!|Jujutsu Kaisen,199.99,2025-10-23,2025-12-20,1,58,63,2026-09-05
40781466107968,7174613991488,Jujutsu Kaisen - Satoru Gojo #1959,Anime|Funko Pops!|Jujutsu Kaisen,47.99,2025-10-23,,0,317,63,2026-09-05
40781466992704,7174614188096,Jujutsu Kaisen - Satoru Gojo (2024 Comic Con) #1608,Anime|Funko Pops!|Jujutsu Kaisen,104.99,2025-10-23,2026-04-10,1,169,63,2026-09-05
40781467418688,7174614286400,Jujutsu Kaisen - Satoru Gojo (Gamestop Exclusive) #1648,Anime|Funko Pops!|Jujutsu Kaisen,19.99,2025-10-23,2025-11-16,1,24,63,2026-09-05
40781468106816,7174614450240,Jujutsu Kaisen - Suguru Geto (Beach Outfit) AX Expo Exclusive #1960,Anime|Funko Pops!|Jujutsu Kaisen,39.99,2025-10-23,2026-02-04,1,104,63,2026-09-05
40781469515840,7174614745152,Jujutsu Kaisen - Choso #1886,Anime|Funko Pops!|Jujutsu Kaisen,17.99,2025-10-23,2025-11-01,1,9,63,2026-09-05
40781469548608,7174614777920,Jujutsu Kaisen - Ryomen Sukuna (Boxlunch Exclusive) #1483,Anime|Funko Pops!|Jujutsu Kaisen,14.99,2025-10-23,,0,317,63,2026-09-05
40781469646912,7174614843456,Jujutsu Kaisen - Hanami (Chalice Exclusive#1396,Anime|Funko Pops!|Jujutsu Kaisen,12.99,2025-10-23,2026-02-04,1,104,63,2026-09-05
40781469843520,7174614908992,Jujutsu Kaisen - Toji Fushiguro #1890,Anime|Funko Pops!|Jujutsu Kaisen,14.99,2025-10-23,2025-10-26,1,3,63,2026-09-05
40781470007360,7174614941760,Jujutsu Kaisen - Toji Fushiguro #1889,Anime|Funko Pops!|Jujutsu Kaisen,16.99,2025-10-23,2025-11-01,1,9,63,2026-09-05
40781470138432,7174614974528,Castlevania - Alucard #1961,Funko Pops!|More Video Games|Video Games,12.99,2025-10-23,2025-12-20,1,58,63,2026-09-05
40781473579072,7174616285248,Kaiju No. 8 - Mina Ashiro & Bakko #2085,Anime|Funko Pops!|Kaiju No. 8,24.99,2025-10-23,2026-05-31,1,220,63,2026-09-05
40781473677376,7174616383552,Kill Bill - The Bride #68,Funko Pops!|More Movies & TV|Movies & TV,79.99,2025-10-23,2025-12-31,1,69,63,2026-09-05
40781473906752,7174616612928,007 - LeChiffre from Casino Royale #692,007 James Bond|Funko Pops!|Movies & TV,12.99,2025-10-23,2025-12-10,1,48,63,2026-09-05
40781473972288,7174616678464,Hannibal - Wendigo #150,Funko Pops!|Horror|Silence of the Lambs,114.99,2025-10-23,,0,317,63,2026-09-05
40781476986944,7174617235520,Hannibal - Hannibal Lecter #146,Funko Pops!|Horror|Silence of the Lambs,99.99,2025-10-23,,0,317,63,2026-09-05
40781485211712,7174618120256,Hannibal Will Graham #147,Funko Pops!|Horror|Silence of the Lambs,116.99,2025-10-23,,0,317,63,2026-09-05
40781485670464,7174618218560,Playstation - The Hunter (Game Stop Exclusive) #622,Funko Pops!|More Video Games|Video Games,89.99,2025-10-23,2025-12-31,1,69,63,2026-09-05
40781485801536,7174618349632,Sekiro Shadows Die Twice - Sekiro #777,Funko Pops!|More Video Games|Video Games,71.99,2025-10-23,2025-12-31,1,69,63,2026-09-05
40781486030912,7174618579008,Auspicious Beast - Lucky Dragon #273,Funko Pops!,42.99,2025-10-23,,0,317,63,2026-09-05
40781486260288,7174618710080,Doctor Who - Twelfth Doctor with Guitar #357,Funko Pops!|More Movies & TV|Movies & TV,62.99,2025-10-23,2026-05-30,1,219,63,2026-09-05
40781486325824,7174618775616,Doctor Who - Tenth Doctor (3D Glasses) #233,Funko Pops!|More Movies & TV|Movies & TV,62.99,2025-10-23,2025-12-15,1,53,63,2026-09-05
40781486456896,7174618841152,Doctor Who - Jack Harkness (Vortex Manipulator) #302,Funko Pops!|More Movies & TV|Movies & TV,59.99,2025-10-23,,0,317,63,2026-09-05
40781492617280,7174619824192,One Piece - Whitebeard (Gamestop Exclusive) #1270,Anime|Funko Pops!|One Piece,19.99,2025-10-23,,0,317,63,2026-09-05
40781492748352,7174619889728,One Piece - Dracule Mihawk #1521,Anime|Funko Pops!|One Piece,26.99,2025-10-23,,0,317,63,2026-09-05
40781494779968,7174620151872,Spiderman into the Spider Verse - Spider-Ham (Walgreens Exclusive) #410,Funko Pops!|Spider-Man,44.99,2025-10-23,2026-07-18,1,268,63,2026-09-05
40781495861312,7174620315712,Doctor Who - Rose Tyler (Hot Topic Exclusive) #295,Funko Pops!|More Movies & TV|Movies & TV,54.99,2025-10-23,2026-05-30,1,219,63,2026-09-05
40781496877120,7174621102144,Sphinx #24,Funko Pops!,15.99,2025-10-23,2026-02-07,1,107,63,2026-09-05
40781497892928,7174621233216,Spyro #529,Funko Pops!|More Video Games|Video Games,12.99,2025-10-23,2025-12-26,1,64,63,2026-09-05
40781497925696,7174621265984,Doctor Who - Evolving Dalek Sec #275,Funko Pops!|More Movies & TV|Movies & TV,29.99,2025-10-23,2026-05-30,1,219,63,2026-09-05
40781498449984,7174621397056,Spiderman Across the Spiderverse - The Spot (Blacklight) GITD  #1226,Funko Pops!|Spider-Man,12.99,2025-10-23,2025-11-29,1,37,63,2026-09-05
40781498712128,7174621495360,Playstation - Sir Daniel Fortesque #784,Funko Pops!|More Video Games|Video Games,19.99,2025-10-23,2026-02-21,1,121,63,2026-09-05
40781499859008,7174621855808,Metal Gear Solid Snake Eater - Naked Snake #1053,Funko Pops!|More Video Games|Video Games,12.99,2025-10-23,2026-02-04,1,104,63,2026-09-05
40781502873664,7174622740544,Metal Gear Solid Snake Eater- The Boss #1054,Funko Pops!|More Video Games|Video Games,14.99,2025-10-23,2025-11-08,1,16,63,2026-09-05
40781503594560,7174623068224,One Piece - Corazon w/Devil #1709,Anime|Funko Pops!|One Piece,24.99,2025-10-23,2025-11-22,1,30,63,2026-09-05
40781503823936,7174623199296,One Piece - Caesar Clown #1584,Anime|Funko Pops!|One Piece,31.99,2025-10-23,2026-03-14,1,142,63,2026-09-05
40781504086080,7174623297600,One Piece - Monkey D. Luffy (Whole Cake Island) #2052,Anime|Funko Pops!|One Piece,29.99,2025-10-23,2026-05-09,1,198,63,2026-09-05
40781504708672,7174623428672,Re- Zero - Emilia w/Puck #2112,Anime|Funko Pops!|Re-ZERO,14.99,2025-10-23,2026-03-28,1,156,63,2026-09-05
40781505134656,7174623526976,Re: Zero - REM (PLUS) #2115,Anime|Funko Pops!|More Anime Favorites,34.99,2025-10-23,2025-11-13,1,21,63,2026-09-05
40781505429568,7174623625280,Re:Zero - RAM #2114,Anime|Funko Pops!|Re-ZERO,14.99,2025-10-23,2025-11-13,1,21,63,2026-09-05
40781506084928,7174623723584,Re: Zero - REM #2113,Anime|Funko Pops!|More Anime Favorites,14.99,2025-10-23,2026-03-28,1,156,63,2026-09-05
40781506412608,7174623887424,Kaiju No. 8 - Reno Ichikawa #2081,Anime|Funko Pops!|Kaiju No. 8,17.99,2025-10-23,,0,317,63,2026-09-05
40781506904128,7174623985728,Kaiju No. 8 - Kikoru Shinomiya #2082,Anime|Funko Pops!|Kaiju No. 8,19.99,2025-10-23,,0,317,63,2026-09-05
40781507166272,7174624084032,Rivals - Doctor Doom #1064,Funko Pops!|Marvel|More Marvel Comics,14.99,2025-10-23,,0,317,63,2026-09-05
40781507428416,7174624182336,Rivals - Galacta #1067,Funko Pops!|Marvel|More Marvel Comics,22.99,2025-10-23,2026-06-21,1,241,63,2026-09-05
40781508444224,7174624444480,One Piece - Borsalino #1786,Anime|Funko Pops!|One Piece,19.99,2025-10-23,2026-04-09,1,168,63,2026-09-05
40781509525568,7174624870464,One Piece - Killer #1895,Anime|Funko Pops!|One Piece,16.99,2025-10-23,2025-11-22,1,30,63,2026-09-05
40781509853248,7174625001536,One Piece - Emporio Ivankov #1906,Anime|Funko Pops!|One Piece,17.99,2025-10-23,2025-11-22,1,30,63,2026-09-05
40781510344768,7174625132608,One Piece - Koby #1943,Anime|Funko Pops!|One Piece,14.99,2025-10-23,2025-11-22,1,30,63,2026-09-05
40781510410304,7174625198144,One Piece - Rob Lucci w/Hattori #1997,Anime|Funko Pops!|One Piece,26.99,2025-10-23,2025-11-22,1,30,63,2026-09-05
40781510672448,7174625329216,Avatar - The Blue Spirit (HT Exclusive) (GITD CHASE) #1002,Avatar|Funko Pops!|Movies & TV,39.99,2025-10-23,2025-10-25,1,2,63,2026-09-05
40781510705216,7174625361984,Gloomy Bear  (Flocked CHASE) HT Exclusive #1190,Animation|Funko Pops!|More Animation,36.99,2025-10-23,,0,317,63,2026-09-05
40781510737984,7174625394752,Gloomy Bear w/mask (CHASE) #1218,Animation|Funko Pops!|More Animation,46.99,2025-10-23,,0,317,63,2026-09-05
40782093975616,7174760038464,"Avatar - Aang (Metallic, Funko Hollywood Exclusive) #995",Anime|Avatar: The Last Airbender|Funko Pops!,21.99,2025-10-24,2026-05-01,1,189,50,2026-09-05
40782100529216,7174760988736,Gloomy Bear w/Mask (Toy Tokyo) #1218,Anime|Funko Pops!|More Anime Favorites,14.99,2025-10-24,,0,316,50,2026-09-05
40782100955200,7174761218112,Gloomy Bear w/Mask (FLOCKED) Toy Tokyo #1218,Anime|Funko Pops!|More Anime Favorites,23.99,2025-10-24,,0,316,50,2026-09-05
40782102986816,7174761611328,Gloomy Bear w/Mask Translucent (Toy Tokyo) #1218,Anime|Funko Pops!|More Anime Favorites,13.99,2025-10-24,,0,316,50,2026-09-05
40782107967552,7174761939008,Avatar - Avatar State Super #1000,Avatar|Funko Pops!|Movies & TV,15.99,2025-10-24,2026-04-12,1,170,50,2026-09-05
40782108065856,7174762004544,Avatar - Avatar State Super GITD #1000,Avatar|Funko Pops!|Movies & TV,26.99,2025-10-24,,0,316,50,2026-09-05
40782110687296,7174762266688,Avatar - King Bumi #1444,Anime|Avatar: The Last Airbender|Funko Pops!|Movies & TV,12.99,2025-10-24,,0,316,50,2026-09-05
40782111178816,7174762496064,Avatar - Floating Aang GITD #1439,Anime|Avatar: The Last Airbender|Funko Pops!,24.99,2025-10-24,2026-04-12,1,170,50,2026-09-05
40782111572032,7174762659904,Avatar - Aang On Airscooter (Hot Topic Exclusive) #541,Anime|Avatar: The Last Airbender|Funko Pops!,12.99,2025-10-24,2026-04-12,1,170,50,2026-09-05
40782113472576,7174763053120,Avatar - Katara (GITD - Volcano X Exclusive) Metallic #1130,Avatar|Funko Pops!|Movies & TV,34.99,2025-10-24,2026-04-18,1,176,50,2026-09-05
40782121533504,7174763249728,Avatar - Azula (Funko Insider Club Sticker) #542,Avatar|Funko Pops!|Movies & TV,19.99,2025-10-24,,0,316,50,2026-09-05
40782122156096,7174763577408,Avatar - Azula (Big Apple Collectibles Exclusive) #1079,Avatar|Funko Pops!|Movies & TV,20.99,2025-10-24,2026-05-01,1,189,50,2026-09-05
40782127693888,7174763806784,Avatar - Fire Lord Ozai (Crouching) Chalice Collectibles #1058,Anime|Avatar: The Last Airbender|Funko Pops!,21.99,2025-10-24,2026-09-05,1,316,50,2026-09-05
40782129332288,7174764363840,Avatar The Last Airbender - Mai (Bam Exclusive ) #1003,Anime|Avatar: The Last Airbender|Funko Pops!,27.99,2025-10-24,2026-08-15,1,295,50,2026-09-05
40782130315328,7174764691520,The Legend of Korra #761,Anime|Avatar: The Last Airbender|Funko Pops!,12.99,2025-10-24,2025-12-27,1,64,50,2026-09-05
40782130577472,7174764855360,The Legend of Korra - Korra - GITD (Box Warehouse Exclusive) #761,Anime|Avatar: The Last Airbender|Funko Pops!,17.99,2025-10-24,2025-11-30,1,37,50,2026-09-05
40782131134528,7174765084736,The Legend of Korra (Hot Topic Exclusive) #801,Anime|Avatar: The Last Airbender|Funko Pops!,16.99,2025-10-24,,0,316,50,2026-09-05
40782131265600,7174765183040,The Legend of Korra - Asami #762,Anime|Avatar: The Last Airbender|Funko Pops!,12.99,2025-10-24,2026-08-15,1,295,50,2026-09-05
40782131429440,7174765281344,The Legend of Korra - Mako #763,Anime|Avatar: The Last Airbender|Funko Pops!,12.99,2025-10-24,,0,316,50,2026-09-05
40782133919808,7174765740096,The Legend of Korra - Amon #764,Anime|Avatar: The Last Airbender|Funko Pops!,12.99,2025-10-24,,0,316,50,2026-09-05
40782141653056,7174766690368,Avengers - Hulk (Quantum Realm Suit) #451,Avengers|Funko Pops!,12.99,2025-10-24,,0,316,50,2026-09-05
40782145486912,7174767837248,Guardians of the Galaxy - Rocket & Potted Groot #93,Funko Pops!|Guardians of the Galaxy|Marvel,22.99,2025-10-24,,0,316,50,2026-09-05
40782146011200,7174768001088,Civil War - Captain America #125,Captain America|Funko Pops!,13.99,2025-10-24,,0,316,50,2026-09-05
40782147682368,7174768164928,Civil War - Iron Man #126,Funko Pops!|Iron Man,14.99,2025-10-24,,0,316,50,2026-09-05
40782147878976,7174768263232,Marvel - Selfie Gwenpool #232,Funko Pops!|Marvel|More Marvel Comics,12.99,2025-10-24,,0,316,50,2026-09-05
40782149910592,7174768590912,Avengers - Captain America #450,Avengers|Funko Pops!,12.99,2025-10-24,,0,316,50,2026-09-05
40782150008896,7174768656448,Avengers - Captain America vs. Thanos -Movie Moments #98,Avengers|Funko Pops!,26.99,2025-10-24,2026-03-21,1,148,50,2026-09-05
40782151155776,7174768984128,Captain America/Iron Man/Hawk-eye/Spider-Man (4-pack),4 pack|Captain America|Civil war|funko|Funko Pop|Iron Man|Keychain|Pocket Pop Keychain|Spider-Man,22.99,2025-10-24,2026-03-21,1,148,50,2026-09-05
40782151843904,7174769213504,Morrowind - Warden #220,Funko Pops!|More Video Games|Video Games,12.99,2025-10-24,2026-01-29,1,97,50,2026-09-05
40782152466496,7174769410112,Suicide Squad - Boomerang #101,Funko Pops!|Suicide Squad,12.99,2025-10-24,,0,316,50,2026-09-05
40782152794176,7174769573952,Wonder Woman - Steve Trevor #173,Funko Pops!|Wonder Woman,8.99,2025-10-24,,0,316,50,2026-09-05
40782153089088,7174769705024,Spider-Man Acodd the Spiderverse - Miles Morales #1233,Funko Pops!|Spider-Man,26.99,2025-10-24,2026-07-11,1,260,50,2026-09-05
40782154170432,7174770163776,Spider-Man Anti-Venom Suit Peter Parker #1025,Funko Pops!|Spider-Man,14.99,2025-10-24,2026-01-24,1,92,50,2026-09-05
40782154661952,7174770360384,Spider-Man Across the Spiderverse- Miles Morales (Blacklight) #1233,Funko Pops!|Spider-Man,16.99,2025-10-24,2026-03-13,1,140,50,2026-09-05
40782155415616,7174770524224,Jujutsu Kaisen - Yuji Itadori & Aoi Rodo (2pack ),Anime|Funko Pops!|Jujutsu Kaisen,26.99,2025-10-24,2025-10-26,1,2,50,2026-09-05
40782157119552,7174771048512,Jujutsu Kaisen - Yhuji Itadori/Megumi Fushiguro/Nobara Kugiaki/Satoru Gojo (4 pack),Anime|Funko Pops!|Jujutsu Kaisen,150.99,2025-10-24,,0,316,50,2026-09-05
40782159118400,7174771703872,Jujutsu Kaisen - Satoru Gojo #1120,Anime|Funko Pops!|Jujutsu Kaisen,36.99,2025-10-24,,0,316,50,2026-09-05
40782159151168,7174771736640,Jujutsu Kaisen - Kento Nanami #1378,Anime|Funko Pops!|Jujutsu Kaisen,22.99,2025-10-24,,0,316,50,2026-09-05
40782159347776,7174771867712,Jujutsu Kaisen - Yuji Itadori (PLUS) #1882,Anime|Funko Pops!|Jujutsu Kaisen,17.99,2025-10-24,2025-10-30,1,6,50,2026-09-05
40782200012864,7174775242816,Bakugan - Dan Kuso #963,Anime|Funko Pops!|More Anime Favorites,12.99,2025-10-24,,0,316,50,2026-09-05
40782201978944,7174775373888,Bakugan - Runo Misaki #964,Anime|Funko Pops!|More Anime Favorites,12.99,2025-10-24,,0,316,50,2026-09-05
40782203617344,7174775504960,Bakugan - Shun Kazami #965,Anime|Funko Pops!|More Anime Favorites,12.99,2025-10-24,,0,316,50,2026-09-05
40782203682880,7174775570496,Despicable Me 3 - Lucky #424,Animation|Funko Pops!|More Animation,14.99,2025-10-24,2026-06-20,1,239,50,2026-09-05
40782216462400,7174775930944,Loungefly Lilo & Stitch Tropical Holiday Satchel Bag,Backpack|Lilo & Stitch|Loungefly,54.99,2025-10-24,,0,316,50,2026-09-05
40782217510976,7174776029248,Loungefly Star Wars Sabine Spray Paint Handbag,Backpack|Loungefly|Star Wars,67.99,2025-10-24,,0,316,50,2026-09-05
40782221606976,7174776291392,Disney Bag Crossbody - Snow White Poison Apple Glows in the Dark Applique Black Sewuin,Crossbody bag|Crossbody Bags|Loungefly|Snow White|Wallet,59.99,2025-10-24,,0,316,50,2026-09-05
40782221869120,7174776356928,Loungefly Star Wars Cad Bane Cosplay Mini Backpack,Backpack|Backpacks|Loungefly|Star Wars,66.99,2025-10-24,,0,316,50,2026-09-05
40782229864512,7174776619072,Loungefly Disney The Nightmare Before Christmas Jack Skellington Wreath Glow-in-the-Dark Light-Up Mini Backpack,Loungefly|The Nightmare Before Christmas,69.99,2025-10-24,2025-11-29,1,36,50,2026-09-05
40782240219200,7174776881216,Loungefly Star Wars Rebels Sabine Wren Cosplay Mini Backpack,Backpack|Backpacks|Loungefly|Star Wars,67.99,2025-10-24,2026-05-08,1,196,50,2026-09-05
40783298527296,7174884753472,Spider-Man - Peter Parker #224 (Damaged),Funko Pops!|Marvel|Spider-Man,14.99,2025-10-24,,0,316,50,2026-09-05
40784900161600,7175046627392,Deadpool: Safari Deadpool #931,Deadpool|Funko Pops!,15.99,2025-10-25,2026-08-02,1,281,20,2026-09-05
40784904912960,7175046889536,Ant-Man and the Wasp - Wasp #341 (blacklight),Ant-Man|Funko Pops!,9.99,2025-10-25,,0,315,20,2026-09-05
40784906256448,7175046955072,Star Wars - Rey (Jakku) #451,Funko Pops!|Movies & TV|Star Wars,12.99,2025-10-25,,0,315,20,2026-09-05
40784909697088,7175047151680,Benjamin Franklin Funko Pop! Vinyl Figure #13,Funko Pops!|Icons|Music & Pop Culture Icons,19.99,2025-10-25,,0,315,20,2026-09-05
40784909992000,7175047217216,Powerpuff Girls Mojo Jojo Pop! Vinyl Figure (NFT) #233,Animation|Cartoon Network|Funko Pops!|More Animation,210.99,2025-10-25,,0,315,20,2026-09-05
40784912482368,7175048101952,Powerpuff Girls Bubbles Pop! Vinyl Figure (NFT) #230,Animation|Cartoon Network|Funko Pops!|More Animation,74.99,2025-10-25,,0,315,20,2026-09-05
40784916578368,7175049674816,Kong with Battle Axe Funko Pop! Vinyl Figure #1021,Funko Pops!|More Movies & TV|Movies & TV,12.99,2025-10-25,2025-10-31,1,6,20,2026-09-05
40784921460800,7175050297408,Overwatch Lucio Funko Pop! Vinyl Figure #179,Funko Pops!|Overwatch|Video Games,12.99,2025-10-25,2025-11-29,1,35,20,2026-09-05
40784922640448,7175050625088,Street Fighter Ken (Special Attack) #193,Funko Pops!|More Video Games|Video Games,14.99,2025-10-25,,0,315,20,2026-09-05
40784923525184,7175050854464,Mr Bean Pajamas #786,Funko Pops!,13.99,2025-10-25,,0,315,20,2026-09-05
40784923754560,7175050952768,Mighty Morphin Power Rangers Kimberly Pop! Vinyl Figure (NFT) #207,Animation|Funko Pops!|More Animation,79.99,2025-10-25,,0,315,20,2026-09-05
40784924147776,7175051083840,WB 100th Anniversary - Bugs Bunny as Morpheus NFT Release #196,Animation|Funko Pops!|Looney Tunes,64.99,2025-10-25,,0,315,20,2026-09-05
40784924737600,7175051247680,Cinderella: Fairy Godmother Funko Pop! Vinyl Figure #739,Cinderella|Disney|Funko Pops!,16.99,2025-10-25,,0,315,20,2026-09-05
40784925065280,7175051411520,Black Panther Wakanda Forever Queen Ramonda Pop! Vinyl Figure #1099,Black Panther|Funko Pops!,12.99,2025-10-25,2025-12-06,1,42,20,2026-09-05
40784925098048,7175051444288,Lost - Man in Black #420,Funko Pops!|More Movies & TV|Movies & TV,19.99,2025-10-25,,0,315,20,2026-09-05
40784926703680,7175051771968,V Diana Revealed #1073,Funko Pops!|More Movies & TV|Movies & TV,12.99,2025-10-25,2026-05-17,1,204,20,2026-09-05
40784934928448,7175052591168,Doctor Who - The Kerblam Man #900,Funko Pops!|More Movies & TV|Movies & TV,12.99,2025-10-25,,0,315,20,2026-09-05
40784935518272,7175052918848,Doctor Who - Pting #831,Funko Pops!|More Movies & TV|Movies & TV,21.99,2025-10-25,,0,315,20,2026-09-05
40784936304704,7175053148224,Lightyear: Buzz Lightyear (XL-01) Pop! Vinyl Figure #1210,Disney|Funko Pops!|Toy Story,12.99,2025-10-25,,0,315,20,2026-09-05
40784936337472,7175053180992,Star Wars - Luke Skywalker (Hoth) w/ Pin #34,Funko Pops!|Movies & TV|Star Wars,12.99,2025-10-25,,0,315,20,2026-09-05
40785657888832,7175177928768,Naruto - Sakura #183,Anime|Funko Pops!|Naruto,13.99,2025-10-26,2026-06-28,1,245,3,2026-09-05
40785658249280,7175178027072,Rick and Morty - Prison Break  Rick #339,Animation|Funko Pops!|Rick and Morty,12.99,2025-10-26,,0,314,3,2026-09-05
40785658478656,7175178125376,Disneyland 65th Anniversary - Minnie Mouse on the Casey Jr. Circus Train Attraction #06,Disney|Funko Pops!|Other Great Disney Movies,13.99,2025-10-26,,0,314,3,2026-09-05
40792501289024,7176938848320,Sanrio Kuromi Flames and Plaid Mini-Backpack - EE Exclusive,Backpack|Backpacks|Loungefly,72.99,2025-10-30,2026-06-04,1,217,2,2026-09-05
40792501551168,7176938979392,Spy x Family Anya and Bond Mini-Backpack - EE Exclusive,Backpack|Backpacks|Loungefly,67.99,2025-10-30,2025-11-24,1,25,2,2026-09-05
40798977130560,7177425518656,Sanrio Exclusive Hello Kitty Quilted Texture Backpack,Backpack|Backpacks|Loungefly,67.99,2025-11-01,,0,308,1,2026-09-05
40807692927040,7178759143488,Loungefly Minnie Mouse Tie Dye 3D Molded Crossbody Bag,Loungefly,66.99,2025-11-08,,0,301,3,2026-09-05
40807693090880,7178759241792,Loungefly How to Train Your Dragon Toothless Skin Mini-Backpack,Backpack|Backpacks|Loungefly,66.99,2025-11-08,2025-12-27,1,49,3,2026-09-05
40807693549632,7178759372864,Loungefly Chucky Zip Around Wallet,Backpack|Chucky|Loungefly,31.99,2025-11-08,,0,301,3,2026-09-05
40813912358976,7180300320832,Aerosmith Pop! Steven Tyler (Leopard Print Outfit) #475,Funko Pops!|Music & Pop Culture Icons,14.99,2025-11-16,2026-05-11,1,176,35,2026-09-05
40813912653888,7180300386368,Sanrio Pop! My Melody (Translucent Pink) #61,Anime|Funko Pops!|More Anime Favorites,24.99,2025-11-16,2026-06-11,1,207,35,2026-09-05
40813912686656,7180300419136,Marvel Pop! Spider-Man (Oscorp Suit) #1529,Funko Pops!|Marvel|Spider-Man,16.99,2025-11-16,2025-11-19,1,3,35,2026-09-05
40813912719424,7180300451904,Sanrio Pop! Hello Kitty (Dracula) #87,Anime|Funko Pops!|More Anime Favorites,17.99,2025-11-16,2025-12-21,1,35,35,2026-09-05
40813912850496,7180300484672,Yu-Gi-Oh! Pop! Elemental Hero Shining Flare Wingman (Metallic) #1874,Anime|Funko Pops!|Yu-Gi-Oh,17.99,2025-11-16,2025-11-19,1,3,35,2026-09-05
40813914030144,7180300550208,Casper the Friendly Ghost Pop! Casper with Chef's Hat (30th Anniversary) #1819,Funko Pops!,46.99,2025-11-16,2026-02-15,1,91,35,2026-09-05
40813914062912,7180300582976,Disney Pop! Tourist Stitch #1569,Disney|Funko Pops!|Lilo & Stitch,17.99,2025-11-16,2026-01-11,1,56,35,2026-09-05
40813915111488,7180300648512,NFL Pop! Patrick Mahomes II (Red and Gold Uniform) #303,Funko Pops!|NFL|Sports,16.99,2025-11-16,,0,293,35,2026-09-05
40813930741824,7180301107264,Naruto Pop! Plus Haku #1970,Anime|Funko Pops!|Naruto,19.99,2025-11-16,2025-12-20,1,34,35,2026-09-05
40813949583424,7180301860928,Marvel Pop! Spider-Man (Symbiote Bonding) #1525,Funko Pops!|Marvel|Spider-Man,22.99,2025-11-16,2025-11-19,1,3,35,2026-09-05
40813949845568,7180301992000,Fisher-Price Pop! Chatter Telephone #126,Funko Pops!|Icons|Music & Pop Culture Icons,14.99,2025-11-16,,0,293,35,2026-09-05
40813949976640,7180302155840,The Haunting of Hill House Pop! Basement Ghost #1490,Funko Pops!|Horror|Movies & TV,27.99,2025-11-16,2025-11-19,1,3,35,2026-09-05
40813950009408,7180302188608,Disney Pop! Sparky from Frankenweenie #1632,Disney|Funko Pops!|Other Great Disney Movies,19.99,2025-11-16,,0,293,35,2026-09-05
40813950042176,7180302221376,Marvel Pop! Peter Parker/Symbiote Suit #1478,Funko Pops!|Marvel|Spider-Man,16.99,2025-11-16,2026-05-17,1,182,35,2026-09-05
40813950369856,7180302286912,One Piece Pop! Kuzan (Ice Block Partisan) #2057,Anime|Funko Pops!|One Piece,27.99,2025-11-16,2026-05-02,1,167,35,2026-09-05
40813950402624,7180302319680,Marvel Pop! Scarlet Spider with Hoodie #1453,funko|Funko Exclusive|Funko Pop|Marvel|Scarlet Spiderman,22.99,2025-11-16,2026-07-18,1,244,35,2026-09-05
40813950500928,7180302385216,Disney Pop! Plus Sleeping Stitch in Box (Flocked) #1607,Disney|Funko Pops!|Lilo & Stitch,27.99,2025-11-16,2025-12-24,1,38,35,2026-09-05
40813950664768,7180302483520,Marvel Pop! Spider-Man Last Stand #1450,Funko Pops!|Marvel|Spider-Man,13.99,2025-11-16,,0,293,35,2026-09-05
40813950697536,7180302516288,Wicked Pop! Glinda in Wedding Gown #1929,Funko Pops!|More Movies & TV|Movies & TV,26.99,2025-11-16,2025-11-20,1,4,35,2026-09-05
40813950926912,7180302581824,Lamb Chop Pop! Lamb Chop (Flocked) #1698,Funko Pops!|More Movies & TV|Movies & TV,14.99,2025-11-16,2026-02-11,1,87,35,2026-09-05
40813950959680,7180302614592,Marvel Pop! H.E.R.B.I.E. (Fantastic Four: First Steps) #1504,Fantastic Four|Funko Pops!|Marvel,27.99,2025-11-16,,0,293,35,2026-09-05
40813954007104,7180302811200,The Addams Family Pop! Wednesday Addams (Fencing) #1820,Addams Family|Funko Pops!|Horror,26.99,2025-11-16,2026-03-28,1,132,35,2026-09-05
40813971570752,7180314378304,Stranger Things - Steve #1542,Funko Pops!|Movies & TV|Stranger Things,22.99,2025-11-16,2025-12-20,1,34,35,2026-09-05
40813971669056,7180314443840,Looney Tunes - Egghead Jr. #1512,Animation|Funko Pops!|Looney Tunes,21.99,2025-11-16,,0,293,35,2026-09-05
40813971832896,7180314476608,Orlando Magic - Penny Hardaway #82,Funko Pops!|NBA|Sports,24.99,2025-11-16,2026-02-14,1,90,35,2026-09-05
40813971865664,7180314509376,Disney Stitch as Gus Gus #1463,Disney|Funko Pops!|Lilo & Stitch,15.99,2025-11-16,,0,293,35,2026-09-05
40813971898432,7180314542144,The Cure - Jason Cooper/Reeves Gabriels/Robert Smith/Simon Gallup/Roger O'Connell (5 pack),Funko Pops!|Music & Pop Culture Icons,100.00,2025-11-16,,0,293,35,2026-09-05
40813971931200,7180314574912,Dumb and Dumber - Ski Happy Dunne #1044,Funko Pops!|More Movies & TV|Movies & TV,14.99,2025-11-16,,0,293,35,2026-09-05
40813971963968,7180314607680,DC Super Heroes - Superman in Holiday Sweater (FLOCKED) #353,DC Comics|Funko Pops!|Superman,17.99,2025-11-16,,0,293,35,2026-09-05
40813971996736,7180314640448,Disney - Donald Duck #1128,Disney|Funko Pops!|Other Great Disney Movies,14.99,2025-11-16,,0,293,35,2026-09-05
40813972226112,7180314705984,Marvel  She-Hulk Christmas #1286,Avengers|Funko Pops!|Holiday|Marvel,12.99,2025-11-16,,0,293,35,2026-09-05
40813972324416,7180314771520,Disney Tigger Christmas #1130,Disney|Funko Pops!|Holiday|Winnie the Pooh,14.99,2025-11-16,,0,293,35,2026-09-05
40813972455488,7180314804288,F.A.O Schwarz - Toy Soldier #161,Funko Pops!|Icons|Music & Pop Culture Icons,14.99,2025-11-16,,0,293,35,2026-09-05
40813972521024,7180314837056,Peppermint Lane - Dauber Higgins #08,Funko Pops!|Holiday|Icons|Music & Pop Culture Icons,12.99,2025-11-16,,0,293,35,2026-09-05
40814128332864,7180365135936,Harry Potter Harry Potter Yule Ball Funko Pop! Vinyl Figure #91,Funko Pops!|Harry Potter|Movies & TV,12.99,2025-11-16,,0,293,35,2026-09-05
40827977498688,7184785113152,Loungefly One Piece Going Merry Ship Mini-Backpack - Entertainment Earth Exclusive,Backpack|Backpacks|Loungefly|One Piece,69.99,2025-12-03,,0,276,2,2026-09-05
40827978154048,7184785473600,Loungefly One Piece Thousand Sunny Ship Mini-Backpack - Entertainment Earth Exclusive,Backpack|Backpacks|Loungefly|One Piece,69.99,2025-12-03,,0,276,2,2026-09-05
40836048552000,7189693726784,One Piece Egghead Island Vegapunk Funko Pop! Vinyl Figure #2139,Anime|Funko Pops!|One Piece,14.99,2025-12-11,,0,268,1,2026-09-05
40838716227648,7190288367680,Stranger Things Season 5 Dustin Henderson Funko Pop! Vinyl Figure #1781,Funko Pops!|Movies & TV|Stranger Things,14.99,2025-12-13,2025-12-20,1,7,9,2026-09-05
40838730252352,7190290169920,Stranger Things Season 5 Steve Harrington Funko Pop! Vinyl Figure #1779,Funko Pops!|Movies & TV|Stranger Things,14.99,2025-12-13,2025-12-24,1,11,9,2026-09-05
40838741295168,7190291578944,Stranger Things Season 5 Eleven Funko Pop! Vinyl Figure #1780,Funko Pops!|Movies & TV|Stranger Things,14.99,2025-12-13,2026-01-10,1,28,9,2026-09-05
40838755549248,7190293479488,Stranger Things Season 5 Nancy Wheeler Funko Pop! Vinyl Figure #1778,Funko Pops!|Movies & TV|Stranger Things,14.99,2025-12-13,2025-12-31,1,18,9,2026-09-05
40838799589440,7190299312192,Loungefly-How the Grinch Stole Christmas Grinch Christmas Sweater Mini-Backpack - EE Exclusive,Backpack|Backpacks|Loungefly,76.99,2025-12-13,,0,266,9,2026-09-05
40838826557504,7190302883904,Loungefly-How the Grinch Stole Christmas Grinch Christmas Present Mini-Backpack - EE Exclusive,Backpack|Backpacks|Loungefly,76.99,2025-12-13,,0,266,9,2026-09-05
40838886948928,7190310518848,Loungefly-One Piece Wanted Dead or Alive Monkey D. Luffy Mini-Backpack - EE Exclusive,Backpack|Backpacks|Loungefly|One Piece,76.99,2025-12-13,2026-04-14,1,122,9,2026-09-05
40838909886528,7190313467968,Stranger Things Season 5 Holly Wheeler Funko Pop! Vinyl Figure #1782,Funko Pops!|Movies & TV|Stranger Things,14.99,2025-12-13,2025-12-18,1,5,9,2026-09-05
40839001636928,7190325788736,Stranger Things Season 5 Jim Hopper Funko Pop! Vinyl Figure #1784,Funko Pops!|Movies & TV|Stranger Things,14.99,2025-12-13,2025-12-24,1,11,9,2026-09-05
40841272557632,7191297359936,Princess and the Frog Louis with Raymond Funko Pop! Vinyl Figure and Buddy #1670,Disney|Funko Pops!|Other Great Disney Movies,14.99,2025-12-17,,0,262,3,2026-09-05
40841277636672,7191297884224,Princess and the Frog Charlotte Funko Pop! Vinyl Figure #1671,Disney|Funko Pops!|Other Great Disney Movies,14.99,2025-12-17,2026-01-17,1,31,3,2026-09-05
40841281667136,7191298310208,Princess and the Frog Tiana Funko Pop! Vinyl Figure #1672,Disney|Funko Pops!|Other Great Disney Movies,14.99,2025-12-17,2026-01-02,1,16,3,2026-09-05
40845125091392,7193058771008,Diablo IV - Lilith (Glows in the Dark-Amazon Exclusive) #942,Diablo|Funko Pops!|Video Games,49.99,2025-12-21,,0,258,23,2026-09-05
40845125124160,7193058803776,Playstation-Thunderjaw #634,Funko Pops!|More Video Games|Video Games,31.99,2025-12-21,,0,258,23,2026-09-05
40845125943360,7193059393600,One Piece - Whitebeard w/Moby Dick #127,Anime|Funko Pops!|One Piece,59.99,2025-12-21,2026-01-04,1,14,23,2026-09-05
40845126238272,7193059491904,One Piece - Yamato (GITD-EE Exclusive) #1596,Anime|Funko Pops!|One Piece,34.99,2025-12-21,2026-04-18,1,118,23,2026-09-05
40845126369344,7193059622976,One Piece - Buggy the Clown #1740,Anime|Funko Pops!|One Piece,41.99,2025-12-21,2026-03-22,1,91,23,2026-09-05
40845126828096,7193060081728,One Piece - Nami w/White Hobby Horse #128,Anime|Funko Pops!|One Piece,62.99,2025-12-21,,0,258,23,2026-09-05
40845127286848,7193060212800,One Piece - Luffy & Foxy (Limited Edition Chase-Hot Topic) 2 pack,Anime|Funko Pops!|One Piece,129.99,2025-12-21,,0,258,23,2026-09-05
40845127974976,7193060442176,One Piece-Snake-Man Luffy (Metallic) #1266,Anime|Funko Pops!|One Piece,14.99,2025-12-21,2025-12-27,1,6,23,2026-09-05
40845141180480,7193063260224,One PIece - Monkey D. Luffy #1877,Anime|Funko Pops!|One Piece,24.99,2025-12-21,,0,258,23,2026-09-05
40845142851648,7193063751744,One Piece - Boa Hancock #1905,Anime|Funko Pops!|One Piece,29.99,2025-12-21,2026-03-14,1,83,23,2026-09-05
40845148323904,7193065816128,Re-ZERO RAM (Glows in the Dark) Chalice Collectible Plus #2116,Anime|Funko Pops!|Re-ZERO,49.99,2025-12-21,,0,258,23,2026-09-05
40845153337408,7193066602560,One Piece-Luffy (Box Lunch) #1620,Anime|Funko Pops!|One Piece,16.99,2025-12-21,2026-03-01,1,70,23,2026-09-05
40845154320448,7193066831936,Kaiju 8-Soshiro Hoshina-Chalice Collectible #2086,Anime|Funko Pops!|More Anime Favorites,46.99,2025-12-21,2026-08-09,1,231,23,2026-09-05
40845154779200,7193066864704,One Piece - Marhsall D. Teach #1921,Anime|Funko Pops!|One Piece,13.99,2025-12-21,2026-03-07,1,76,23,2026-09-05
40845155696704,7193066897472,Spongebob Squarepants - Mocking Spongebob #1672,Animation|Funko Pops!|More Animation,16.99,2025-12-21,2026-01-01,1,11,23,2026-09-05
40845155991616,7193066995776,Jujutsu Kaisen - Megumi Fushiguro #1646,Anime|Funko Pops!|Jujutsu Kaisen,13.99,2025-12-21,,0,258,23,2026-09-05
40845156122688,7193067028544,The Witcher Wild Hunt - Triss #153,Funko Pops!|More Video Games|Video Games,64.99,2025-12-21,,0,258,23,2026-09-05
40845157924928,7193067487296,The Witcher Wild Hunt - Geralt (IGNI) GITD Gamestop Exclusive #554,Funko Pops!|More Video Games|Video Games,17.99,2025-12-21,2026-02-20,1,61,23,2026-09-05
40845158154304,7193067585600,Bayonetta Jeanne Gamestop Exclusive #869,Funko Pops!|More Video Games|Video Games,12.99,2025-12-21,2026-04-21,1,121,23,2026-09-05
40845425639488,7193107333184,Cowboys - Dak Prescott #67,Funko Pops!|NFL|Sports,18.99,2025-12-21,2026-01-03,1,13,23,2026-09-05
40845426262080,7193107595328,Demon Slayer - Mitsuri Kanro Ji #2046,Anime|Demon Slayer|Funko Pops!,32.99,2025-12-21,2026-03-28,1,97,23,2026-09-05
40845438419008,7193110675520,Gold Mystery Box,,60.00,2025-12-21,2025-12-24,1,3,23,2026-09-05
40845438451776,7193110708288,Silver Mystery Box,,40.00,2025-12-21,2025-12-24,1,3,23,2026-09-05
40846547189824,7193381765184,Supernatural Dean Winchester Funko Pop! Vinyl Figure #1836,Funko Pops!|More Movies & TV|Movies & TV,14.99,2025-12-23,2026-05-31,1,159,2,2026-09-05
40846549221440,7193382289472,Supernatural Dean Winchester Funko Pop! Vinyl Figure #1836 (CHASE),Funko Pops!|More Movies & TV|Movies & TV,54.99,2025-12-23,2026-01-17,1,25,2,2026-09-05
40857815908416,7196152594496,WNBA Fever Caitlin Clark Funko Pop! Vinyl Figure #02,Funko Pops!|NBA|Sports,14.99,2026-01-10,2026-02-15,1,36,4,2026-09-05
40857816301632,7196152758336,Supernatural Bobby Singer Funko Pop! Vinyl Figure #1838,Funko Pops!|More Movies & TV|Movies & TV,14.99,2026-01-10,2026-02-28,1,49,4,2026-09-05
40857817219136,7196152954944,Supernatural Death Funko Pop! Vinyl Figure #1836,Funko Pops!|More Movies & TV|Movies & TV,14.99,2026-01-10,2026-02-28,1,49,4,2026-09-05
40857817481280,7196153086016,The Haunting of Hill House Bent Neck Lady Funko Pop! Vinyl Figure #1791,Funko Pops!|Horror|Movies & TV,14.99,2026-01-10,,0,238,4,2026-09-05
40857851887680,7196165505088,Demon Slayer - Gyokko #1855,Anime|Demon Slayer|Funko Pops!,14.99,2026-01-11,2026-06-20,1,160,9,2026-09-05
40858129072192,7196265054272,Harley Quinn (Dia de Los DC) #413,Batman|DC Comics|Funko Pops!,12.99,2026-01-11,2026-05-14,1,123,9,2026-09-05
40858152337472,7196267020352,Harley Quinn Winking (2023 Fall Convention) #483,Batman|Funko Pops!,16.99,2026-01-11,2026-04-18,1,97,9,2026-09-05
40858152370240,7196268232768,Street Fighter - Blanka #140,Funko Pops!|More Video Games|Video Games,12.99,2026-01-11,,0,237,9,2026-09-05
40858152403008,7196269641792,Harley Quinn - Poison Ivy-GITD #499,Batman|Funko Pops!,19.99,2026-01-11,2026-01-11,1,0,9,2026-09-05
40858152468544,7196272001088,Winnie the Pooh (Diamond) #1104,Disney|Funko Pops!|Winnie the Pooh,21.99,2026-01-11,2026-03-27,1,75,9,2026-09-05
40858152501312,7196272328768,Marvel - Iron Man #1424,Funko Pops!|Iron Man|Marvel,19.99,2026-01-11,,0,237,9,2026-09-05
40858152599616,7196272427072,Marvel - Vision (Avengers #57) #239,Avengers|Funko Pops!|Marvel,17.99,2026-01-11,,0,237,9,2026-09-05
40858152763456,7196272558144,Wonder Woman on Pegasus #280,Funko Pops!|Wonder Woman,29.99,2026-01-11,2026-06-20,1,160,9,2026-09-05
40860370370624,7196755066944,Bob's Big Boy Skull Bob Funko Pop! Vinyl Figure #253,Funko Pops!|Icons|Music & Pop Culture Icons,14.99,2026-01-15,2026-04-18,1,93,19,2026-09-05
40860370436160,7196755132480,NBA Timberwolves Anthony Edwards Funko Pop! Vinyl Figure #215,Funko Pops!|NBA|Sports,14.99,2026-01-15,,0,233,19,2026-09-05
40860370600000,7196755263552,South Park Jimmy Valmer Funko Pop! Vinyl Figure #1761,Animation|Funko Pops!|More Animation,14.99,2026-01-15,,0,233,19,2026-09-05
40860370665536,7196755329088,South Park Craig Tucker with Stripe Funko Pop! Vinyl Figure #1759,Animation|Funko Pops!|More Animation,14.99,2026-01-15,2026-01-24,1,9,19,2026-09-05
40860372271168,7196755525696,South Park Hippie Exterminator Cartman Funko Pop! Vinyl Figure #1760,Animation|Funko Pops!|More Animation,14.99,2026-01-15,,0,233,19,2026-09-05
40860372303936,7196755558464,NFL Titans Cam Ward Funko Pop! Vinyl Figure #335,Funko Pops!|NFL|Sports,14.99,2026-01-15,2026-01-17,1,2,19,2026-09-05
40860372402240,7196755656768,NFL Browns Shedeur Sanders Funko Pop! Vinyl Figure #336,Funko Pops!|NFL|Sports,14.99,2026-01-15,2026-01-24,1,9,19,2026-09-05
40860372631616,7196755755072,Love Actually Mark Funko Pop! Vinyl Figure #1960,Funko Pops!|More Movies & TV|Movies & TV,14.99,2026-01-15,2026-03-01,1,45,19,2026-09-05
40860374728768,7196755853376,WWE Eric Bischoff (WCW) Funko Pop! Vinyl Figure #187,Funko Pops!|Sports|WWE,14.99,2026-01-15,2026-01-24,1,9,19,2026-09-05
40860377350208,7196756049984,Kim Possible Ron & Rufus Funko Pop! Vinyl Figure #1581,A Goofy Movie|Funko Pops!|Goofy,14.99,2026-01-15,2026-08-15,1,212,19,2026-09-05
40860597289024,7196818833472,Soccer Sounders Sammy the Sounder Funko Pop! Vinyl Figure #06,Funko Pops!|More Sports|Sports,14.99,2026-01-15,,0,233,19,2026-09-05
40860598796352,7196819554368,MLB Orioles Gunnar Henderson Funko Pop! Vinyl Figure #113,Funko Pops!|MLB|Sports,14.99,2026-01-15,,0,233,19,2026-09-05
40860599844928,7196820209728,Dandadan Momo Funko Pop! Vinyl Figure #2099,Anime|Dandadan|Funko Pops!,14.99,2026-01-15,2026-02-04,1,20,19,2026-09-05
40860599943232,7196820275264,Dandadan Seiko Funko Pop! Vinyl Figure #2101,Anime|Dandadan|Funko Pops!,14.99,2026-01-15,2026-04-01,1,76,19,2026-09-05
40860600369216,7196820439104,Animaniacs Wakko Funko Pop! Vinyl Figure #2065,Animaniacs|Animation|Funko Pops!,14.99,2026-01-15,,0,233,19,2026-09-05
40860600533056,7196820537408,Animaniacs Yakko Funko Pop! Vinyl Figure #2066,Animaniacs|Animation|Funko Pops!,14.99,2026-01-15,,0,233,19,2026-09-05
40860601516096,7196820930624,Stranger Things Season 5 Lucas Sinclair Funko Pop! Vinyl Figure #1785,Funko Pops!|Movies & TV|Stranger Things,14.99,2026-01-15,2026-02-14,1,30,19,2026-09-05
40860610953280,7196821717056,The Muppets First Mate Piggy Funko Pop! Vinyl Figure #1675,Funko Pops!,14.99,2026-01-15,,0,233,19,2026-09-05
40860613574720,7196822470720,Sesame Street The Count Funko Pop! Vinyl Figure #1792,Animation|Funko Pops!|More Animation,14.99,2026-01-15,2026-06-20,1,156,19,2026-09-05
40860629958720,7196825878592,Scooby-Doo with Popcorn Funko Pop! Vinyl Figure #2040,Animation|Funko Pops!|More Animation,14.99,2026-01-16,2026-07-17,1,182,38,2026-09-05
40860631007296,7196826697792,Disney Sketched Sleeping Beauty Aurora Funko Pop! Vinyl Figure #1646,Disney|Funko Pops!|Sleeping Beauty,14.99,2026-01-16,,0,232,38,2026-09-05
40860631302208,7196826992704,Disney Sketched Sleeping Beauty Maleficent Funko Pop! Vinyl Figure #1648,Disney|Funko Pops!|Sleeping Beauty,14.99,2026-01-16,,0,232,38,2026-09-05
40860631433280,7196827123776,One Piece Egghead Island Brook Funko Pop! Vinyl Figure #2147,Anime|Funko Pops!|One Piece,14.99,2026-01-16,,0,232,38,2026-09-05
40860631531584,7196827222080,One Piece Egghead Island Nico Robin Funko Pop! Vinyl Figure #2137,Anime|Funko Pops!|One Piece,14.99,2026-01-16,,0,232,38,2026-09-05
40860689596480,7196834103360,The Nightmare Before Christmas Patchwork Oogie Boogie Funko Pop! Vinyl Figure #1634,Disney|Funko Pops!|Holiday|The Nightmare Before Christmas,14.99,2026-01-16,2026-01-29,1,13,38,2026-09-05
40860689629248,7196834136128,Five Nights at Freddy's Withered Chica Funko Pop! Vinyl Figure #1084,Five Nights at Freddy's|Funko Pops!|Video Games,14.99,2026-01-16,2026-02-07,1,22,38,2026-09-05
40860689662016,7196834168896,Five Nights at Freddys 10th Anniversary Foxy Funko Pop! Vinyl Figure #1062,Five Nights at Freddy's|Funko Pops!|Video Games,14.99,2026-01-16,2026-02-07,1,22,38,2026-09-05
40860696248384,7196834594880,Beneath the Planet of the Apes John Brent Funko Pop! Vinyl Figure #1865,Funko Pops!|More Movies & TV|Movies & TV,14.99,2026-01-16,,0,232,38,2026-09-05
40860696346688,7196834660416,Nosferatu Count Orlok Funko Pop! Vinyl Figure #1267,Funko Pops!|More Movies & TV|Movies & TV,14.99,2026-01-16,,0,232,38,2026-09-05
40860698017856,7196835643456,Funko Bitty POP! Arcade - Sonic the Hedgehog,Bitty Pop|funko|Funko Pop|Sonic the Hedgehog,8.49,2026-01-16,,0,232,38,2026-09-05
40860698148928,7196835741760,FUNKO Bitty POP!: Game of Thrones - Ned Stark 4-Pack,Bitty Pop|funko|Funko Pop|Game of Thrones,14.49,2026-01-16,,0,232,38,2026-09-05
40860700344384,7196835971136,FUNKO Bitty POP!: Game of Thrones - Tyrion 4-Pack,Bitty Pop|funko|Funko Pop|Game of Thrones,14.49,2026-01-16,,0,232,38,2026-09-05
40860701491264,7196836298816,FUNKO Bitty POP!: Harry Potter and the Goblet of Fire - Hermione 4-Pack,Bitty Pop|funko|Funko Pop|Harry Potter,14.49,2026-01-16,,0,232,38,2026-09-05
40860702015552,7196836462656,FUNKO Bitty POP!: Star Wars: The Empire Strikes Back S2 - Luke 4-Pack,Bitty Pop|funko|Funko Pop|Star Wars,14.49,2026-01-16,,0,232,38,2026-09-05
40860771582016,7196838887488,FUNKO Bitty POP!: Star Wars: The Empire Strikes Back S2 - Leia 4-Pack,Bitty Pop|funko|Funko Pop|Star Wars,14.49,2026-01-16,,0,232,38,2026-09-05
40860771811392,7196838985792,FUNKO Bitty POP!: Star Wars: The Empire Strikes Back S2 - Han 4-Pack,Bitty Pop|funko|Funko Pop|Star Wars,14.49,2026-01-16,,0,232,38,2026-09-05
40860773843008,7196839379008,FUNKO Bitty POP! Town: Friends - Rachel at Central Perk,Bitty Pop|Friends|funko|Funko Pop,7.99,2026-01-16,2026-04-25,1,99,38,2026-09-05
40860774170688,7196839510080,Kim Possible - Kim Possible Funko Pop! Vinyl Figure #1580,Funko Pops!,14.99,2026-01-16,,0,232,38,2026-09-05
40860774203456,7196839772224,Say Anything - Lloyd Dobler Funko Pop! Vinyl Figure #1734,Funko Pops!|More Movies & TV|Movies & TV,14.99,2026-01-16,,0,232,38,2026-09-05
40860774236224,7196839804992,Formula 1 Ayrton Senna Super Deluxe Funko Pop! Ride Vinyl Vehicle #314,Funko Pops!|More Sports|Sports,34.99,2026-01-16,,0,232,38,2026-09-05
40860774334528,7196839903296,Uncle Buck - Buck Funko Pop! Vinyl Figure #1670,Funko Pops!|More Movies & TV|Movies & TV,14.99,2026-01-16,2026-01-18,1,2,38,2026-09-05
40860774531136,7196840067136,Stranger Things - HMBR Eddie Munson #206,Funko Pops!|Movies & TV|Stranger Things,17.99,2026-01-16,2026-04-04,1,78,38,2026-09-05
40860775022656,7196840230976,The Powerpuff Girls - Bubbles #1981,Animation|Funko Pops!|More Animation,14.99,2026-01-16,,0,232,38,2026-09-05
40860775088192,7196840296512,Disney Sketched 101 Dalmatians Cruella De Vil  #1647,Disney|Funko Pops!|Other Great Disney Movies,14.99,2026-01-16,,0,232,38,2026-09-05
40860775153728,7196840362048,"Quantum Mechanix QMx - Stitch x San Francisco - 8"" Q-Fig Max Elite",Figure|Lilo & Stitch,24.99,2026-01-16,2026-03-14,1,57,38,2026-09-05
40860775841856,7196840427584,Disney Sketched 101 Dalmatians Patch Funko Pop! #1649,Disney|Funko Pops!|Other Great Disney Movies,14.99,2026-01-16,,0,232,38,2026-09-05
40860775874624,7196840460352,Formula 1 Yuki Tsunoda Funko Pop! Vinyl Figure #15,Funko Pops!|More Sports|Sports,14.99,2026-01-16,2026-06-05,1,140,38,2026-09-05
40860776104000,7196840689728,Wicked: For Good Scarecrow Funko Pop!  #1927,Funko Pops!|More Movies & TV|Movies & TV,14.99,2026-01-16,,0,232,38,2026-09-05
40860776136768,7196840722496,Beetlejuice 2 Bob as Beetlejuice Funko Pop! #1827,Beetlejuice|Funko Pops!|Horror,14.99,2026-01-16,,0,232,38,2026-09-05
40860776169536,7196840755264,The Nightmare Before Christmas Mini Snow Globe (Random),Christmas|Globe|NBX|Nightmare Before Christmas|snowglobe,4.99,2026-01-16,2026-06-21,1,156,38,2026-09-05
40860776300608,7196840853568,Jujutsu Kaisen Shibuya Incident Aoi Todo (Kick) Glow-in-the-Dark Funko Pop! Vinyl Figure Plus #2125,Anime|Funko Pops!|Jujutsu Kaisen,16.99,2026-01-16,2026-02-04,1,19,38,2026-09-05
40860777119808,7196841050176,Sonic the Hedgehog Espio the Chameleon #1119,Funko Pops!|Sonic the Hedgehog|Video Games,16.99,2026-01-16,2026-02-05,1,20,38,2026-09-05
40860778168384,7196841508928,Disney Sketched Alice in Wonderland White Rabbit  #1650,Alice in Wonderland|Disney|Funko Pops!,14.99,2026-01-16,,0,232,38,2026-09-05
40860778299456,7196841640000,Wicked: For Good Dorothy Gale Funko Pop! #1928,Funko Pops!|More Movies & TV|Movies & TV,14.99,2026-01-16,,0,232,38,2026-09-05
40860778463296,7196841705536,Welcome to Derry Bob Gray Funko Pop! #1746,Funko Pops!|Horror|Pennywise,14.99,2026-01-16,,0,232,38,2026-09-05
40860778856512,7196841803840,Jujutsu Kaisen Shibuya Incident Jogo Funko Pop! #2127,Anime|Funko Pops!|Jujutsu Kaisen,14.99,2026-01-16,,0,232,38,2026-09-05
40860778987584,7196841836608,Welcome to Derry Skeleton Man Funko Pop! #1747,Funko Pops!|Horror|Pennywise,14.99,2026-01-16,,0,232,38,2026-09-05
40885801975872,7201314406464,Pumpkinhead Glow-in-the-Dark Funko Pop! Vinyl Figure #1907,Funko Pops!|More Movies & TV|Movies & TV,16.99,2026-02-05,2026-04-18,1,72,5,2026-09-05
40885811576896,7201314504768,Rob Zombie #490,Funko Pops!|Music & Pop Culture Icons,14.99,2026-02-05,,0,212,5,2026-09-05
40885815574592,7201316569152,The Princess and the Frog - Louis with Raymond #1670,Disney|Funko Pops!|Other Great Disney Movies,14.99,2026-02-05,2026-03-01,1,24,5,2026-09-05
40885819965504,7201318240320,The Princess and the Frog - Tiana #1672,Disney|Funko Pops!|Other Great Disney Movies,14.99,2026-02-05,2026-03-01,1,24,5,2026-09-05
40886106914880,7201389051968,Frieren: Beyond Journey’s End Fern Funko Pop! Vinyl Figure #1987,Anime|Frieren|Funko Pops!|new arrivals,14.99,2026-02-05,2026-02-28,1,23,5,2026-09-05
40886542237760,7201484439616,House of 1000 Corpses - Otis B. Driftwood #1851,Funko Pops!|Horror|More Great Horror,15.99,2026-02-06,,0,211,5,2026-09-05
40886542270528,7201484472384,House of 1000 Corpses - Captain Spaulding #1850,funko|Funko Pop|Halloween|Horror|House of 1000 Corpses|Plush,15.99,2026-02-06,2026-05-31,1,114,5,2026-09-05
40886542532672,7201484570688,House of 1000 Corpses - Baby (Glitter) #1852,Funko Pops!|Horror|More Great Horror,15.99,2026-02-06,2026-05-14,1,97,5,2026-09-05
40886542991424,7201484734528,Loungefly - Sanrio Kuromi 20th Anniversary Cameo Mini-Backpack,Backpack|Backpacks|Loungefly,69.99,2026-02-06,,0,211,5,2026-09-05
40886543810624,7201484898368,Loungefly - Frieren: Beyond Journey's End Frieren Cosplay Mini-Backpack,Backpack|Backpacks|Frieren|Loungefly,69.99,2026-02-06,,0,211,5,2026-09-05
40902412468288,7203535716416,Loungefly-Squid Game Piggy Bank Masked Men Glow in the Dark Backpack,Backpack|Backpacks|Loungefly,67.99,2026-02-15,,0,202,8,2026-09-05
40902412828736,7203535814720,Loungefly- Chucky Good Guys Box Mini Backpack,Backpack|Backpacks|Chucky|Loungefly,69.99,2026-02-15,2026-04-18,1,62,8,2026-09-05
40902412861504,7203535847488,Loungefly-My Little Pony Exclusive Sky Dancer Heart Shaped Figural Mini Backpack,Backpack|Backpacks|Icons|Loungefly,69.99,2026-02-15,2026-04-18,1,62,8,2026-09-05
40902412959808,7203535913024,Loungefly-The Lord of the Rings Exclusive Sauron Lenticular Mini Backpack,Backpack|Backpacks|Lord of the Rings|Loungefly,69.99,2026-02-15,2026-05-23,1,97,8,2026-09-05
40902413713472,7203535978560,Loungefly- Goofy Skeleton Glow-In-The-Dark Cosplay Double Strap Shoulder Bag,A Goofy Movie|Backpack|Goofy|Loungefly,74.99,2026-02-15,2026-03-22,1,35,8,2026-09-05
40902413811776,7203536076864,Loungefly-Limited Edition SpongeBob SquarePants Patrick Star Sequin Cosplay Mini Backpack,Backpack|Backpacks|Loungefly,76.99,2026-02-15,2026-02-25,1,10,8,2026-09-05
40902414729280,7203536568384,Loungefly Disney Lilo & Stitch Angel Figural Mini Backpack,Backpack|Backpacks|Lilo & Stitch|Loungefly,69.99,2026-02-15,,0,202,8,2026-09-05
40902414958656,7203536699456,Loungefly Disney Lilo and Stitch Space Adventure (Glows in the Dark) Backpack,Backpack|Backpacks|Lilo & Stitch|Loungefly,71.99,2026-02-15,,0,202,8,2026-09-05
40913569677376,7206019727424,KPop Demon Hunters- Jinu (KPDH) (CHASE) #2259,Animation|App_Exclusive|Funko Pops!|KPop Demon Hunters,59.99,2026-02-27,2026-03-26,1,27,14,2026-09-05
40913569775680,7206019760192,KPop Demon Hunters- Jinu (KPDH) #2259,Animation|Funko Pops!|KPop Demon Hunters,14.99,2026-02-27,2026-03-01,1,2,14,2026-09-05
40913573511232,7206020218944,KPop Demon Hunters - Rumi (KPDH) #2257,Animation|Funko Pops!|KPop Demon Hunters,14.99,2026-02-27,2026-03-05,1,6,14,2026-09-05
40913574625344,7206020546624,KPop Demon Hunters - Derpy with Sussie (Glow-in-the-Dark) (KPDH) #2260,Animation|Funko Pops!|KPop Demon Hunters,16.99,2026-02-27,2026-03-01,1,2,14,2026-09-05
40913575772224,7206021365824,KPop Demon Hunters - Mira (KPDH) #2258,Animation|Funko Pops!|KPop Demon Hunters,14.99,2026-02-27,2026-03-05,1,6,14,2026-09-05
40913576034368,7206021627968,KPop Demon Hunters - Zoey (KPDH) #2256,Animation|Funko Pops!|KPop Demon Hunters,14.99,2026-02-27,2026-03-05,1,6,14,2026-09-05
40913576362048,7206021824576,Star Wars: Star Wars Impressions - Darth Maul #813,Funko Pops!|Movies & TV|Star Wars,14.99,2026-02-27,2026-03-26,1,27,14,2026-09-05
40913576722496,7206022021184,Star Wars: Star Wars Impressions - Boba Fett #814,Funko Pops!|Movies & TV|Star Wars,14.99,2026-02-27,2026-03-05,1,6,14,2026-09-05
40913577214016,7206022185024,Star Wars: Star Wars Impressions - Stormtrooper #815,Funko Pops!|Movies & TV|Star Wars,14.99,2026-02-27,2026-03-26,1,27,14,2026-09-05
40913577279552,7206022250560,Last of Us - Tommy Miller #1846,Funko Pops!|More Movies & TV|Movies & TV,14.99,2026-02-27,,0,190,14,2026-09-05
40913579606080,7206022512704,Last of Us - Clicker #1843,Funko Pops!|More Movies & TV|Movies & TV,14.99,2026-02-27,,0,190,14,2026-09-05
40913579671616,7206022578240,Princess and the Frog Charlotte (CHASE) Funko Pop! Vinyl Figure #1671,Disney|Funko Pops!|Other Great Disney Movies,49.99,2026-02-27,,0,190,14,2026-09-05
40913580752960,7206022742080,Smile - Entity #1963,Funko Pops!|More Movies & TV|Movies & TV,14.99,2026-02-27,,0,190,14,2026-09-05
40913812193344,7206080708672,Welcome to Derry Bob Gray as Pennywise Funko Pop! #1852,Funko Pops!|Horror|Pennywise,14.99,2026-02-27,,0,190,14,2026-09-05
40918967222336,7207184760896,Hazbin Hotel - Sir Pentious Funko Pop #2243,Animation|Funko Pops!|Hazbin Hotel|new arrivals,14.99,2026-03-05,2026-03-21,1,16,1,2026-09-05
40919499604032,7207367999552,Hazbin Hotel - Sir Pentious (CHASE) #2243,Animation|Funko Pops!|Hazbin Hotel|new arrivals,62.99,2026-03-06,2026-05-28,1,83,10,2026-09-05
40919514447936,7207381794880,NFL: Lions - Aidan Hutchinson #326,Funko Pops!|NFL|Sports,14.99,2026-03-06,2026-04-25,1,50,10,2026-09-05
40919514579008,7207381893184,The Muppets - Pepe the Prawn (Flocked) #1678,Funko Pops!|More Movies & TV|Movies & TV,16.99,2026-03-06,2026-04-12,1,37,10,2026-09-05
40919528636480,7207382384704,The Muppets - Gonzo #1677,Funko Pops!|More Movies & TV|Movies & TV,14.99,2026-03-06,,0,183,10,2026-09-05
40919528669248,7207382417472,Kaiju No. 8 #2079,Anime|Funko Pops!|Kaiju No. 8,14.99,2026-03-06,2026-03-11,1,5,10,2026-09-05
40919528734784,7207382483008,Grim Adventures of Billy and Mandy - Grim #1910,Animation|Funko Pops!|Grim Adventures of Billy & Mandy,14.99,2026-03-06,2026-06-30,1,116,10,2026-09-05
40919528800320,7207382515776,Beetlejuice - Delia Deetz #1758,Beetlejuice|Funko Pops!|Horror,14.99,2026-03-06,2026-03-28,1,22,10,2026-09-05
40919529652288,7207382843456,Welcome to Derry - Periwinkle #1855,Funko Pops!|Horror|Movies & TV,14.99,2026-03-06,2026-04-12,1,37,10,2026-09-05
40919530635328,7207383498816,Welcome to Derry - Bloody Pennywise #1856,Funko Pops!|Horror|Pennywise,14.99,2026-03-06,2026-04-12,1,37,10,2026-09-05
40919530995776,7207383597120,Saint Seiya Athena (Saori Kido) in Diamond Collection Glitter (AE Exclusive) #1463,Anime|Funko Pops!|More Anime Favorites,12.99,2026-03-06,,0,183,10,2026-09-05
40922709262400,7207966507072,Loungefly - Avatar: The Last Airbender Sokka & Suki Mini Backpack,Avatar: The Last Airbender|Backpack|Backpacks|Loungefly,69.99,2026-03-07,,0,182,10,2026-09-05
40922709491776,7207966703680,Loungefly Disney Cinderella Ballgown Pumpkin Mini Backpack,Backpack|Backpacks|Cinderella|Loungefly,71.99,2026-03-07,,0,182,10,2026-09-05
40922711654464,7207967653952,Disney Pop! Hercules Pain & Panic - 2 pack,Disney|Funko Pops!|Other Great Disney Movies,31.99,2026-03-07,2026-08-04,1,150,10,2026-09-05
40922711687232,7207967686720,Dandadan Okarun (Transformed) Funko Pop! Vinyl Figure #2100,Anime|Dandadan|Funko Pops!,14.99,2026-03-07,2026-04-03,1,27,10,2026-09-05
40922711720000,7207967719488,Dandadan Okarun (Transformed) Funko Pop (CHASE) ! Vinyl Figure #2100,Anime|Dandadan|Funko Pops!,54.99,2026-03-07,2026-03-27,1,20,10,2026-09-05
40922711949376,7207967785024,Tina Turner What’s Love Got to Do with It Funko Pop! Vinyl Figure #492,Funko Pops!|Music & Pop Culture Icons,14.99,2026-03-07,,0,182,10,2026-09-05
40922715127872,7207967883328,Terrifier 3 Art the Clown Bloody Funko Pop EE Exclusive! Vinyl Figure #1948,Funko Pops!|Horror|Terrifier,16.99,2026-03-07,2026-06-06,1,91,10,2026-09-05
40922717192256,7207967981632,Terrifier 3 Art the Clown Bloody Funko Pop EE Exclusive! Vinyl Blacklight CHASE #1948,Funko Pops!|Horror|Terrifier,69.99,2026-03-07,2026-04-12,1,36,10,2026-09-05
40922720206912,7207968047168,Terrifier - Victoria Heyes #1949,Funko Pops!|Horror|Terrifier,16.99,2026-03-07,2026-04-25,1,49,10,2026-09-05
40922721648704,7207968571456,Loungefly Terrifier Art the Clown Blood Splatter Glow-in-the-Dark Mini-Backpack EE Exclusive,Backpack|Backpacks|Loungefly|Terrifier,79.99,2026-03-07,2026-07-24,1,139,10,2026-09-05
40923134132288,7208049475648,Yu-Gi-Oh! Pop! Mystical Elf (2024 Fall Convention LE QR Code) #1692,Anime|Funko Pops!|Yu-Gi-Oh,21.99,2026-03-08,,0,181,1,2026-09-05
40929599914048,7210116907072,Pets - Calico #14,Funko Pops!|More Movies & TV|Movies & TV,75.99,2026-03-14,,0,175,2,2026-09-05
40929756184640,7210159112256,Iron Maiden Eddie (Chase) Stranger in a Strange Land Pop! Vinyl Figure,Funko Pops!|Music & Pop Culture Icons|Rock|Stranger Things,30.99,2026-03-14,2026-05-29,1,76,2,2026-09-05
40931161145408,7210500522048,Star Wars - Anakin Skywalker With Lightsabers #567 (Fall Convention),Funko Pops!|Movies & TV|Star Wars,70.99,2026-03-15,,0,174,5,2026-09-05
40931167502400,7210502357056,Star Wars: Kylo Ren Supreme Leader (Bronze Metallic Finish) #308 (Target Exclusive),Funko Pops!|Movies & TV|Star Wars,15.99,2026-03-15,,0,174,5,2026-09-05
40931187261504,7210503209024,Star Wars: Brethupp #613 (Gamestop Exclusive),Funko Pops!|Movies & TV|Star Wars,17.99,2026-03-15,,0,174,5,2026-09-05
40931191783488,7210503864384,Star Wars: Darth Nihilus  #709  (GameStop Exclusive),Funko Pops!|Movies & TV|Star Wars,49.99,2026-03-15,,0,174,5,2026-09-05
40931193913408,7210504224832,Star Wars: Merrin (Nightsister) #553 (GameStop Exclusive),Funko Pops!|Movies & TV|Star Wars,16.99,2026-03-15,,0,174,5,2026-09-05
40943294775360,7214710489152,Star Wars - Rogue One Darth Vader #143,Funko Pops!|Movies & TV|Star Wars,12.99,2026-03-21,,0,168,58,2026-09-05
40943353397312,7214727397440,Star Wars - Kylo Ren Retro #770,Funko Pops!|Movies & TV|Star Wars,12.99,2026-03-21,2026-07-26,1,127,58,2026-09-05
40943481028672,7214762623040,Star Wars - 332nd Company Trooper #627 (BAM! Exclusive),Funko Pops!|Movies & TV|Star Wars,22.99,2026-03-21,,0,168,58,2026-09-05
40943606595648,7214783692864,Star Wars - Luke Skywalker (Red 5) #763,Funko Pops!|Movies & TV|Star Wars,12.99,2026-03-21,,0,168,58,2026-09-05
40943623077952,7214786904128,Star Wars - First Order Executioner #201,Funko Pops!|Movies & TV|Star Wars,12.99,2026-03-21,,0,168,58,2026-09-05
40943662235712,7214795522112,Star Wars: Clone Wars - ARC Trooper Jesse #807,Funko Pops!|Movies & TV|Star Wars,14.99,2026-03-21,,0,168,58,2026-09-05
40943663284288,7214795620416,Scooby-Doo! - Shaggy w/3D Glasses #2039,Animation|Funko Pops!|More Animation,14.99,2026-03-21,2026-06-21,1,92,58,2026-09-05
40943668297792,7214799093824,Dragon Ball Goku with Nyoibo Glow-in-the-Dark Funko Pop! AE Exclusive #1922,Anime|Dragon Ball|Funko Pops!,16.99,2026-03-21,2026-04-19,1,29,58,2026-09-05
40943669477440,7214800142400,Star Wars - First Order Stormtrooper (Walgreens Exclusive) #75,Funko Pops!|Movies & TV|Star Wars,15.99,2026-03-21,,0,168,58,2026-09-05
40943670755392,7214801322048,NFL: Legends - Ed Reed (Ravens) #330,Funko Pops!|NFL|Sports,15.99,2026-03-21,2026-04-18,1,28,58,2026-09-05
40943672492096,7214802829376,NFL - Steelers - Troy Polamalu #334,Funko Pops!|NFL|Sports,15.99,2026-03-21,2026-06-21,1,92,58,2026-09-05
40943674228800,7214804336704,Brides Maids - Megan Price #1969,Funko Pops!|More Movies & TV|Movies & TV,14.99,2026-03-21,,0,168,58,2026-09-05
40943681830976,7214805614656,Pokemon - Magmar #1125,Funko Pops!|Pokemon|Video Games,15.99,2026-03-21,,0,168,58,2026-09-05
40943684812864,7214807154752,The Last of Us - Ellie #1844,Funko Pops!|More Movies & TV|Movies & TV,14.99,2026-03-21,,0,168,58,2026-09-05
40943688745024,7214808301632,FUNKO POP! AD Icon:Polaroid Camera #164,Funko Pops!|Icons|Music & Pop Culture Icons,19.99,2026-03-21,,0,168,58,2026-09-05
40943691071552,7214808858688,Kaiju No 8 - Kaiju No 9 #2253,Anime|Funko Pops!|Kaiju No. 8,15.99,2026-03-21,2026-03-24,1,3,58,2026-09-05
40943693856832,7214810529856,Kaiju No. 8 - Kaiju No. 8 - Jumpsuit #2254,Anime|Funko Pops!|Kaiju No. 8,15.99,2026-03-21,2026-03-29,1,8,58,2026-09-05
40943697690688,7214812102720,Kaiju No. 8 - Isao Shinomiya #2248,Anime|Funko Pops!|Kaiju No. 8,14.99,2026-03-21,2026-04-17,1,27,58,2026-09-05
40943714795584,7214817706048,"Ghostface (LE, NYCC Exclusive) Handmade By Robots Vinyl Figure",Halloween|Handmade by Robots|Horror|Horror Movie|Scream,22.99,2026-03-21,2026-04-18,1,28,58,2026-09-05
40943714959424,7214817869888,Dragon Ball Z - Perfect Cell - Deluxe (Build-A-Scene) #2222,Anime|Dragon Ball|Funko Pops!,34.99,2026-03-21,2026-04-18,1,28,58,2026-09-05
40943721676864,7214820393024,Demon Slayer - Zenitsu Agatsuma (Sumi-Ink) #2192,Anime|Demon Slayer|Funko Pops!,14.99,2026-03-21,2026-04-18,1,28,58,2026-09-05
40943725346880,7214821965888,Demon Slayer - Inosuke Hashibira (Sumi-Ink) #2193,Anime|Demon Slayer|Funko Pops!,14.99,2026-03-21,2026-03-24,1,3,58,2026-09-05
40943737241664,7214824849472,"Disney Channel Throwback - Camp Rock, Mitchie #1686",Disney|Funko Pops!|Other Great Disney Movies,14.99,2026-03-21,,0,168,58,2026-09-05
40943747563584,7214826750016,"Disney Channel Throwback - Hannah Montana, Hannah (Disney Icon) #1687",Disney|Funko Pops!|Other Great Disney Movies,15.99,2026-03-21,,0,168,58,2026-09-05
40943756214336,7214828650560,NFL - Giants - Malik Nabers #325,Funko Pops!|NFL|Sports,15.99,2026-03-21,,0,168,58,2026-09-05
40943772368960,7214831140928,One Piece - Sabo Attacking with Pipe #2108,Anime|Funko Pops!|One Piece,14.99,2026-03-21,,0,168,58,2026-09-05
40943786983488,7214832681024,One Piece - Sanji (Egghead Arc) #2167,Anime|Funko Pops!|One Piece,14.99,2026-03-21,2026-03-27,1,6,58,2026-09-05
40943794683968,7214833795136,"Kaiju No. 8, Aoi Kaguragi #2247",Anime|Funko Pops!|Kaiju No. 8,14.99,2026-03-21,2026-03-24,1,3,58,2026-09-05
40943805890624,7214834843712,"Kaiju No. 8, Haruichi #2246",Anime|Funko Pops!|Kaiju No. 8,14.99,2026-03-21,,0,168,58,2026-09-05
40943814639680,7214836383808,"Kaiju No. 8, Iharu Furuhashi #2245",Anime|Funko Pops!|Kaiju No. 8,14.99,2026-03-21,2026-03-24,1,3,58,2026-09-05
40943825289280,7214838415424,Goofy Through the Ages - 1944 #1960,A Goofy Movie|Disney|Funko Pops!|Goofy|Other Great Disney Movies,14.99,2026-03-21,,0,168,58,2026-09-05
40943832662080,7214839824448,Goofy Through the Ages - 1963 #1691,A Goofy Movie|Disney|Funko Pops!|Goofy|Other Great Disney Movies,14.99,2026-03-21,,0,168,58,2026-09-05
40943840133184,7214842347584,Goofy Through the Ages - 2019 #1693,A Goofy Movie|Disney|Funko Pops!|Goofy|Other Great Disney Movies,14.99,2026-03-21,,0,168,58,2026-09-05
40943844687936,7214843527232,Goofy Through the Ages - 1992 #1692,A Goofy Movie|Disney|Funko Pops!|Goofy|Other Great Disney Movies,14.99,2026-03-21,,0,168,58,2026-09-05
40943853404224,7214845296704,Tiger Woods (Tour Debut 1992) #06,Funko Pops!|More Sports|Sports,15.99,2026-03-21,,0,168,58,2026-09-05
40943856681024,7214846804032,NFL - Washington Commanders - Jayden Daniels #324,Funko Pops!|NFL|Sports,15.99,2026-03-21,,0,168,58,2026-09-05
40943864086592,7214848147520,Harry Potter - Neville Longbottom #194,Funko Pops!|Harry Potter|Movies & TV,14.99,2026-03-21,2026-04-11,1,21,58,2026-09-05
40943868969024,7214849491008,Harry Potter: - Severus Snape with Patronus #195,Funko Pops!|Harry Potter|Movies & TV,14.99,2026-03-21,2026-06-16,1,87,58,2026-09-05
40943883780160,7214852014144,Welcome to Derry - Original Periwinkle (It) #1854,Funko Pops!|Horror|Movies & TV,14.99,2026-03-21,,0,168,58,2026-09-05
40943890104384,7214853390400,Lord of the Rings - Faramir #1983,Funko Pops!|Lord of the Rings|Movies & TV,14.99,2026-03-21,,0,168,58,2026-09-05
40943903834176,7214856044608,Lord of the Rings - Peregrin Took #1985,Funko Pops!|Lord of the Rings|Movies & TV,14.99,2026-03-21,,0,168,58,2026-09-05
40943918186560,7214857846848,Goofy Through the Ages - 1932 #1689,A Goofy Movie|Disney|Funko Pops!|Goofy|Other Great Disney Movies,14.99,2026-03-21,,0,168,58,2026-09-05
40943926509632,7214859223104,NFL Mascots: 49ers - Sourdough Sam #320,Funko Pops!|NFL|Sports,15.99,2026-03-21,,0,168,58,2026-09-05
40943932080192,7214860894272,Liverpool FC - Alexis Mac Allister #75,Funko Pops!|futbol|More Sports|soccer|Sports,14.99,2026-03-21,2026-06-05,1,76,58,2026-09-05
40943937650752,7214862139456,Liverpool FC - Ian Rush #76,Funko Pops!|futbol|More Sports|soccer|Sports,14.99,2026-03-21,2026-06-05,1,76,58,2026-09-05
40943945187392,7214863614016,NFL: Jaguars - Travis Hunter #337,Funko Pops!|NFL|Sports,15.99,2026-03-21,,0,168,58,2026-09-05
40943957344320,7214867284032,Harry Potter - Griphook #193,Funko Pops!|Harry Potter|Movies & TV,14.99,2026-03-21,,0,168,58,2026-09-05
40943962914880,7214868987968,One Piece - Tony Tony Chopper #2148,Anime|Funko Pops!|One Piece,14.99,2026-03-21,2026-07-16,1,117,58,2026-09-05
40943965077568,7214869446720,Bob's Burgers - Calvin Fischoeder #2169,Funko Pops!|More Movies & TV|Movies & TV,15.99,2026-03-21,,0,168,58,2026-09-05
40943965274176,7214869577792,MLS: Inter Miami - Luis Suarez #02,Funko Pops!|More Sports|Sports,15.99,2026-03-21,,0,168,58,2026-09-05
40943974711360,7214871248960,Skibidi Toilet - Cameraman #1956,Animation|Funko Pops!|More Animation,14.99,2026-03-21,,0,168,58,2026-09-05
40943978184768,7214872428608,Skibidi Toilet - Skibidi Toilet #1957,Animation|Funko Pops!|More Animation,15.99,2026-03-21,,0,168,58,2026-09-05
40943981854784,7214873706560,"WWE: Dwayne ""The Rock"" Johnson #189",Funko Pops!|Sports|WWE,15.99,2026-03-21,,0,168,58,2026-09-05
40943985033280,7214874951744,WWE - ''Stone Cold'' Steve Austin #190,Funko Pops!|Sports|WWE,14.99,2026-03-21,,0,168,58,2026-09-05
40943991324736,7214876098624,Blues Clues - Magenta #1724,Animation|Funko Pops!|More Animation,14.99,2026-03-21,,0,168,58,2026-09-05
40943998599232,7214877474880,"Alice in Wonderland: Cheshire Cat, Sketched #1645",Alice in Wonderland|Disney|Funko Pops!,15.99,2026-03-21,,0,168,58,2026-09-05
40944022683712,7214881407040,Dragon Ball GT - Super Saiyan 4 Gogeta #2074,Anime|Dragon Ball|Funko Pops!,14.99,2026-03-21,2026-04-25,1,35,58,2026-09-05
40944053026880,7214885765184,Dragon Ball GT - Super Yi - Shinron (Super) #2076,Anime|Dragon Ball|Funko Pops!,26.99,2026-03-21,,0,168,58,2026-09-05
40946209030208,7215393013824,Hazbin Hotel - Charlie Morningstar #2239,Animation|Funko Pops!|Hazbin Hotel,15.99,2026-03-22,2026-08-14,1,145,3,2026-09-05
40946210111552,7215393570880,Hazbin Hotel - Charlie Morningstar (CHASE) #2239,Animation|Funko Pops!|Hazbin Hotel,49.99,2026-03-22,2026-03-22,1,0,3,2026-09-05
40946265686080,7215420833856,Demon Slayer - Muzan Kibutsuji (Metallic) #2196,Anime|Demon Slayer|Funko Pops!,23.99,2026-03-22,2026-03-28,1,6,3,2026-09-05
40949915418688,7217298505792,Star Wars: Clone Wars - ARC Trooper Jesse #807 (CHASE),Funko Pops!|Movies & TV|Star Wars,54.99,2026-03-26,2026-04-09,1,14,1,2026-09-05
40952150491200,7217598988352,Slurpee (Black Light) (7-11 Exclusive) Funko Pop! #194,Funko Pops!|Icons|Music & Pop Culture Icons,19.99,2026-03-28,,0,161,15,2026-09-05
40952151375936,7217599381568,"Disney/Pixar - Toy Story - Woody (VHS Cover), Amazon Exclusive #05",Disney|Funko Pops!|Toy Story,19.99,2026-03-28,2026-06-04,1,68,15,2026-09-05
40952151539776,7217599512640,Disney Pixar Alien Remix - Wall-E #760,Disney|Funko Pops!|Toy Story,12.99,2026-03-28,2026-03-28,1,0,15,2026-09-05
40952151736384,7217599676480,Disney Pixar Alien Remix -  Eve #765,Disney|Funko Pops!|Toy Story,12.99,2026-03-28,2026-03-28,1,0,15,2026-09-05
40952155177024,7217601085504,Disney Pixar - Alien Remix Dug #754,Disney|Funko Pops!|Up!,12.99,2026-03-28,,0,161,15,2026-09-05
40952155373632,7217601249344,Disney Pixar - Alien Remix Dory #750,Disney|Funko Pops!|Toy Story,12.99,2026-03-28,,0,161,15,2026-09-05
40952155471936,7217601347648,Disney Pixar - Alien Remix Mater #764,Disney|Funko Pops!|Toy Story,15.99,2026-03-28,2026-03-28,1,0,15,2026-09-05
40952155570240,7217601445952,Disney Pixar - Alien Remix Mrs. Incredible #762,Disney|Funko Pops!|Toy Story,12.99,2026-03-28,,0,161,15,2026-09-05
40952157012032,7217602035776,Disney Pixar - Alien Remix Elastigirl (FYE Exclusive) #767,Disney|Funko Pops!|Toy Story,12.99,2026-03-28,,0,161,15,2026-09-05
40952157110336,7217602101312,Disney Pixar - Alien Remix Dot #752,Disney|Funko Pops!|Toy Story,14.99,2026-03-28,,0,161,15,2026-09-05
40952157143104,7217602134080,Disney Pixar - Alien Remix Roz #763,Disney|Funko Pops!|Toy Story,15.99,2026-03-28,2026-05-09,1,42,15,2026-09-05
40952157601856,7217602330688,Disney Pixar - Alien Remix Roz #763 (Damaged),Disney|Funko Pops!|Toy Story,8.99,2026-03-28,,0,161,15,2026-09-05
40952157700160,7217602396224,Disney Pixar - Alien Remix Randall #761,Disney|Funko Pops!|Toy Story,12.99,2026-03-28,,0,161,15,2026-09-05
40952158355520,7217602822208,Disney Pixar - Alien Remix Randall #761 (Walgreens Exclusive),Disney|Funko Pops!|Toy Story,12.99,2026-03-28,,0,161,15,2026-09-05
40952158486592,7217602854976,Disney Pixar - Alien Remix Sulley #759,Disney|Funko Pops!|Toy Story,19.99,2026-03-28,,0,161,15,2026-09-05
40953633407040,7217758699584,Solo Leveling - Woo Jinchul #2271,Anime|Funko Pops!|Solo Leveling,14.99,2026-03-29,2026-04-12,1,14,11,2026-09-05
40953633439808,7217758732352,WWE: Hulkamania Hulk Hogan with Belt #149,Funko Pops!|Sports|WWE,14.99,2026-03-29,,0,160,11,2026-09-05
40953633538112,7217758830656,Solo Leveling - Choi Jong-in #2269,Anime|Funko Pops!|Solo Leveling,14.99,2026-03-29,2026-04-12,1,14,11,2026-09-05
40953633636416,7217758994496,Solo Leveling - Go Gunhee #2270,Anime|Funko Pops!|Solo Leveling,14.99,2026-03-29,2026-04-12,1,14,11,2026-09-05
40953633669184,7217759158336,Solo Leveling - Igris #1985,Anime|Funko Pops!|Solo Leveling,14.99,2026-03-29,2026-04-09,1,11,11,2026-09-05
40953633734720,7217759223872,Solo Leveling - Igris (Metallic Limited Edition CHASE) #1985,Anime|Funko Pops!|Solo Leveling,69.99,2026-03-29,2026-04-12,1,14,11,2026-09-05
40953633931328,7217759420480,Solo Leveling - Sung Jinwoo #1982,Anime|Funko Pops!|Solo Leveling,14.99,2026-03-29,2026-05-02,1,34,11,2026-09-05
40953633964096,7217759453248,Solo Leveling - Sung Jinwoo (GITD CHASE)#1982,Anime|Funko Pops!|Solo Leveling,41.99,2026-03-29,2026-04-03,1,5,11,2026-09-05
40953824837696,7217822302272,Loungefly Disney The Nightmare Before Christmas Sally Icons Mini Backpack,Backpack|Backpacks|Loungefly|The Nightmare Before Christmas,69.99,2026-03-29,,0,160,11,2026-09-05
40953824936000,7217822367808,Loungefly Marvel Spider-Gwen Pink Web Mini Backpack,Backpack|Backpacks|Loungefly|Marvel|Spider-Man,69.99,2026-03-29,,0,160,11,2026-09-05
40953825099840,7217822400576,Loungefly Disney Pixar Up Carl & Ellie Balloon Mini Backpack with Coin Purse (BoxLunch 10th Anniversary Edition),Backpack|Backpacks|Loungefly,72.99,2026-03-29,,0,160,11,2026-09-05
40966490980416,7221013839936,WWE: Uncle Howdy #196,Funko Pops!|Sports|WWE,15.99,2026-04-11,2026-05-23,1,42,2,2026-09-05
40966491013184,7221013872704,WWE: Uncle Howdy #196 (Chase),Funko Pops!|Sports|WWE,69.99,2026-04-11,,0,147,2,2026-09-05
40970274603072,7222186967104,Queen - I Want to Break Free 4-Pack,Funko Pops!|Music & Pop Culture Icons|Rock,129.99,2026-04-15,,0,143,8,2026-09-05
40970274865216,7222187032640,Hell's Paradise - Chobe #2280,Anime|Funko Pops!|Hell's Paradise,14.99,2026-04-15,2026-05-09,1,24,8,2026-09-05
40970279813184,7222188048448,Hell's Paradise - Gabimaru #2278,Anime|Funko Pops!|Hell's Paradise,14.99,2026-04-15,2026-04-25,1,10,8,2026-09-05
40970286858304,7222189523008,Hell's Paradise - Yuzuriha #2282,Anime|Funko Pops!|Hell's Paradise,14.99,2026-04-15,2026-05-09,1,24,8,2026-09-05
40970287120448,7222189588544,Kaiju No8 - Mina Ashiro #2083,Anime|Funko Pops!|Kaiju No. 8,16.99,2026-04-15,,0,143,8,2026-09-05
40970287153216,7222189621312,Kaiju No8 - Mina Ashiro (CHASE) #2083,Anime|Funko Pops!|Kaiju No. 8,46.99,2026-04-15,2026-04-17,1,2,8,2026-09-05
40970287579200,7222189785152,Silent Hill 2 - Bubblehead Nurse #1204,Funko Pops!|Silent Hill|Video Games,14.99,2026-04-15,2026-05-01,1,16,8,2026-09-05
40970287611968,7222189817920,Silent Hill 3 - Robbie the Rabbit #1209,Funko Pops!|Silent Hill|Video Games,14.99,2026-04-15,2026-04-18,1,3,8,2026-09-05
40970287743040,7222189948992,Lilo & Stitch Stitch in PJs Glow-in-the-Dark Funko Pop Specialty #1747,Disney|Funko Pops!|Lilo & Stitch,16.99,2026-04-16,2026-05-01,1,15,3,2026-09-05
40973358628928,7222756081728,ThunderCats - Ro-Bear Bill #441 (LE Legendary 1583 PCs) Flocked,Animation|Funko Pops!|More Animation,75.00,2026-04-16,2026-06-27,1,72,3,2026-09-05
40973359382592,7222756409408,TMNT - Krang in Bubble Walker #1757 (LE Royalty 3500 PCs),Animation|Funko Pops!|More Animation,84.99,2026-04-16,,0,142,3,2026-09-05
40974773223488,7223075733568,Silent Hill 3 - Heather Mason Funko Pop! Vinyl Figure #1208,Funko Pops!|Silent Hill|Video Games,14.99,2026-04-18,2026-05-01,1,13,5,2026-09-05
40974773256256,7223075766336,WWE Rhea Ripley WM40 Funko Pop! Vinyl Figure #193,Funko Pops!|Sports|WWE,14.99,2026-04-18,2026-07-05,1,78,5,2026-09-05
40974773289024,7223076061248,WWE Rhea Ripley WM40 Funko Pop! Vinyl Figure #193 (CHASE),Funko Pops!|Sports|WWE,65.99,2026-04-18,2026-06-06,1,49,5,2026-09-05
40974773321792,7223076094016,Hazbin Hotel Vaggie Funko Pop! Vinyl Figure #2240,Animation|Funko Pops!|Hazbin Hotel,14.99,2026-04-18,,0,140,5,2026-09-05
40974773354560,7223076126784,Hazbin Hotel Vaggie Funko Pop! Vinyl Figure #2240 (CHASE),Animation|Funko Pops!|Hazbin Hotel|new arrivals,47.99,2026-04-18,2026-04-18,1,0,5,2026-09-05
40979373391936,7223858561088,Terrifier Art the Clown Funko Pop! Vinyl Figure Shelf Sitter #2011,Funko Pops!|Horror|Terrifier,14.99,2026-04-24,,0,134,1,2026-09-05
41099196563520,7226666352704,Star Wars Darth Maul (Blue Box) #09,Funko Pops!|Movies & TV|Star Wars,25.99,2026-05-02,2026-05-16,1,14,4,2026-09-05
41099197153344,7226666582080,Star Wars - Han Solo [Hoth] (Blue Box) #47,Funko Pops!|Movies & TV|Star Wars,14.99,2026-05-02,,0,126,4,2026-09-05
41099197546560,7226666713152,Star Wars - Admiral Ackbar (Blue Box) #28,Funko Pops!|Movies & TV|Star Wars,50.99,2026-05-02,,0,126,4,2026-09-05
41099207213120,7226667008064,Star Wars - Luke Skywalker [X-Wing Pilot] (Blue Box) #17,Funko Pops!|Movies & TV|Star Wars,50.99,2026-05-02,,0,126,4,2026-09-05
41103077277760,7227825324096,Star Wars - Jabba the Hutt - LARGE FONT Blue Box (1st Release) #22,Funko Pops!|Movies & TV|Star Wars,45.99,2026-05-09,,0,119,5,2026-09-05
41103078096960,7227825684544,Star Wars - TIE Fighter Pilot #51 (Blue Box) NYCC 2015 Exclusive,Funko Pops!|Movies & TV|Star Wars,60.99,2026-05-09,,0,119,5,2026-09-05
41103078588480,7227825782848,Star Wars - Unmasked Vader (Blue Box) #43,Funko Pops!|Movies & TV|Star Wars,25.99,2026-05-09,,0,119,5,2026-09-05
41103082913856,7227826962496,Star Wars - Yoda (Blue Box) #02,Funko Pops!|Movies & TV|Star Wars,23.99,2026-05-09,2026-09-02,1,116,5,2026-09-05
41103111258176,7227829944384,Star Wars - Padme Amidala #237 (2018 Spring Convention),Funko Pops!|Movies & TV|Star Wars,60.99,2026-05-09,,0,119,5,2026-09-05
41103263694912,7227867791424,Star Wars C-3PO (Blue Box) #13 (2nd Release),Funko Pops!|Movies & TV|Star Wars,36.99,2026-05-10,2026-06-12,1,33,1,2026-09-05
41115440939072,7238010961984,Sakamoto Days Lu Shaotang Funko Pop! Vinyl Figure #2061,Anime|Funko Pops!|Sakamoto Days,14.99,2026-05-16,,0,112,8,2026-09-05
41115441299520,7238011060288,Sakamoto Days Nagumo Funko Pop! Vinyl Figure #2060,Anime|Funko Pops!|Sakamoto Days,14.99,2026-05-16,,0,112,8,2026-09-05
41115443003456,7238011420736,The Princess and the Frog Naveen with Ukulele Funko Pop! Specialty #1737,Disney|Funko Pops!|Other Great Disney Movies,14.99,2026-05-16,,0,112,8,2026-09-05
41115448180800,7238015385664,Sakamoto Days Shin Asakura Funko Pop! Vinyl Figure #2059,Anime|Funko Pops!|Sakamoto Days,14.99,2026-05-16,,0,112,8,2026-09-05
41115448246336,7238015483968,Sakamoto Days X Funko Pop! Vinyl Figure #2422,Anime|Funko Pops!|Sakamoto Days,14.99,2026-05-16,,0,112,8,2026-09-05
41115453194304,7238017613888,Sakamoto Days Takamura Funko Pop! Vinyl Figure #2420,Anime|Funko Pops!|Sakamoto Days,14.99,2026-05-16,,0,112,8,2026-09-05
41115454963776,7238017941568,Atlantis: The Lost Empire Kida Funko Pop! Vinyl Figure #1660,Disney|Funko Pops!|Other Great Disney Movies,14.99,2026-05-16,2026-09-05,1,112,8,2026-09-05
41115455029312,7238018007104,he Lord of the Rings Gimli Pop! Sayings Funko Pop! Vinyl Figure #2028,Funko Pops!|Lord of the Rings|Movies & TV,14.99,2026-05-16,2026-05-23,1,7,8,2026-09-05
41118905761856,7240502870080,Sakamoto Days Shishiba Funko Pop! Vinyl Figure #2418,Anime|Funko Pops!|Sakamoto Days,14.99,2026-05-18,,0,110,1,2026-09-05
41121309589568,7242438475840,Toy Story Lotso Flocked Funko Pop! Vinyl Figure Speciality #1748,Disney|Funko Pops!|Toy Story,19.99,2026-05-22,2026-05-24,1,2,2,2026-09-05
41121327349824,7242439950400,The Lord of the Rings Gollum Glow-in-the-Dark Funko Pop! Vinyl Figure Plus #1831,Funko Pops!|Lord of the Rings|Movies & TV,16.99,2026-05-22,2026-05-23,1,1,2,2026-09-05
41127902511168,7245617233984,One Piece- Monkey D. Luffy (Gum Gum Gatling) #2217,Anime|Funko Pops!|One Piece,36.99,2026-05-27,,0,101,20,2026-09-05
41127907098688,7245617365056,Demon Slayer Pop! Muzan Kibutsuji (Bloody) #2212,Anime|Demon Slayer|Funko Pops!,41.99,2026-05-27,,0,101,20,2026-09-05
41127908409408,7245617561664,Solo Leveling Pop! Baek Yoonho (Silver Mane) #2273,Anime|Funko Pops!|Solo Leveling,24.99,2026-05-27,,0,101,20,2026-09-05
41127908671552,7245617627200,Dandadan Pop! Premium Okarun (Transformed) #2155,Anime|Dandadan|Funko Pops!,29.99,2026-05-27,,0,101,20,2026-09-05
41127909785664,7245617856576,Back to the Future Pop! Marty McFly (2015) #1847,Funko Pops!|More Movies & TV|Movies & TV,29.99,2026-05-27,2026-08-08,1,73,20,2026-09-05
41127909818432,7245617889344,Sakamoto Days Pop! Heisuke with Piisuke #2062,Anime|Funko Pops!|Sakamoto Days,29.99,2026-05-27,,0,101,20,2026-09-05
41127911784512,7245618053184,Disney Pop! Shego (Glows in the Dark) #1582,Disney|Funko Pops!|Other Great Disney Movies,19.99,2026-05-27,2026-06-18,1,22,20,2026-09-05
41127912603712,7245618282560,Ranma 1/2 Pop! P-Chan #2030,Anime|Funko Pops!|More Anime Favorites,29.99,2026-05-27,,0,101,20,2026-09-05
41127917879360,7245620117568,Marvel Pop! Punisher with Sword #1577,Funko Pops!|Marvel|More Marvel Comics,27.99,2026-05-27,,0,101,20,2026-09-05
41127918338112,7245620445248,Stranger Things Pop! Joyce Byers with Axe #1801,Funko Pops!|Movies & TV|Stranger Things,31.99,2026-05-27,,0,101,20,2026-09-05
41127918731328,7245620543552,MLB Pop! Jazz Chisholm Jr. #128,Funko Pops!|MLB|Sports,24.99,2026-05-27,,0,101,20,2026-09-05
41127919878208,7245620772928,Pink Pop! Pink with Chainsaw (So What) #488,Funko Pops!|Music & Pop Culture Icons,39.99,2026-05-27,,0,101,20,2026-09-05
41127920074816,7245620838464,MLB Pop! Trea Turner #119,Funko Pops!|MLB|Sports,29.99,2026-05-27,,0,101,20,2026-09-05
41127920402496,7245620904000,Marvel Pop! Miles Morales (Vibranium Suit) #1565,Funko Pops!|Marvel|Spider-Man,21.99,2026-05-27,2026-08-08,1,73,20,2026-09-05
41127922434112,7245621002304,Disney Pop! Pascal in Dress #1643,Disney|Funko Pops!|Other Great Disney Movies,21.99,2026-05-27,,0,101,20,2026-09-05
41127922729024,7245621100608,Disney Pop! Sparky #1632,Disney|Funko Pops!|Other Great Disney Movies,36.99,2026-05-27,,0,101,20,2026-09-05
41127922794560,7245621166144,DC Comics Pop! Damian Wayne #575,Batman|DC Comics|Funko Pops!,29.99,2026-05-27,,0,101,20,2026-09-05
41127922892864,7245621231680,Sanrio Pop! Cogimyun #147,Anime|Funko Pops!|More Anime Favorites,22.99,2026-05-27,,0,101,20,2026-09-05
41127922958400,7245621297216,Marvel Pop! Knull #1551,Funko Pops!|Marvel|More Marvel Comics,29.99,2026-05-27,,0,101,20,2026-09-05
41127923023936,7245621362752,DC Comics Pop! Dr. Manhattan #1888,DC Comics|Funko Pops!,37.99,2026-05-27,,0,101,20,2026-09-05
41133036961856,7245901299776,Godzilla Pop! Premium Destoroyah (Deco) #1893,Funko Pops!|More Movies & TV|Movies & TV,36.99,2026-05-28,,0,100,3,2026-09-05
41133038993472,7245901529152,The Simpsons Pop! Krusty Doll (Evil Krusty) #1381,Animation|Funko Pops!|Simpsons,17.99,2026-05-28,,0,100,3,2026-09-05
41133039517760,7245901692992,Star Wars Pop! T3-M4 (Legends) #754,Funko Pops!|Movies & TV|Star Wars,17.99,2026-05-28,,0,100,3,2026-09-05
41133043548224,7245902905408,Fairy Tail Pop! Natsu (Fired-Up) #2290,Anime|Fairy Tail|Funko Pops!,36.99,2026-05-29,,0,99,30,2026-09-05
41133044236352,7245903298624,Disney Pop! Dr. Bob #1674,Disney|Funko Pops!|Other Great Disney Movies,34.99,2026-05-29,2026-08-16,1,79,30,2026-09-05
41133045317696,7245903593536,KPop Demon Hunters Pop! Baby (Soda Pop) #2434,Animation|Anime|funko|Funko Pop|K POP Demon Hunters,31.99,2026-05-29,,0,99,30,2026-09-05
41133048266816,7245903986752,One Piece Pop! Miss All Sunday (Live Action) #1884,Anime|Funko Pops!|One Piece,27.99,2026-05-29,2026-06-21,1,23,30,2026-09-05
41133048660032,7245904085056,Disney Pop! Rolly with Cheese Sandwich #1685,Disney|Funko Pops!|Other Great Disney Movies,24.99,2026-05-29,2026-08-02,1,65,30,2026-09-05
41133050495040,7245904248896,Jared Goff (Blue & Grey Uniform) #327,Funko Pops!|NFL|Sports,19.99,2026-05-29,2026-06-28,1,30,30,2026-09-05
41133051084864,7245904445504,Disney Pop! & Buddy Janice with Chicken #1679,Disney|Funko Pops!|Other Great Disney Movies,26.99,2026-05-29,2026-08-16,1,79,30,2026-09-05
41133058097216,7245905363008,Tokyo Revengers Pop! Chifuyu Matsuno #2134,Anime|Funko Pops!|More Anime Favorites,29.99,2026-05-29,,0,99,30,2026-09-05
41133061931072,7245906346048,Cartoon Network Pop! Simon with Crown #1756,Animation|Cartoon Network|Funko Pops!|More Animation,32.99,2026-05-29,2026-08-28,1,91,30,2026-09-05
41133062520896,7245906444352,Ferxxo Pop! Ferxxo (Glow in the Dark) #483,Funko Pops!|Music & Pop Culture Icons|Pop,39.99,2026-05-29,,0,99,30,2026-09-05
41133063700544,7245906706496,One Piece Pop! Portgas D. Ace #2130,Anime|Funko Pops!|One Piece,26.99,2026-05-29,2026-07-16,1,48,30,2026-09-05
41133076119616,7245907820608,Disney Pop! Patch (Flocked) #1684,Disney|Funko Pops!|Other Great Disney Movies,19.99,2026-05-29,,0,99,30,2026-09-05
41133076414528,7245907886144,One Piece Pop! Lilith with Bubble Gun #2149,Anime|Funko Pops!|One Piece,24.99,2026-05-29,,0,99,30,2026-09-05
41133076545600,7245908017216,Five Nights at Freddy's Pop! Jack-O-Moon #1133,Five Nights at Freddy's|Funko Pops!|Video Games,24.99,2026-05-29,2026-06-11,1,13,30,2026-09-05
41133082574912,7245908443200,One Piece Pop! Edison #2135,Anime|Funko Pops!|One Piece,19.99,2026-05-29,2026-09-05,1,99,30,2026-09-05
41133084672064,7245908672576,Stranger Things Pop! Eleven with Bandana (Floating) #1804,Funko Pops!|Movies & TV|Stranger Things,32.99,2026-05-29,,0,99,30,2026-09-05
41133084737600,7245908738112,One Piece Pop! Kuzan (Ice Block Partisan) #2057,Anime|Funko Pops!|One Piece,21.99,2026-05-29,,0,99,30,2026-09-05
41133085687872,7245909033024,Stranger Things Pop! Premium Demogorgon on Fire #1831,Funko Pops!|Movies & TV|Stranger Things,34.99,2026-05-29,2026-06-12,1,14,30,2026-09-05
41133085818944,7245909131328,NFL Pop! Joe Burrow (Black Jersey) #304,Funko Pops!|NFL|Sports,16.99,2026-05-29,2026-06-28,1,30,30,2026-09-05
41133086474304,7245909393472,Disney Pop! Plus Sleeping Stitch in Box (Flocked) #1607,Disney|Funko Pops!|Lilo & Stitch,26.99,2026-05-29,2026-06-06,1,8,30,2026-09-05
41133089652800,7245909721152,Scream Pop! Ghost Face (Black Light) #1607,Funko Pops!|Ghostface|Horror,29.99,2026-05-29,2026-06-13,1,15,30,2026-09-05
41133090242624,7245909852224,Masters of the Universe Pop! He-Man (Turtles of Grayskull) #1661,Animation|Funko Pops!|More Animation,24.99,2026-05-29,,0,99,30,2026-09-05
41133093060672,7245910638656,Disney Pop! Super Baymax with Mochi #1541,Disney|Funko Pops!|Other Great Disney Movies,27.99,2026-05-29,2026-06-20,1,22,30,2026-09-05
41133093584960,7245910835264,JuJu Watkins Pop! JuJu Watkins (White Jersey) #89,Funko Pops!|NBA|Sports,46.99,2026-05-29,,0,99,30,2026-09-05
41133094305856,7245911162944,Supernatural Pop! Castiel (Glow in the Dark) #1840,Funko Pops!|More Movies & TV|Movies & TV,36.99,2026-05-29,2026-08-09,1,72,30,2026-09-05
41133095125056,7245911621696,Frieren: Beyond Journey's End Pop! Frieren in a Mimic #1990,Anime|Frieren|Funko Pops!,32.99,2026-05-29,2026-06-05,1,7,30,2026-09-05
41133096009792,7245911916608,NBA Pop! Victor Wembanyama (Association Edition Jersey) #216,Funko Pops!|NBA|Sports,36.99,2026-05-29,,0,99,30,2026-09-05
41133097287744,7245912113216,Fallout Pop! Lucy MacLean with Power Fist #1919,Fallout|Funko Pops!|Video Games,24.99,2026-05-29,2026-06-18,1,20,30,2026-09-05
41133097549888,7245912309824,One Piece Pop! Bartolomeo #2234,Anime|Funko Pops!|One Piece,29.99,2026-05-29,,0,99,30,2026-09-05
41133099581504,7245912670272,Pink Lady Marmalade Funko Pop! Vinyl Figure #493,Funko Pops!|Music & Pop Culture Icons,14.99,2026-05-29,,0,99,30,2026-09-05
41133828341824,7246240317504,Loungefly Pokémon Teddiursa Limited Edition Sherpa Cosplay Mini Backpack,Backpack|Backpacks|Loungefly|Pokemon,71.99,2026-05-30,,0,98,3,2026-09-05
41133828472896,7246240415808,Disney Loungefly The Skeleton Dance 95th Anniversary Glow Mini Backpack,Backpack|Backpacks|Loungefly,71.99,2026-05-30,2026-07-28,1,59,3,2026-09-05
41133828735040,7246240546880,Disney Loungefly Frankenweenie Sparky Glow Mini Backpack,Backpack|Loungefly,69.99,2026-05-30,,0,98,3,2026-09-05
41136084680768,7247037104192,One Piece - Jewelry Bonney (CHASE) #2255,Anime|Funko Pops!|One Piece,51.99,2026-05-31,2026-06-13,1,13,3,2026-09-05
41136085958720,7247037759552,One Piece - Jewelry Bonney #2255,Anime|Funko Pops!|One Piece,14.99,2026-05-31,,0,97,3,2026-09-05
41136138321984,7247060041792,Youtooz - Solo Leveling - #2 Igris Vinyl Figure,Anime|Funko Pops!|Solo Leveling,32.99,2026-05-31,2026-08-21,1,82,3,2026-09-05
41223999324224,7249680793664,Terrifier Pop! Art the Clown with Glasses #1593,Funko Pops!|Horror|Terrifier,21.99,2026-06-04,2026-08-08,1,65,1,2026-09-05
41264824156224,7262253154368,KPop Demon Hunters Pop! Mystery  #2435,Animation|Funko Pops!|KPop Demon Hunters,14.99,2026-06-14,,0,83,6,2026-09-05
41264824287296,7262253252672,KPop Demon Hunters Pop! Bobby #2432,Animation|Funko Pops!|KPop Demon Hunters,14.99,2026-06-14,,0,83,6,2026-09-05
41264825827392,7262253449280,Fallout Pop! Hank MacLean in Power Armor #1914,Fallout|Funko Pops!|Video Games,14.99,2026-06-14,,0,83,6,2026-09-05
41264826548288,7262253547584,Fallout Pop! Caesar #1915,Fallout|Funko Pops!|Video Games,14.99,2026-06-14,,0,83,6,2026-09-05
41264965058624,7262265638976,Moana Kotu Funko Pop! Vinyl Figure #1766,Disney|Funko Pops!|Moana,14.99,2026-06-14,,0,83,6,2026-09-05
41264965713984,7262265835584,Moana Hei Hei with Coconut Funko Pop! #1768,Disney|Funko Pops!|Moana,14.99,2026-06-14,,0,83,6,2026-09-05
41265804214336,7262433542208,Dandadan Turbo Granny Glow-in-the-Dark Funko Pop! Exclusive #2291,Anime|Dandadan|Funko Pops!,17.99,2026-06-15,,0,82,5,2026-09-05
41265807032384,7262433935424,Kaiju No. 8 (Uncontrollable) Glow-in-the-Dark Funko Pop! Vinyl Figure-Exclusive #2326,Anime|Funko Pops!|Kaiju No. 8,17.99,2026-06-15,,0,82,5,2026-09-05
41265811062848,7262434164800,Muppet Babies Baby Gonzo Funko Pop! Vinyl Figure #1698,Animation|Funko Pops!|More Animation,14.99,2026-06-15,,0,82,5,2026-09-05
41265814863936,7262434492480,Delicious in Dungeon Laios Touden Funko Pop! Vinyl Figure #2199,Anime|Funko Pops!|More Anime Favorites,14.99,2026-06-15,,0,82,5,2026-09-05
41265814896704,7262434525248,Delicious in Dungeon Laios Touden Funko Pop! Vinyl Figure (CHASE) #2199,Anime|Funko Pops!|More Anime Favorites,36.99,2026-06-15,,0,82,5,2026-09-05
41273546997824,7263681478720,Stranger Things Will Byers (Hive Mind) Wave 5B Funko Pop! #1809,Funko Pops!|Movies & TV|Stranger Things,14.99,2026-06-19,2026-08-30,1,72,3,2026-09-05
41273555550272,7263685148736,Stranger Things Max Mayfield Wave 5B Funko Pop! #1805,Funko Pops!|Movies & TV|Stranger Things,14.99,2026-06-19,2026-07-04,1,15,3,2026-09-05
41273574359104,7263693799488,Supernatural Crowley King of Hell Throne Premium Funko Pop! #1839,Funko Pops!|More Movies & TV|Movies & TV,22.99,2026-06-19,2026-07-11,1,22,3,2026-09-05
41284740579392,7266304557120,Baldur's Gate Karlach with Clive #1018,Baldur's Gate|Funko Pops!|Video Games,16.99,2026-06-25,2026-08-01,1,37,6,2026-09-05
41284741693504,7266304917568,Baldur's Gate Shadowheart with Artifact #1016,Baldur's Gate|Funko Pops!|Video Games,19.99,2026-06-25,,0,72,6,2026-09-05
41284749262912,7266305212480,Baldur's Gate Astarion #1017,Baldur's Gate|Funko Pops!|Video Games,16.99,2026-06-25,2026-08-01,1,37,6,2026-09-05
41284761092160,7266307342400,Fallout (TV Show) Victor Funko Pop! Vinyl Figure #1917,Fallout|Funko Pops!|Video Games,14.99,2026-06-25,,0,72,6,2026-09-05
41284762271808,7266307866688,KPop Demon Hunters Mira Funko Pop! Vinyl Figure #2431,Animation|Funko Pops!|KPop Demon Hunters,14.99,2026-06-25,2026-08-07,1,43,6,2026-09-05
41284787896384,7266311667776,Pokemon - Psyduck #781,Funko Pops!|Pokemon|Video Games,12.99,2026-06-25,,0,72,6,2026-09-05
41287801831488,7267173367872,Overwatch Tracer Funko Pop! Vinyl Figure #92,Funko Pops!|Overwatch|Video Games,12.99,2026-06-28,2026-08-15,1,48,2,2026-09-05
41287806484544,7267174187072,Overwatch Ana Funko Pop! Vinyl Figure #349,Funko Pops!|Overwatch|Video Games,12.99,2026-06-28,2026-08-02,1,35,2,2026-09-05
41293498318912,7268524720192,Demon Slayer Tanjiro Kamado (Sun Breathing) Funko Pop! Vinyl Figure #1748,Anime|Demon Slayer|Funko Pops!,14.99,2026-07-03,2026-08-08,1,36,2,2026-09-05
41293498679360,7268524818496,Demon Slayer Nezuko Kamado (Demon Form) Funko Pop! Vinyl Figure #1749,Anime|Demon Slayer|Funko Pops!,14.99,2026-07-03,2026-08-30,1,58,2,2026-09-05
41301062287424,7269926633536,Moana with Pua Funko Pop! Vinyl Figure #1767,Disney|Funko Pops!|Moana,14.99,2026-07-09,,0,58,11,2026-09-05
41301062582336,7269926764608,Moana with Heart of Te Fiti Glow-in-the-Dark Funko Pop! Vinyl Figure #1765,Disney|Funko Pops!|Moana,14.99,2026-07-09,,0,58,11,2026-09-05
41301063008320,7269926895680,Moana 2 Moana (Leaping) Funko Pop! Vinyl Figure #1750 - Specialty,Disney|Funko Pops!|Moana,16.99,2026-07-09,,0,58,11,2026-09-05
41301086404672,7269930958912,Batman Dark Knight Rises Batman Pix! Vinyl Figure,Batman|DC|DC Comics|The Batman|Thrilljoy|VIP_Only,21.99,2026-07-09,2026-08-15,1,37,11,2026-09-05
41301086470208,7269930991680,The Silence of the Lambs Hannibal (Straight Jacket) Pix! Vinyl Figure,Horror|Horror Movie|Thrilljoy|VIP_Only,21.99,2026-07-09,,0,58,11,2026-09-05
41301088960576,7269931122752,Duck Dogers with Pistol Pix! Vinyl Figure,Thrilljoy|VIP_Only|Warner Brothers,21.99,2026-07-09,2026-08-23,1,45,11,2026-09-05
41301103870016,7269931679808,KPop Demon Hunters Rumi Funko Pop! Vinyl Figure #2430,Animation|Funko Pops!|KPop Demon Hunters,14.99,2026-07-09,,0,58,11,2026-09-05
41301105082432,7269931745344,KPop Demon Hunters Rumi Funko Pop! Vinyl Figure #2430 (CHASE),Animation|Funko Pops!|KPop Demon Hunters,52.99,2026-07-09,2026-07-10,1,1,11,2026-09-05
41301106360384,7269931909184,KPop Demon Hunters Zoey Funko Pop! Vinyl Figure #2429,Animation|Funko Pops!|KPop Demon Hunters,14.99,2026-07-09,2026-08-07,1,29,11,2026-09-05
41301118222400,7269932662848,Toy Story 5 Smarty Pants Funko Pop! Vinyl Figure #1715,Disney|Funko Pops!|Toy Story,14.99,2026-07-09,2026-08-01,1,23,11,2026-09-05
41301120450624,7269933318208,Toy Story 5 Bullseye Funko Pop! Vinyl Figure #1713,Disney|Funko Pops!|Toy Story,21.99,2026-07-09,,0,58,11,2026-09-05
41307677458496,7271208845376,Kaiju No. 8 (Uncontrolled) Super 6 1/2-Inch Pop! Vinyl Figure #2250,Anime|Funko Pops!|Kaiju No. 8|new arrivals,24.99,2026-07-17,,0,50,9,2026-09-05
41307677589568,7271208910912,Star Wars: The Mandalorian and Grogu Zeb Orrelios in The Razor Crest Deluxe Funko Pop! Ride #838,Funko Pops!|Movies & TV|new arrivals|Star Wars,26.99,2026-07-17,,0,50,9,2026-09-05
41307677851712,7271209173056,Happy Gilmore Shooter McGavin Funko Pop! Vinyl Figure #2009,Funko Pops!|More Movies & TV|Movies & TV|new arrivals,14.99,2026-07-17,2026-08-08,1,22,9,2026-09-05
41307677950016,7271209205824,Frieren: Beyond Journey’s End Heiter Funko Pop! Vinyl Figure (Specialty) #2197,Anime|Frieren|Funko Pops!|new arrivals,14.99,2026-07-17,,0,50,9,2026-09-05
41307678179392,7271209336896,Fast & Furious Brian O'Conner Funko Pop! Vinyl Figure #1992,Funko Pops!|More Movies & TV|Movies & TV|new arrivals,14.99,2026-07-17,,0,50,9,2026-09-05
41307678343232,7271209435200,Bloodsport Funko Pop! Vinyl Figure #1866,Funko Pops!|Movies & TV|new arrivals,14.99,2026-07-17,,0,50,9,2026-09-05
41307678507072,7271209533504,Sonic the Hedgehog Amy Funko Pop! Vinyl Figure #1171,Funko Pops!|Sonic the Hedgehog|Video Games,14.99,2026-07-17,,0,50,9,2026-09-05
41307678605376,7271209599040,Sonic the Hedgehog Amy Funko Pop! Vinyl Figure (CHASE) #1171,App_Exclusive|Funko Pops!|Sonic the Hedgehog|Video Games,37.99,2026-07-17,,0,50,9,2026-09-05
41307678900288,7271209697344,Pets Sphinx Cat Funko Pop! Vinyl Figure #18,Funko Pops!|Music & Pop Culture Icons|new arrivals,14.99,2026-07-17,,0,50,9,2026-09-05
41312098058304,7271209369664,Rambo John Rambo Pop! Vinyl Figure #2003,Funko Pops!|More Movies & TV|Movies & TV|new arrivals,14.99,2026-07-18,,0,49,8,2026-09-05
41312098091072,7271209369664,Rambo John Rambo Pop! Vinyl Figure #2003,Funko Pops!|More Movies & TV|Movies & TV|new arrivals,13.99,2026-07-18,,0,49,8,2026-09-05
41312098123840,7271209369664,Rambo John Rambo Pop! Vinyl Figure #2003,Funko Pops!|More Movies & TV|Movies & TV|new arrivals,12.99,2026-07-18,,0,49,8,2026-09-05
41312098156608,7271209369664,Rambo John Rambo Pop! Vinyl Figure #2003,Funko Pops!|More Movies & TV|Movies & TV|new arrivals,11.99,2026-07-18,,0,49,8,2026-09-05
41312173162560,6805101576256,(CHASE) MLB Legends Brooklyn Dodgers Jackie Robinson Funko Pop! Vinyl Figure #42,Funko Pops!|MLB|Sports,44.99,2026-07-18,,0,49,8,2026-09-05
41312173195328,6805101576256,(CHASE) MLB Legends Brooklyn Dodgers Jackie Robinson Funko Pop! Vinyl Figure #42,Funko Pops!|MLB|Sports,42.99,2026-07-18,,0,49,8,2026-09-05
41312173228096,6805101576256,(CHASE) MLB Legends Brooklyn Dodgers Jackie Robinson Funko Pop! Vinyl Figure #42,Funko Pops!|MLB|Sports,40.99,2026-07-18,,0,49,8,2026-09-05
41312173260864,6805101576256,(CHASE) MLB Legends Brooklyn Dodgers Jackie Robinson Funko Pop! Vinyl Figure #42,Funko Pops!|MLB|Sports,38.99,2026-07-18,,0,49,8,2026-09-05
41312215466048,7271999373376,Happy Gilmore Hal L Funko Pop! Vinyl Figure #2010,Funko Pops!|More Movies & TV|Movies & TV|new arrivals,14.99,2026-07-19,2026-08-08,1,20,14,2026-09-05
41312215498816,7271999406144,Happy Gilmore Chubbs Peterson Funko Pop! Vinyl Figure #2008,Funko Pops!|More Movies & TV|Movies & TV|new arrivals,14.99,2026-07-19,2026-08-08,1,20,14,2026-09-05
41312215564352,7271999471680,Happy Gilmore Alligator Funko Pop! Vinyl Figure #2007,Funko Pops!|Movies & TV|new arrivals,14.99,2026-07-19,2026-08-08,1,20,14,2026-09-05
41312215662656,7271999832128,Ghost - Bat Wing Papa (Diamond Glitter) #512,Funko Pops!|Music & Pop Culture Icons|Rock,14.99,2026-07-19,,0,48,14,2026-09-05
41312215695424,7271999864896,Death Note - L #2381,Anime|Funko Pops!|More Anime Favorites,14.99,2026-07-19,,0,48,14,2026-09-05
41312215728192,7271999897664,Death Note - Misa Amane #2380,Anime|Funko Pops!|More Anime Favorites,14.99,2026-07-19,,0,48,14,2026-09-05
41312215760960,7271999930432,Death Note - Ryuk #2382,Anime|Funko Pops!|More Anime Favorites,14.99,2026-07-19,,0,48,14,2026-09-05
41312215793728,7271999963200,Bluey - Granny Rita #2369,Animation|Funko Pops!|More Animation,14.99,2026-07-19,,0,48,14,2026-09-05
41312215826496,7271999995968,Bluey - Granny Gladys #2370,Animation|Funko Pops!|More Animation,14.99,2026-07-19,,0,48,14,2026-09-05
41312215859264,7272000028736,Bluey - Bandit with Unicorse #2371,Animation|Funko Pops!|More Animation,14.99,2026-07-19,,0,48,14,2026-09-05
41312215892032,7272000061504,Bluey - Granny Janet #2372,Animation|Funko Pops!|More Animation,14.99,2026-07-19,,0,48,14,2026-09-05
41312215957568,7272000127040,Bluey - Queen Chilli #2373,Animation|Funko Pops!|More Animation,14.99,2026-07-19,,0,48,14,2026-09-05
41312216121408,7272000192576,Aliens vs. Predator: Requiem Wolf Predator Funko Pop! Vinyl Figure #1998,Funko Pops!|More Movies & TV|Movies & TV,14.99,2026-07-19,,0,48,14,2026-09-05
41312216154176,7272000225344,Aliens vs. Predator: Requiem Wolf Predator Funko Pop! Vinyl Figure (CHASE) #1998,Funko Pops!|More Movies & TV|Movies & TV,79.99,2026-07-19,,0,48,14,2026-09-05
41313556168768,7272391770176,Moana - Hei Hei with Coconut #1768,Disney|Funko Pops!|Moana,14.99,2026-07-21,,0,46,2,2026-09-05
41313556234304,7272391835712,Friday the 13th - Savini Jason #1160,Friday the 13th|Funko Pops!|Horror,14.99,2026-07-21,,0,46,2,2026-09-05
41313557610560,7272392392768,Dia De Los Muertos Ajolote Glow-in-the-Dark Funko Pop! Vinyl Figure EE Exclusive #104,Animation|Funko Pops!|More Animation|new arrivals,17.99,2026-07-22,,0,45,3,2026-09-05
41313559281728,7272393572416,NBA Bulls Michael Jordan (Shrug) Funko Pop! Vinyl Figure #234,Funko Pops!|NBA|new arrivals|Sports,14.99,2026-07-22,,0,45,3,2026-09-05
41314080718912,7272577073216,Fallout (TV Show) Deathclaw Super 5 1/4-Inch Funko Pop! Vinyl Figure #1916,Fallout|Funko Pops!|new arrivals|Video Games,26.99,2026-07-22,,0,45,3,2026-09-05
41318990643264,7273396338752,Batman (Batmobile) #01,Batman|Funko Pops!,49.99,2026-07-27,,0,40,6,2026-09-05
41318991429696,7273396568128,1950 Batmobile (Metallic) #277 – Amazon Exclusive,Batman|DC Comics|Funko Pops!,29.99,2026-07-27,,0,40,6,2026-09-05
41318992183360,7273396863040,Cruella in Car #61 - Hot Topic Exclusive,Disney|Funko Pops!|Other Great Disney Movies,39.99,2026-07-27,,0,40,6,2026-09-05
41318992773184,7273397026880,Zombieland – Bill Murray (Chase) #1000,Funko Pops!|More Movies & TV|Movies & TV,29.99,2026-07-27,,0,40,6,2026-09-05
41318997884992,7273397583936,Sting & Lex Luger (Surfer Sting) – FYE Exclusive 2-Pack,Wrestling|WWE,29.99,2026-07-27,,0,40,6,2026-09-05
41318999130176,7273397682240,Queen – News of the World #06,Funko Pops!|Music & Pop Culture Icons|Rock,25.99,2026-07-27,,0,40,6,2026-09-05
41320072183872,7273579577408,NHL Legends Wayne Gretzky New York Rangers Farewell! Vinyl Figure #99,Funko Pops!|new arrivals|NHL|Sports,14.99,2026-07-28,,0,39,5,2026-09-05
41320072216640,7273579610176,Breaking Bad Jesse Pinkman Funko Pop! Vinyl Figure #1935,Funko Pops!|More Movies & TV|Movies & TV|new arrivals,14.99,2026-07-28,,0,39,5,2026-09-05
41320072249408,7273579642944,Breaking Bad Heisenberg Funko Pop! Vinyl Figure #1934,Funko Pops!|More Movies & TV|Movies & TV|new arrivals,14.99,2026-07-28,2026-08-21,1,24,5,2026-09-05
41320072314944,7273579708480,Breaking Bad Gus Fring Funko Pop! Vinyl Figure #1933,Funko Pops!|More Movies & TV|Movies & TV|new arrivals,14.99,2026-07-28,,0,39,5,2026-09-05
41320571174976,7273681092672,Bruno Mars APT. Funko Pop! Vinyl Figure #508,Funko Pops!|Music & Pop Culture Icons|new arrivals|Pop,14.99,2026-07-28,,0,39,5,2026-09-05
41323290263616,7274215800896,Pixar! Blaze's Pet Pig with Jessie (Toy Story 5) #1716,Disney|Funko Pops!|Toy Story,19.99,2026-07-30,,0,37,6,2026-09-05
41323290492992,7274215866432,Silent Hill 2 Pop! Lying Figure #1207,Funko Pops!|Silent Hill|Video Games,21.99,2026-07-30,,0,37,6,2026-09-05
41323295146048,7274216161344,Pixar Pop! Lightning McQueen #1708,Disney|Funko Pops!|Other Great Disney Movies,22.99,2026-07-30,2026-08-30,1,31,6,2026-09-05
41323297341504,7274216259648,One Piece! Brook #2325,Anime|Funko Pops!|One Piece,14.99,2026-07-30,2026-09-05,1,37,6,2026-09-05
41323297374272,7274216292416,One Piece! Brook (CHASE) GITD #2325,Anime|Funko Pops!|One Piece,59.99,2026-07-30,,0,37,6,2026-09-05
41323297865792,7274216652864,One Piece! Sanji (Glow) #2346,Anime|Funko Pops!|One Piece,22.99,2026-07-30,,0,37,6,2026-09-05
41324167364672,7274394419264,Deluxe: Solo Leveling - Sung Jinwoo vs. Cerberus #2272,Animation|Anime|Deluxe|funko|Funko Pops!|Solo Leveling,31.99,2026-08-01,,0,35,31,2026-09-05
41324169265216,7274394779712,Solo Leveling - Baek Yoonho #2268,Animation|Anime|funko|Funko Pops!|Solo Leveling,14.99,2026-08-01,,0,35,31,2026-09-05
41324208521280,7274403692608,Buzz Lightyear (XL-15) with Sox #1211,Disney|Funko Pops!|Pixar|Toy Story,12.99,2026-08-01,,0,35,31,2026-09-05
41324208619584,7274403790912,Funko POP! Anime: Hell's Paradise - Toma #2281,Animation|Funko Pops!|Hell's Paradise,14.99,2026-08-01,,0,35,31,2026-09-05
41324208685120,7274403856448,Funko POP! Anime: Hell's Paradise - Sagiri #2279,Animation|Anime|Funko Pops!|Hell's Paradise,14.99,2026-08-01,,0,35,31,2026-09-05
41324208783424,7274403921984,"FUNKO POP! Movies: Cool Runnings - Irving ""IRV"" Blitzer #1084",Disney|Funko Pops!|Movies,12.99,2026-08-01,,0,35,31,2026-09-05
41324208816192,7274403954752,Vegas Golden Knights (NHL)- William Karlson #87,Funko Pops!|Hockey|NHL|Sports,14.99,2026-08-01,,0,35,31,2026-09-05
41324208881728,7274403987520,Funko POP! Rocks: Ferxxo (Glow-in-the-Dark) #483,Funko Pops!|Glows in the Dark|Sports|Wrestling|WWE,17.99,2026-08-01,,0,35,31,2026-09-05
41324209012800,7274404118592,Black Mirror - Ashley Too (S05/E03) Evil CHASE #945,Black Mirror|Chase|Funko Pops!,26.99,2026-08-01,,0,35,31,2026-09-05
41324210749504,7274405101632,Marvel Studios-She Hulk Attorney At Law-Madisynn EE Exclusive #1377,Entertainment Earth|Funko Pops!|Marvel|She Hulk,14.99,2026-08-01,,0,35,31,2026-09-05
41324212879424,7274405724224,Disney Sketched Cinderella! Cover Art Figure with Case #1523,Disney|Funko Pops!|sketched,24.99,2026-08-01,,0,35,31,2026-09-05
41324213272640,7274405888064,Silent Hill 2 Pyramid Head Premium Funko Pop #1205,Deluxe|Funko Pops!|Games|Silent Hill,19.99,2026-08-01,2026-08-02,1,1,31,2026-09-05
41324213436480,7274405953600,Motorhead - Lemmy Kilmister #49,Funko Pops!|Music & Pop Culture Icons,19.99,2026-08-01,,0,35,31,2026-09-05
41324213469248,7274405986368,Street Fighter - Ryu (Red Headband) #137,Funko Pops!|Games|street fighter,19.99,2026-08-01,,0,35,31,2026-09-05
41324213502016,7274406019136,Tekken - Tekken King #172,Funko Pops!|Games|Tekken,31.99,2026-08-01,2026-09-03,1,33,31,2026-09-05
41324213600320,7274406117440,Overwatch - Symmetra #181,Funko Pops!|Games|Overwatch,14.99,2026-08-01,,0,35,31,2026-09-05
41324213764160,7274406182976,Lord of the Rings - Gollum #532,Funko Pops!|Lord of the Rings,14.99,2026-08-01,,0,35,31,2026-09-05
41324213829696,7274406215744,Metallica - James Hetfield #57,Funko Pops!|Metallica|Music & Pop Culture Icons,59.99,2026-08-01,,0,35,31,2026-09-05
41324213993536,7274406379584,Joey Ramone #55,Funko Pops!|Music & Pop Culture Icons,19.99,2026-08-01,,0,35,31,2026-09-05
41324214091840,7274406477888,Star Wars - Young Anakin Skywalker #231,Funko Pops!|Star Wars,17.99,2026-08-01,,0,35,31,2026-09-05
41324214419520,7274406576192,Alien - Xenomorph (Bloody) #430,Alien|Funko Pops!|Game Stop Exclusive,39.99,2026-08-01,,0,35,31,2026-09-05
41324214550592,7274406707264,Funko POP! South Park - Stan & Kyle 2 pack Best Buy Exclusive,2 pack|Best Buy Exclusive|Funko Pops!|South Park,89.99,2026-08-01,,0,35,31,2026-09-05
41324214681664,7274406838336,Jets - Joe Namath #88,football|Funko Pops!|Sports,14.99,2026-08-01,,0,35,31,2026-09-05
41324214779968,7274406903872,Masters of the Universe - Battle Armor He-Man #562,Funko Pops!|Masters of the Universe|Television,19.99,2026-08-01,,0,35,31,2026-09-05
41324214911040,7274407002176,Masters of the Universe - Merman #564,Funko Pops!|Masters of the Universe|Television,12.99,2026-08-01,,0,35,31,2026-09-05
41324215042112,7274407100480,Ready Player One - Art3mis #497,Funko Pops!|Movies & TV|Ready Player One,12.99,2026-08-01,,0,35,31,2026-09-05
41324215599168,7274407395392,Bob Ross and Raccoon #558,Funko Pops!|Television,24.99,2026-08-01,,0,35,31,2026-09-05
41324215664704,7274407460928,The Conjuring - Annabell (BAM Exclusive) #469,Funko Pops!|Halloween|Horror|Movies & TV|The Conjuring|The conjuring universe,36.99,2026-08-01,,0,35,31,2026-09-05
41324215763008,7274407526464,Jerry Garcia #61,Funko Pops!|Music & Pop Culture Icons,79.99,2026-08-01,,0,35,31,2026-09-05
41324215894080,7274407624768,Bright - Daryl Ward #558,Funko Pops!|Movies & TV,12.99,2026-08-01,,0,35,31,2026-09-05
41324215926848,7274407657536,Overwatch - Zarya #305,Funko Pops!|Games|Overwatch,12.99,2026-08-01,,0,35,31,2026-09-05
41324216090688,7274407755840,Overwatch - Zenyatta #305,Funko Pops!|Games|Overwatch,12.99,2026-08-02,,0,34,90,2026-09-05
41324216713280,7274407886912,Fullmetal Alchemist - Alphonse Elric #392,Animation|Anime|Fullmetal Alchemist|Funko Pops!,36.99,2026-08-02,2026-08-14,1,12,90,2026-09-05
41324216778816,7274407952448,Fullmetal Alchemist - Winry Rockbell #394,Animation|Anime|Fullmetal Alchemist|Funko Pops!,49.99,2026-08-02,2026-08-14,1,12,90,2026-09-05
41324216942656,7274408050752,Wreck-It Ralph [Summer Convention] #30,Funko Pops!|Summer Convention|Wrecked Ralph,17.99,2026-08-02,,0,34,90,2026-09-05
41324217499712,7274408542272,Xmen- Negasonic Teenage Warhead #317,Funko Pops!|XMen,12.99,2026-08-02,,0,34,90,2026-09-05
41324217729088,7274409033792,Conductor Mickey #428,Disney|Disneyland|Funko Pops!|Mickey Mouse,12.99,2026-08-02,,0,34,90,2026-09-05
41324217761856,7274409361472,Prince (3rd Eye Girl) #81,Funko Pops!|Music & Pop Culture Icons,24.99,2026-08-02,,0,34,90,2026-09-05
41324217827392,7274409427008,Overwatch - Hanzo #348,Funko Pops!|Games,12.99,2026-08-02,,0,34,90,2026-09-05
41324217892928,7274409492544,Overwatch - Mei (Santa) #425,Funko Pops!|Games|Overwatch,14.99,2026-08-02,,0,34,90,2026-09-05
41324217958464,7274409558080,Fortnite- Highrise Assault Trooper #431,Fortnite|Funko Pops!|Games,12.99,2026-08-02,,0,34,90,2026-09-05
41324223758400,7274410410048,Fortnite - Love Ranger #432,Fortnite|Funko Pops!|Games,13.99,2026-08-02,,0,34,90,2026-09-05
41324223823936,7274410475584,Fortnite - Dark Voyager #442,Fortnite|Funko Pops!|Games,12.99,2026-08-02,,0,34,90,2026-09-05
41324224020544,7274410606656,Betty Boop - Nurse Betty Boop #524,Betty Boop|Funko Pops!,27.99,2026-08-02,,0,34,90,2026-09-05
41324224184384,7274410836032,Fortnite - Omega #435,Fortnite|Funko Pops!|Games,12.99,2026-08-02,2026-08-15,1,13,90,2026-09-05
41324224446528,7274410934336,Gamer Mickey - Sitting #515,Disney|Funko Pops!|Game Stop Exclusive|Mickey Mouse,12.99,2026-08-02,,0,34,90,2026-09-05
41324227526720,7274413097024,New York Yankees - Babe Ruth #02,Baseball|Funko Pops!|Sports,39.99,2026-08-02,,0,34,90,2026-09-05
41324230410304,7274415063104,Ultraman Ace #767,Funko Pops!,12.99,2026-08-02,,0,34,90,2026-09-05
41324231163968,7274415325248,Elvis Jailhouse Rock #186,Funko Pops!|Music & Pop Culture Icons,14.99,2026-08-02,,0,34,90,2026-09-05
41324231950400,7274415489088,The Hunchback of Notre Dame - Quasimodo Holding Gargoyle (SDCC) #574,Disney|Disneyland|Funko Pops!,24.99,2026-08-02,,0,34,90,2026-09-05
41324232179776,7274415554624,Fortnite - Cuddle Team Leader (Flocked) #430,Flocked|Fortnite|Funko Pops!|Games,16.99,2026-08-02,,0,34,90,2026-09-05
41324232245312,7274415620160,Overwatch - Reaper (GITD) #520,Funko Pops!|Games|Glows in the Dark|Overwatch,19.99,2026-08-02,2026-08-02,1,0,90,2026-09-05
41324232310848,7274415685696,Marvel Avengers - Hulk (Red Chrome) #499,Funko Pops!|Marvel|Marvel Avengers,12.99,2026-08-02,,0,34,90,2026-09-05
41324232343616,7274415718464,Big - Josh Baskin (Tuxedo) #797,Funko Pops!|Movies & TV,12.99,2026-08-02,,0,34,90,2026-09-05
41324232474688,7274415751232,Bengals - A.J. Green (Home Jersey) #121,football|Funko Pops!|Sports,14.99,2026-08-02,,0,34,90,2026-09-05
41324232966208,7274415882304,Funko - Officer Freddy #58,Funko Pops!,19.99,2026-08-02,,0,34,90,2026-09-05
41324234276928,7274416111680,Good Luck Trolls - Teal Troll #02,Funko Pops!|Trolls,14.99,2026-08-02,,0,34,90,2026-09-05
41324235522112,7274416570432,DC Comics Bombshells - The Joker (with kisses) #170,DC|DC Comics|Funko Pops!,17.99,2026-08-02,,0,34,90,2026-09-05
41324235620416,7274416635968,Bad Boys - Marcus Burnett #870,Funko Pops!|Movies & TV,46.99,2026-08-02,,0,34,90,2026-09-05
41324268421184,7274423353408,Aerosmith - Steven Tyler #172,Funko Pops!|Music & Pop Culture Icons,27.99,2026-08-02,,0,34,90,2026-09-05
41324268650560,7274423484480,Arnold Palmer #03,Funko Pops!|Golf|Sports,31.99,2026-08-02,,0,34,90,2026-09-05
41324268683328,7274423517248,Billy Madison (Bag Lunch) #896,Funko Pops!|Movies & TV,25.99,2026-08-02,2026-08-08,1,6,90,2026-09-05
41324268716096,7274423550016,Willie Nelson #202,Funko Pops!|Music & Pop Culture Icons,27.99,2026-08-02,,0,34,90,2026-09-05
41324268748864,7274423582784,Cincinnanti Reds - Eric Davis #52,Baseball|Funko Pops!|Sports,31.99,2026-08-02,,0,34,90,2026-09-05
41324268781632,7274423615552,Vincent Price #67,Funko Pops!|Icons,14.99,2026-08-02,,0,34,90,2026-09-05
41324268814400,7274423648320,Marvel Eternals - Deviant #953,Funko Pops!|Marvel,12.99,2026-08-02,,0,34,90,2026-09-05
41324269043776,7274423844928,E.T. - Elliott & E.T. #1252,Funko Pops!|Movies & TV,16.99,2026-08-02,,0,34,90,2026-09-05
41324269338688,7274423910464,Richard Simmons (Red Outfit) #59,Funko Pops!|Icons,12.99,2026-08-02,,0,34,90,2026-09-05
41324269371456,7274423943232,Nascar - Dale Earnhardt Jr. (Mountain Dew) #15,Funko Pops!|Nascar|Sports,12.99,2026-08-02,,0,34,90,2026-09-05
41324269666368,7274424041536,Pokemon - Pikachu (Silver Metallic) #353,Funko Pops!|Pokemon,12.99,2026-08-02,,0,34,90,2026-09-05
41324269764672,7274424107072,Frontline Heroes (Female #2) SE,Funko Pops!,12.99,2026-08-02,,0,34,90,2026-09-05
41324269797440,7274424139840,Vladimir Guerrero Jr (Away Jersey) #71,Baseball|Funko Pops!|Sports,12.99,2026-08-02,,0,34,90,2026-09-05
41324270485568,7274424664128,Mickey Mouse (The Three Musketeers) #1042,Disney|Disneyland|Funko Pops!|Mickey Mouse,12.99,2026-08-02,,0,34,90,2026-09-05
41324270551104,7274424729664,Jungle Cruise - Mickey Mouse #103,Disney|Disneyland|Funko Pops!|Mickey Mouse,42.99,2026-08-02,,0,34,90,2026-09-05
41324270780480,7274424827968,Marvel - Holiday Hulk (D.I.Y) #398,Christmas|Funko Pops!|Holiday|Marvel,12.99,2026-08-02,,0,34,90,2026-09-05
41324273401920,7274425024576,Star Wars - The Ronin (Visions) #505,Funko Pops!|Star Wars,14.99,2026-08-02,,0,34,90,2026-09-05
41324275073088,7274425188416,Willie Nelson (with hat) #261,Funko Pops!|Music & Pop Culture Icons,29.99,2026-08-02,,0,34,90,2026-09-05
41324276351040,7274425286720,Maravel Avengers - Guardians' Ship: Rocket #1025,Funko Pops!|Guardians of the Galaxy|Marvel|Marvel Avengers,16.99,2026-08-02,,0,34,90,2026-09-05
41324276777024,7274425483328,Star Wars - Stormtrooper (Make a Wish) (Blue Metallic) SE,Funko Pops!|Star Wars,16.99,2026-08-02,,0,34,90,2026-09-05
41324276842560,7274425548864,Lightyear - Sox #1213,Funko Pops!,12.99,2026-08-02,,0,34,90,2026-09-05
41324276875328,7274425581632,DC Super Heroes - Gingerbread Batman #444,Batman|Christmas|DC Comics|Funko Pops!|Holiday,12.99,2026-08-02,,0,34,90,2026-09-05
41324276908096,7274425614400,New York Yankees - Derek Jeter #11,Baseball|Funko Pops!|Sports,41.99,2026-08-02,,0,34,90,2026-09-05
41324354175040,7274448224320,"Rides: Mickey in the ""Mouse"" #292",Disney|Disneyland|Funko Pops!|Rides,20.99,2026-08-02,,0,34,90,2026-09-05
41324354306112,7274448355392,Star Wars - Death Watch Mandalorian [No Stripes] #561,Funko Pops!|Star Wars,17.99,2026-08-02,,0,34,90,2026-09-05
41324354437184,7274448453696,Toucan (rocker w/Guitar) #155,Funko Pops!|Icons,14.99,2026-08-02,,0,34,90,2026-09-05
41324354535488,7274448519232,Toucan (Pirate) #156,Funko Pops!|Icons,16.99,2026-08-02,,0,34,90,2026-09-05
41324354601024,7274448584768,Disney: Mickey Mouse Disco #48,Disney|Funko Pops!|Mickey Mouse,17.99,2026-08-02,,0,34,90,2026-09-05
41324354666560,7274448617536,Trigun - Meryl Stryfe #1364,Anime|Funko Pops!|Trigun,12.99,2026-08-02,,0,34,90,2026-09-05
41324354830400,7274448715840,Godzilla vs. Kong - Burning Godzilla (GITD) #1316,Funko Pops!|Glows in the Dark|Movies & TV,51.99,2026-08-02,,0,34,90,2026-09-05
41324361154624,7274449109056,Disney - Pinocchio (with apple and book-wood) #1029,Disney|Disneyland|Funko Pops!,12.99,2026-08-02,,0,34,90,2026-09-05
41324361187392,7274449141824,Attack on Titan - Eren Jaeger (Open shirt/Transparent) #1321,Anime|Attack on Titan|Funko Pops!,14.99,2026-08-02,,0,34,90,2026-09-05
41324361384000,7274449338432,Stranger Things - Will Byers #1786,Funko Pops!|Stranger Things,66.99,2026-08-02,2026-08-08,1,6,90,2026-09-05
41324361416768,7274449371200,Heavy Metal Halloween 2023 - Phil D. Graves SE,Funko Pops!|Music & Pop Culture Icons,16.99,2026-08-02,,0,34,90,2026-09-05
41324361515072,7274449436736,Star Wars - Grogu with Anzellan Droidsmith #691,Funko Pops!|Star Wars,24.99,2026-08-02,2026-08-12,1,10,90,2026-09-05
41324361809984,7274449502272,Heavy Metal Halloween 2023-Freddy Bones (GITD) SE,Freddy Funko|Funko Pops!|Halloween,26.99,2026-08-02,,0,34,90,2026-09-05
41324361941056,7274449567808,Spider-Man 2 - Black Suit Harry Osborn #1027,Funko Pops!|Marvel|Spider-Man,19.99,2026-08-02,,0,34,90,2026-09-05
41324362268736,7274449764416,Star Wars - Darth Vader (Electrocuted) #288,Funko Pops!|Star Wars,27.99,2026-08-02,,0,34,90,2026-09-05
41324362301504,7274449797184,Star Wars - Luthen Rael #761,Funko Pops!|Star Wars,12.99,2026-08-02,,0,34,90,2026-09-05
41324362334272,7274449829952,Star Wars - Maarva #762,Funko Pops!|Star Wars,17.99,2026-08-02,,0,34,90,2026-09-05
41324363644992,7274451009600,Naruto Shippuden- Sasuke's Paw Encyclopedia #1980,Anime|Funko Pops!|Naruto,31.99,2026-08-02,,0,34,90,2026-09-05
41324363677760,7274451042368,Sonic the Hedgehog - Buccaneer Shadow #1079,Funko Pops!|Games|Sonic the Hedgehog,24.99,2026-08-02,,0,34,90,2026-09-05
41324363710528,7274451075136,Naruto Shippuden - Sakura Haruno (Sasuke's paw Encyclopedia) #2054,Anime|Funko Pops!|Naruto,29.99,2026-08-02,,0,34,90,2026-09-05
41324363972672,7274451140672,Five Nights at Freddy's - Help Wanted 2 - Roxy #1132,Five Nights at Freddy's|Funko Pops!|Games,14.99,2026-08-02,,0,34,90,2026-09-05
41324364038208,7274451206208,Stranger Things - Vecna #1806,Funko Pops!|Stranger Things,21.99,2026-08-02,,0,34,90,2026-09-05
41324369281088,7274451304512,SpongeBob as the Flying Dutchman #1943,Funko Pops!|Glows in the Dark|Spongebob Squarepants,14.99,2026-08-02,,0,34,90,2026-09-05
41324369477696,7274451402816,Arrested Development - George Bluth Sr. #119,Funko Pops!|Movies & TV,14.99,2026-08-02,,0,34,90,2026-09-05
41324369674304,7274451533888,Deadpool (Two Swords) (X-Force) #111,Funko Pops!|Marvel,12.99,2026-08-02,2026-08-09,1,7,90,2026-09-05
41324371312704,7274453172288,Loungefly Disney Mickey Mouse Quilted Oh Boy Mini Backpack,Backpack|Disney|Disneyland|Loungefly|Mickey Mouse|Other Backpacks and Purses,69.99,2026-08-02,,0,34,90,2026-09-05
41324371476544,7274453270592,Loungefly Disney Minnie Rocks the Dots Figural Bow Crossbody,Crossbody bag|Disney|Disneyland|Loungefly|Minnie Mouse,67.99,2026-08-02,,0,34,90,2026-09-05
41324371804224,7274453368896,Loungefly Hello Kitty 45th Anniversary Stripes Convertible Mini Backpack,Backpack|Hello Kitty|Loungefly|Other Backpacks and Purses,67.99,2026-08-02,,0,34,90,2026-09-05
41324378783808,7274453401664,Loungefly Star Wars Boba Fett Faux Leather Mini Backpack,Backpack|Loungefly|Other Backpacks and Purses|Star Wars,67.99,2026-08-02,,0,34,90,2026-09-05
41324378816576,7274453434432,Loungefly Disney Star Wars: Lando Calrissian (Jabba the Hutt) Wallet,Loungefly|Star Wars|Wallet,24.99,2026-08-02,,0,34,90,2026-09-05
41324378914880,7274453499968,Loungefly Exclusive Disney Mickey Mouse Hot Cocoa Crossbody Bag,Christmas|Crossbody bag|Loungefly|Mickey Mouse,59.99,2026-08-02,,0,34,90,2026-09-05
41324380160064,7274454286400,Disney Stitch Loungefly Plush Sherpa Cosplay Magnet Paws Mini Backpack,Backpack|Lilo & Stitch|Loungefly|Other Backpacks and Purses|Stitch,67.99,2026-08-02,,0,34,90,2026-09-05
41324380192832,7274454319168,Loungefly-Wednesday Addams Exclusive Nevermore Crossbody Bag,Addams Family|Crossbody bag|Loungefly,57.99,2026-08-02,,0,34,90,2026-09-05
41324381405248,7274454483008,Loungefly Disney Winnie The Pooh Tigger Winter Pajamas Mini Backpack,Backpack|Loungefly|Other Backpacks and Purses|Winnie the Pooh,69.99,2026-08-02,,0,34,90,2026-09-05
41324397985856,7274460643392,Disney Big Hero 6 10th Anniversary Baymax Pain Scale Large Card Holder,Disney|Loungefly|Wallet,22.99,2026-08-02,,0,34,90,2026-09-05
41324402442304,7274462871616,Arrested Development - Buster Bluth (Good Grief) #120,Funko Pops!|Movies & TV,21.99,2026-08-02,,0,34,90,2026-09-05
41324404080704,7274464346176,Fast & Furious - Dom Toretto #275,Fast & Furious|Funko Pops!|Movies & TV,36.99,2026-08-02,,0,34,90,2026-09-05
41324409290816,7274464510016,Loungefly: Star Wars - Jango Fett Chain Strap Crossbody,Crossbody bag|Loungefly|Star Wars,59.99,2026-08-02,,0,34,90,2026-09-05
41324409487424,7274464608320,Loungefly CAREBEARS Rainbow Swing Cross Body Bag,Carebears|Crossbody bag|Loungefly,61.99,2026-08-02,,0,34,90,2026-09-05
41324862210112,7274773053504,Gold Membership,Gold|Membership,14.99,2026-08-03,,0,33,2,2026-09-05
41324862603328,7274773446720,Platinum Membership,Membership|Platinum,24.99,2026-08-03,,0,33,2,2026-09-05
41328883368000,7276043108416,Halloween Michael Myers Funko Pop! Vinyl Figure #1156,Funko Pops!|Halloween|Horror|Movies & TV|new arrivals,14.99,2026-08-07,,0,29,16,2026-09-05
41328883466304,7276043173952,NFL Mascots Throwback Browns Brownie The Elf Funko Pop! Vinyl Figure #344,football|Funko Pops!|new arrivals|NFL|Sports,14.99,2026-08-07,2026-08-29,1,22,16,2026-09-05
41328883499072,7276043206720,NFL Mascots Throwback Patriots Pat Patriot Funko Pop! Vinyl Figure #347,football|Funko Pops!|new arrivals|NFL|Sports,14.99,2026-08-07,,0,29,16,2026-09-05
41328883925056,7276043337792,NFL Mascots Lions Roary Funko Pop! Vinyl Figure #362,football|Funko Pops!|new arrivals|NFL|Sports,14.99,2026-08-07,2026-09-05,1,29,16,2026-09-05
41328884383808,7276043403328,NFL Mascots Bears Staley Da Bear Funko Pop! Vinyl Figure #358,football|Funko Pops!|new arrivals|NFL|Sports,14.99,2026-08-07,2026-09-05,1,29,16,2026-09-05
41328884449344,7276043468864,NFL Mascots Texans Toro Funko Pop! Vinyl Figure #364,football|Funko Pops!|new arrivals|NFL|Sports,14.99,2026-08-07,,0,29,16,2026-09-05
41328884482112,7276043501632,NFL Mascots Ravens Poe Funko Pop! Vinyl Figure #363,football|Funko Pops!|new arrivals|NFL|Sports,14.99,2026-08-07,,0,29,16,2026-09-05
41328884580416,7276043599936,NFL Mascots Eagles Swoop Funko Pop! Vinyl Figure #361,football|Funko Pops!|new arrivals|NFL|Sports,14.99,2026-08-07,2026-08-22,1,15,16,2026-09-05
41328884678720,7276043698240,NFL Mascots Chiefs KC Wolf Funko Pop! Vinyl Figure #360,football|Funko Pops!|new arrivals|NFL|Sports,14.99,2026-08-07,,0,29,16,2026-09-05
41328885235776,7276043763776,NFL Mascots Bills Billy Buffalo Funko Pop! Vinyl Figure #359,football|Funko Pops!|new arrivals|NFL|Sports,14.99,2026-08-07,,0,29,16,2026-09-05
41328923312192,7276048646208,Fullmetal Alchemist - Lust - Hot Topic Exclusive #898,Anime|Fullmetal Alchemist,19.99,2026-08-07,2026-08-09,1,2,16,2026-09-05
41328925605952,7276049006656,Fullmetal Alchemist - King Bradley (Wrath) - Hot Topic Exclusive (VAULTED) #733,Anime|Fullmetal Alchemist,19.99,2026-08-07,2026-08-14,1,7,16,2026-09-05
41328932585536,7276049498176,Fullmetal Alchemist - Edward Elric #1176,Anime|Fullmetal Alchemist,12.99,2026-08-07,,0,29,16,2026-09-05
41328946970688,7276050120768,Fullmetal Alchemist - Alphonse Elric #392,Anime|Fullmetal Alchemist,35.99,2026-08-07,,0,29,16,2026-09-05
41328947036224,7276050186304,Fullmetal Alchemist - Winry Rockbell #394,Anime|Fullmetal Alchemist,49.99,2026-08-07,,0,29,16,2026-09-05
41328951558208,7276050776128,Pete'Z 5mm Acrylic Hard Protector with Magnetic Top Enclosure,Pop Protector|Protector,29.99,2026-08-07,,0,29,16,2026-09-05
41329044291648,7276066930752,Boba Fett's Crew,bundle|Star Wars,40.99,2026-08-08,,0,28,115,2026-09-05
41329045471296,7276067455040,Disney Collector Bundle Vol. 1,4-pack|bundle|Disney,45.99,2026-08-08,,0,28,115,2026-09-05
41329045504064,7276067487808,Disney Collector Bundle Vol. 2,4-pack|bundle|Disney,46.99,2026-08-08,,0,28,115,2026-09-05
41329045536832,7276067520576,Disney Collector Bundle Vol. 3,4-pack|bundle|Disney,46.99,2026-08-08,,0,28,115,2026-09-05
41329045569600,7276067553344,Disney Collector Bundle Vol. 4,4-pack|bundle|Disney,43.99,2026-08-08,,0,28,115,2026-09-05
41329045602368,7276067586112,Disney Collector Bundle Vol. 5,4-pack|bundle|Disney,43.99,2026-08-08,,0,28,115,2026-09-05
41329045635136,7276067618880,Disney Collector Bundle Vol. 6,4-pack|bundle|Disney,42.99,2026-08-08,,0,28,115,2026-09-05
41329045700672,7276067684416,Disney Collector Bundle Vol. 7,4-pack|bundle|Disney,42.99,2026-08-08,,0,28,115,2026-09-05
41329045733440,7276067717184,Disney Collector Bundle Vol. 8,4-pack|bundle|Disney,43.99,2026-08-08,,0,28,115,2026-09-05
41329045766208,7276067749952,Disney Collector Bundle Vol. 9,4-pack|bundle|Disney,40.99,2026-08-08,,0,28,115,2026-09-05
41329045798976,7276067782720,Disney Collector Bundle Vol. 10,4-pack|bundle|Disney,42.99,2026-08-08,,0,28,115,2026-09-05
41329045831744,7276067815488,Disney Collector Bundle Vol. 11,4-pack|bundle|Disney,42.99,2026-08-08,,0,28,115,2026-09-05
41329045864512,7276067848256,Disney Collector Bundle Vol. 12,4-pack|bundle|Disney,45.99,2026-08-08,,0,28,115,2026-09-05
41329045897280,7276067881024,Disney Collector Bundle Vol. 13,4-pack|bundle|Disney,46.99,2026-08-08,,0,28,115,2026-09-05
41329045962816,7276067946560,Disney Collector Bundle Vol. 14,4-pack|bundle|Disney,42.99,2026-08-08,,0,28,115,2026-09-05
41329046061120,7276068012096,Disney Collector Bundle Vol. 15,4-pack|bundle|Disney,43.99,2026-08-08,,0,28,115,2026-09-05
41329046093888,7276068044864,Disney Collector Bundle Vol. 16,4-pack|bundle|Disney,42.99,2026-08-08,,0,28,115,2026-09-05
41329046126656,7276068077632,Disney Collector Bundle Vol. 17,4-pack|bundle|Disney,44.99,2026-08-08,,0,28,115,2026-09-05
41329046159424,7276068110400,Disney Collector Bundle Vol. 18,4-pack|bundle|Disney,42.99,2026-08-08,,0,28,115,2026-09-05
41329046192192,7276068143168,Disney Collector Bundle Vol. 19,4-pack|bundle|Disney,41.99,2026-08-08,,0,28,115,2026-09-05
41329046224960,7276068175936,Disney Collector Bundle Vol. 20,4-pack|bundle|Disney,42.99,2026-08-08,,0,28,115,2026-09-05
41329046290496,7276068241472,Disney Collector Bundle Vol. 21,4-pack|bundle|Disney,42.99,2026-08-08,,0,28,115,2026-09-05
41329046323264,7276068274240,Star Wars Collector Bundle Vol. 1,4-pack|bundle|Star Wars,42.99,2026-08-08,,0,28,115,2026-09-05
41329046356032,7276068307008,Star Wars Collector Bundle Vol. 2,4-pack|bundle|Star Wars,43.99,2026-08-08,,0,28,115,2026-09-05
41329046388800,7276068339776,Star Wars Collector Bundle Vol. 3,4-pack|bundle|Star Wars,42.99,2026-08-08,,0,28,115,2026-09-05
41329046519872,7276068405312,Star Wars Collector Bundle Vol. 4,4-pack|bundle|Star Wars,41.99,2026-08-08,,0,28,115,2026-09-05
41329046650944,7276068503616,Star Wars Collector Bundle Vol. 5,4-pack|bundle|Star Wars,41.99,2026-08-08,,0,28,115,2026-09-05
41329046683712,7276068536384,Star Wars Collector Bundle Vol. 6,4-pack|bundle|Star Wars,42.99,2026-08-08,,0,28,115,2026-09-05
41329046716480,7276068569152,Star Wars Collector Bundle Vol. 7,4-pack|bundle|Star Wars,42.99,2026-08-08,,0,28,115,2026-09-05
41329046749248,7276068601920,Star Wars Collector Bundle Vol. 8,4-pack|bundle|Star Wars,42.99,2026-08-08,,0,28,115,2026-09-05
41329046782016,7276068634688,Star Wars Collector Bundle Vol. 9,4-pack|bundle|Star Wars,41.99,2026-08-08,,0,28,115,2026-09-05
41329046814784,7276068667456,Star Wars Collector Bundle Vol. 10,4-pack|bundle|Star Wars,41.99,2026-08-08,,0,28,115,2026-09-05
41329046847552,7276068700224,Star Wars Collector Bundle Vol. 11,4-pack|bundle|Star Wars,40.99,2026-08-08,,0,28,115,2026-09-05
41329046880320,7276068732992,Star Wars Collector Bundle Vol. 12,4-pack|bundle|Star Wars,41.99,2026-08-08,,0,28,115,2026-09-05
41329046913088,7276068765760,Star Wars Collector Bundle Vol. 13,4-pack|bundle|Star Wars,42.99,2026-08-08,,0,28,115,2026-09-05
41329046945856,7276068798528,Star Wars Collector Bundle Vol. 14,4-pack|bundle|Star Wars,41.99,2026-08-08,,0,28,115,2026-09-05
41329046978624,7276068831296,Star Wars Collector Bundle Vol. 15,4-pack|bundle|Star Wars,42.99,2026-08-08,,0,28,115,2026-09-05
41329047011392,7276068864064,Video Games Collector Bundle Vol. 1,4-pack|bundle|Video Games,45.99,2026-08-08,,0,28,115,2026-09-05
41329047044160,7276068896832,Video Games Collector Bundle Vol. 2,4-pack|bundle|Video Games,46.99,2026-08-08,,0,28,115,2026-09-05
41329047076928,7276068929600,Video Games Collector Bundle Vol. 3,4-pack|bundle|Video Games,40.99,2026-08-08,,0,28,115,2026-09-05
41329047109696,7276068962368,Video Games Collector Bundle Vol. 4,4-pack|bundle|Video Games,43.99,2026-08-08,,0,28,115,2026-09-05
41329047142464,7276068995136,Video Games Collector Bundle Vol. 5,4-pack|bundle|Video Games,40.99,2026-08-08,,0,28,115,2026-09-05
41329047175232,7276069027904,NBA Collector Bundle Vol. 1,4-pack|bundle|NBA,43.99,2026-08-08,,0,28,115,2026-09-05
41329047208000,7276069060672,NBA Collector Bundle Vol. 2,4-pack|bundle|NBA,43.99,2026-08-08,,0,28,115,2026-09-05
41329047240768,7276069093440,NBA Collector Bundle Vol. 3,4-pack|bundle|NBA,43.99,2026-08-08,,0,28,115,2026-09-05
41329047273536,7276069126208,NBA Collector Bundle Vol. 4,4-pack|bundle|NBA,44.99,2026-08-08,,0,28,115,2026-09-05
41329047306304,7276069158976,NBA Collector Bundle Vol. 5,4-pack|bundle|NBA,40.99,2026-08-08,,0,28,115,2026-09-05
41329047339072,7276069191744,NFL Collector Bundle Vol. 1,4-pack|bundle|NFL,46.99,2026-08-08,,0,28,115,2026-09-05
41329047371840,7276069224512,NFL Collector Bundle Vol. 2,4-pack|bundle|NFL,43.99,2026-08-08,,0,28,115,2026-09-05
41329047404608,7276069257280,NFL Collector Bundle Vol. 3,4-pack|bundle|NFL,44.99,2026-08-08,,0,28,115,2026-09-05
41329047437376,7276069290048,NFL Collector Bundle Vol. 4,4-pack|bundle|NFL,42.99,2026-08-08,,0,28,115,2026-09-05
41329047502912,7276069355584,WWE Collector Bundle Vol. 1,4-pack|bundle|WWE,44.99,2026-08-08,,0,28,115,2026-09-05
41329047535680,7276069388352,WWE Collector Bundle Vol. 2,4-pack|bundle|WWE,44.99,2026-08-08,,0,28,115,2026-09-05
41329047568448,7276069421120,WWE Collector Bundle Vol. 3,4-pack|bundle|WWE,41.99,2026-08-08,,0,28,115,2026-09-05
41329047601216,7276069453888,Pokemon Collector Bundle Vol. 1,4-pack|bundle|Pokemon,42.99,2026-08-08,,0,28,115,2026-09-05
41329047633984,7276069486656,Pokemon Collector Bundle Vol. 2,4-pack|bundle|Pokemon,41.99,2026-08-08,,0,28,115,2026-09-05
41329047666752,7276069519424,Pokemon Collector Bundle Vol. 3,4-pack|bundle|Pokemon,40.99,2026-08-08,,0,28,115,2026-09-05
41329047699520,7276069552192,Spider-Man Collector Bundle Vol. 1,4-pack|bundle|Spider-Man,40.99,2026-08-08,,0,28,115,2026-09-05
41329047732288,7276069584960,Spider-Man Collector Bundle Vol. 2,4-pack|bundle|Spider-Man,43.99,2026-08-08,,0,28,115,2026-09-05
41329047765056,7276069617728,Harry Potter Collector Bundle Vol. 1,4-pack|bundle|Harry Potter,41.99,2026-08-08,,0,28,115,2026-09-05
41329047797824,7276069650496,Harry Potter Collector Bundle Vol. 2,4-pack|bundle|Harry Potter,43.99,2026-08-08,,0,28,115,2026-09-05
41329047830592,7276069683264,One Piece Collector Bundle Vol. 1,4-pack|bundle|One Piece,46.99,2026-08-08,,0,28,115,2026-09-05
41329047863360,7276069716032,One Piece Collector Bundle Vol. 2,4-pack|bundle|One Piece,43.99,2026-08-08,,0,28,115,2026-09-05
41329047896128,7276069748800,MLB Collector Bundle Vol. 1,4-pack|bundle|MLB,43.99,2026-08-08,,0,28,115,2026-09-05
41329047928896,7276069781568,MLB Collector Bundle Vol. 2,4-pack|bundle|MLB,42.99,2026-08-08,,0,28,115,2026-09-05
41329047961664,7276069814336,Rock Collector Bundle Vol. 1,4-pack|bundle|Rock,46.99,2026-08-08,,0,28,115,2026-09-05
41329047994432,7276069847104,Rock Collector Bundle Vol. 2,4-pack|bundle|Rock,44.99,2026-08-08,,0,28,115,2026-09-05
41329048027200,7276069879872,My Hero Academia Collector Bundle Vol. 1,4-pack|bundle|My Hero Academia,42.99,2026-08-08,,0,28,115,2026-09-05
41329048059968,7276069912640,My Hero Academia Collector Bundle Vol. 2,4-pack|bundle|My Hero Academia,40.99,2026-08-08,,0,28,115,2026-09-05
41329048092736,7276069945408,More Sports Collector Bundle Vol. 1,4-pack|bundle|More Sports,45.99,2026-08-08,,0,28,115,2026-09-05
41329048125504,7276069978176,More Sports Collector Bundle Vol. 2,4-pack|bundle|More Sports,42.99,2026-08-08,,0,28,115,2026-09-05
41329048158272,7276070010944,Loki Collector Bundle Vol. 1,4-pack|bundle|Loki,40.99,2026-08-08,,0,28,115,2026-09-05
41329048191040,7276070043712,Loki Collector Bundle Vol. 2,4-pack|bundle|Loki,40.99,2026-08-08,,0,28,115,2026-09-05
41329048223808,7276070076480,Demon Slayer Collector Bundle Vol. 1,4-pack|bundle|Demon Slayer,44.99,2026-08-08,,0,28,115,2026-09-05
41329048256576,7276070109248,Demon Slayer Collector Bundle Vol. 2,4-pack|bundle|Demon Slayer,42.99,2026-08-08,,0,28,115,2026-09-05
41329048289344,7276070142016,Dragon Ball Collector Bundle Vol. 1,4-pack|bundle|Dragon Ball,41.99,2026-08-08,,0,28,115,2026-09-05
41329048322112,7276070174784,Dragon Ball Collector Bundle Vol. 2,4-pack|bundle|Dragon Ball,42.99,2026-08-08,,0,28,115,2026-09-05
41329048354880,7276070207552,Guardians of the Galaxy Collector Bundle,4-pack|bundle|Guardians of the Galaxy,40.99,2026-08-08,,0,28,115,2026-09-05
41329048387648,7276070240320,Batman Collector Bundle,4-pack|Batman|bundle,40.99,2026-08-08,,0,28,115,2026-09-05
41329048420416,7276070273088,Tokyo Ghoul:re Collector Bundle,4-pack|bundle|Tokyo Ghoul:re,40.99,2026-08-08,,0,28,115,2026-09-05
41329048453184,7276070305856,Thor Collector Bundle,4-pack|bundle|Thor,41.99,2026-08-08,,0,28,115,2026-09-05
41329048485952,7276070338624,Lord of the Rings Collector Bundle,4-pack|bundle|Lord of the Rings,46.99,2026-08-08,,0,28,115,2026-09-05
41329048518720,7276070371392,Boruto Collector Bundle,4-pack|Boruto|bundle,39.99,2026-08-08,,0,28,115,2026-09-05
41329048551488,7276070404160,Simpsons Collector Bundle,4-pack|bundle|Simpsons,40.99,2026-08-08,,0,28,115,2026-09-05
41329139548224,7276090032192,Joker & Harley Quinn Pop! Duo,2-pack|Batman|bundle,22.99,2026-08-08,,0,28,115,2026-09-05
41329139580992,7276090064960,Demon Slayer Anime Bundle Vol. 1,3-pack|bundle|Demon Slayer,28.99,2026-08-08,,0,28,115,2026-09-05
41329139613760,7276090097728,Demon Slayer Anime Bundle Vol. 2,3-pack|bundle|Demon Slayer,34.99,2026-08-08,,0,28,115,2026-09-05
41329139646528,7276090130496,Demon Slayer Anime Bundle Vol. 3,3-pack|bundle|Demon Slayer,32.99,2026-08-08,,0,28,115,2026-09-05
41329139679296,7276090163264,Demon Slayer Anime Bundle Vol. 4,3-pack|bundle|Demon Slayer,34.99,2026-08-08,,0,28,115,2026-09-05
41329139712064,7276090196032,Demon Slayer Anime Bundle Vol. 5,3-pack|bundle|Demon Slayer,32.99,2026-08-08,,0,28,115,2026-09-05
41329139744832,7276090228800,One Piece Anime Bundle Vol. 1,3-pack|bundle|One Piece,34.99,2026-08-08,,0,28,115,2026-09-05
41329139777600,7276090261568,One Piece Anime Bundle Vol. 2,3-pack|bundle|One Piece,34.99,2026-08-08,,0,28,115,2026-09-05
41329139810368,7276090294336,One Piece Anime Bundle Vol. 3,3-pack|bundle|One Piece,35.99,2026-08-08,,0,28,115,2026-09-05
41329139843136,7276090327104,One Piece Anime Bundle Vol. 4,3-pack|bundle|One Piece,36.99,2026-08-08,,0,28,115,2026-09-05
41329139875904,7276090359872,One Piece Anime Bundle Vol. 5,3-pack|bundle|One Piece,35.99,2026-08-08,,0,28,115,2026-09-05
41329139908672,7276090392640,My Hero Academia Anime Bundle Vol. 1,3-pack|bundle|My Hero Academia,33.99,2026-08-08,,0,28,115,2026-09-05
41329139941440,7276090425408,My Hero Academia Anime Bundle Vol. 2,3-pack|bundle|My Hero Academia,32.99,2026-08-08,,0,28,115,2026-09-05
41329139974208,7276090458176,My Hero Academia Anime Bundle Vol. 3,3-pack|bundle|My Hero Academia,32.99,2026-08-08,,0,28,115,2026-09-05
41329140006976,7276090490944,My Hero Academia Anime Bundle Vol. 4,3-pack|bundle|My Hero Academia,33.99,2026-08-08,,0,28,115,2026-09-05
41329140039744,7276090523712,Black Clover Anime Bundle Vol. 1,3-pack|Black Clover|bundle,32.99,2026-08-08,,0,28,115,2026-09-05
41329140072512,7276090556480,Black Clover Anime Bundle Vol. 2,3-pack|Black Clover|bundle,32.99,2026-08-08,,0,28,115,2026-09-05
41329140105280,7276090589248,Black Clover Anime Bundle Vol. 3,3-pack|Black Clover|bundle,32.99,2026-08-08,,0,28,115,2026-09-05
41329140138048,7276090622016,Yu-Gi-Oh! Anime Bundle Vol. 1,3-pack|bundle|Yu-Gi-Oh!,32.99,2026-08-08,,0,28,115,2026-09-05
41329140170816,7276090654784,Yu-Gi-Oh! Anime Bundle Vol. 2,3-pack|bundle|Yu-Gi-Oh!,32.99,2026-08-08,,0,28,115,2026-09-05
41329140203584,7276090687552,Naruto: Shippuden Anime Bundle Vol. 1,3-pack|bundle|Naruto: Shippuden,32.99,2026-08-08,,0,28,115,2026-09-05
41329140236352,7276090720320,Naruto: Shippuden Anime Bundle Vol. 2,3-pack|bundle|Naruto: Shippuden,32.99,2026-08-08,,0,28,115,2026-09-05
41329140269120,7276090753088,Dragon Ball Anime Bundle Vol. 1,3-pack|bundle|Dragon Ball,33.99,2026-08-08,,0,28,115,2026-09-05
41329140301888,7276090785856,Dragon Ball Anime Bundle Vol. 2,3-pack|bundle|Dragon Ball,35.99,2026-08-08,,0,28,115,2026-09-05
41329140334656,7276090818624,Attack on Titan Anime Bundle Vol. 1,3-pack|Attack on Titan|bundle,32.99,2026-08-08,,0,28,115,2026-09-05
41329140367424,7276090851392,Attack on Titan Anime Bundle Vol. 2,3-pack|Attack on Titan|bundle,32.99,2026-08-08,,0,28,115,2026-09-05
41329140400192,7276090884160,Naruto Anime Bundle Vol. 1,3-pack|bundle|Naruto,33.99,2026-08-08,,0,28,115,2026-09-05
41329140432960,7276090916928,Naruto Anime Bundle Vol. 2,3-pack|bundle|Naruto,32.99,2026-08-08,,0,28,115,2026-09-05
41329140465728,7276090949696,Kaiju No. 8 Anime Bundle,3-pack|bundle|Kaiju No. 8,37.99,2026-08-08,,0,28,115,2026-09-05
41329140531264,7276091015232,Bleach Anime Bundle,3-pack|Bleach|bundle,33.99,2026-08-08,,0,28,115,2026-09-05
41329140629568,7276091080768,Hunter x Hunter Anime Bundle,3-pack|bundle|Hunter x Hunter,32.99,2026-08-08,,0,28,115,2026-09-05
41333886943296,7276997509184,One Piece Tony Tony Chopper Funko Pop! Vinyl Figure #2340,Anime|Funko Pops!|new arrivals|One Piece,14.99,2026-08-14,,0,22,9,2026-09-05
41333886976064,7276997541952,One Piece Tony Tony Chopper Funko Pop! Vinyl Figure (CHASE) #2340,Anime|Chase|Funko Pops!|One Piece|VIP_Only,64.99,2026-08-14,2026-09-05,1,22,9,2026-09-05
41333887008832,7276997574720,Stranger Things Split Eleven Funko Pop! Vinyl Figure #1910,Funko Pops!|new arrivals|Stranger Things,14.99,2026-08-14,,0,22,9,2026-09-05
41333887238208,7276997705792,Stranger Things Split Will Byers Funko Pop! Vinyl Figure #1909,Funko Pops!|new arrivals|Stranger Things,14.99,2026-08-14,,0,22,9,2026-09-05
41333887369280,7276997804096,The Lord of the Rings Bilbo Baggins with Bag-End Pop! Town #39,Funko Pops!|Lord of the Rings|Movies & TV|new arrivals,32.99,2026-08-14,,0,22,9,2026-09-05
41333887467584,7276997869632,Star Wars Darth Vader (In Armor) Funko Pop! Vinyl Figure #867,Funko Pops!|new arrivals|Star Wars,14.99,2026-08-14,,0,22,9,2026-09-05
41333887762496,7276997935168,Star Wars Anakin Skywalker (Padawan) Funko Pop! Vinyl Figure #864,Funko Pops!|new arrivals|Star Wars,14.99,2026-08-14,,0,22,9,2026-09-05
41333887795264,7276997967936,Star Wars Darth Vader (Unarmored) Funko Pop! Vinyl Figure #866,Funko Pops!|new arrivals|Star Wars,14.99,2026-08-14,,0,22,9,2026-09-05
41333888024640,7276998197312,Star Wars Anakin Skywalker (Jedi General) Funko Pop! Vinyl Figure #865,Funko Pops!|new arrivals|Star Wars,14.99,2026-08-14,,0,22,9,2026-09-05
41334534799424,7277193297984,Disney Pop! Pirate Stitch #1659,Disney|Funko Pops!|Lilo & Stitch|Limited Edition|Winter Convention,34.99,2026-08-15,,0,21,1,2026-09-05
41339688026176,7278670872640,MLB Yankees Reggie Jackson Funko Pop! Vinyl Figure #22,Baseball|Funko Pops!|new arrivals|Sports,14.99,2026-08-19,,0,17,4,2026-09-05
41339690123328,7278671298624,Solo Leveling Collection Beru Vinyl Figure #5,Anime|Avatar: The Last Airbender|new arrivals|Youtooz,29.99,2026-08-19,,0,17,4,2026-09-05
41339690516544,7278671659072,Toy Story 5 Lilypad Funko Pop! Vinyl Figure #1714,Disney|Funko Pops!|new arrivals|Pixar|Toy Story,14.99,2026-08-19,,0,17,4,2026-09-05
41339691106368,7278671986752,Frieren: Beyond Journey’s End Frieren Funko Pop! Vinyl Figure #1986,Anime|Frieren|Funko Pops!|new arrivals,14.99,2026-08-19,,0,17,4,2026-09-05
41342112137280,7279580577856,Alice in Wonderland - Alice with Paint #1769,Alice in Wonderland|Disney|Funko Pops!|new arrivals,14.99,2026-08-22,,0,14,2,2026-09-05
41342113611840,7279580971072,Alice in Wonderland - Mad Hatter with Tea #1770,Alice in Wonderland|Disney|Funko Pops!|new arrivals,14.99,2026-08-22,,0,14,2,2026-09-05
41342678138944,7279714238528,Loungefly Disney Winnie The Pooh Sequin Mini Backpack,Backpacks|Disney|Loungefly|new arrivals|Other Backpacks and Purses|Winnie the Pooh,69.99,2026-08-23,,0,13,21,2026-09-05
41342679482432,7279714467904,Wicked: For Good Exclusive Elphaba Cosplay Mini Backpack,Backpacks|Loungefly|new arrivals|Other Backpacks and Purses|Wicked,69.99,2026-08-23,,0,13,21,2026-09-05
41342679547968,7279714533440,Classic Good Luck Trolls Plush Glitter Mini Backpack,Backpacks|Loungefly|new arrivals|Other Backpacks and Purses|Trolls,69.99,2026-08-23,,0,13,21,2026-09-05
41342679646272,7279714598976,Wicked: For Good Exclusive Glinda Cosplay Mini Backpack,Backpacks|Loungefly|new arrivals|Other Backpacks and Purses|Wicked,69.99,2026-08-23,,0,13,21,2026-09-05
41342679744576,7279714664512,Loungefly-Avatar: The Last Airbender Exclusive Water Tribe Plush Cosplay Mini Backpack,Avatar|Avatar: The Last Airbender|Backpacks|Loungefly|Other Backpacks and Purses,69.99,2026-08-23,,0,13,21,2026-09-05
41342680203328,7279714762816,Loungefly Disney Snow White Cosplay Mini Backpack,Backpacks|Loungefly|new arrivals|Other Backpacks and Purses|Princess|Snow White,69.99,2026-08-23,,0,13,21,2026-09-05
41342682136640,7279714926656,Winnie the Pooh and Pals Mini Backpack,Disney|Disney Park|Disneyland|new arrivals|Winnie the Pooh,59.99,2026-08-23,,0,13,21,2026-09-05
41342684528704,7279715090496,Coraline Stars Cosplay Mini Backpack,Backpacks|Coraline|Glows in the Dark|Loungefly|Other Backpacks and Purses,69.99,2026-08-23,,0,13,21,2026-09-05
41342685446208,7279715188800,Loungefly Classic TMNT Mini Backpack,Backpacks|Loungefly|new arrivals|Other Backpacks and Purses|Teenage Mutant Ninja Turtles,69.99,2026-08-23,,0,13,21,2026-09-05
41342685872192,7279715319872,Loungefly Disney Sleeping Beauty Aurora Cosplay Womens Double Strap Shoulder Bag Purse,Aurora|Backpacks|Disney|Disneyland|Loungefly|Other Backpacks and Purses|Princess|Sleeping Beauty,86.99,2026-08-23,,0,13,21,2026-09-05
41342696226880,7279715549248,Loungefly Disney Mickey & Minnie Candy Corn Crossbody Halloween Purse Bag,Disney|Halloween|Loungefly|Mickey Mouse|Minnie Mouse,59.99,2026-08-23,,0,13,21,2026-09-05
41342773329984,7279729279040,One Piece - Monkey D. Luffy (Bronze Statue) #1900,Anime|new arrivals|One Piece,119.99,2026-08-23,,0,13,21,2026-09-05
41342773428288,7279729344576,One Piece - Roronoa Zoro (Bronze Statue) #1901,Anime|new arrivals|One Piece,125.99,2026-08-23,,0,13,21,2026-09-05
41342773985344,7279729639488,One Piece - Nami (Bronze Statue) #2015,Anime|new arrivals|One Piece,69.99,2026-08-23,,0,13,21,2026-09-05
41342775164992,7279730163776,One Piece - Usopp (Bronze Statue) #2016,Anime|new arrivals|One Piece,89.99,2026-08-23,,0,13,21,2026-09-05
41342778507328,7279730688064,One Piece - Sanji (Bronze Statue) #2017,Anime|new arrivals|One Piece,99.99,2026-08-23,,0,13,21,2026-09-05
41342778769472,7279730851904,One Piece - Tony Tony Chopper (Bronze Statue) #2018,Anime|new arrivals|One Piece,99.99,2026-08-23,,0,13,21,2026-09-05
41342778900544,7279730950208,One Piece - Nico Robin (Bronze Statue) #2179,Anime|new arrivals|One Piece,59.99,2026-08-23,,0,13,21,2026-09-05
41342780178496,7279731638336,One Piece - Franky (Bronze Statue) #2180,Anime|new arrivals|One Piece,89.99,2026-08-23,,0,13,21,2026-09-05
41342780440640,7279731900480,One Piece - Brook (Bronze Statue) #2215,Anime|new arrivals|One Piece,105.99,2026-08-23,,0,13,21,2026-09-05
41342780538944,7279731998784,One Piece - Jinbe (Bronze Statue) #2216,Anime|new arrivals|One Piece,125.99,2026-08-23,,0,13,21,2026-09-05
41345330511936,7280018554944,Loungefly - Coraline Other Mother Cosplay Glow-in-the-Dark Mini-Backpack,Backpacks|Coraline|Glows in the Dark|Loungefly|new arrivals|Other Backpacks and Purses,85.99,2026-08-25,,0,11,14,2026-09-05
41345330839616,7280018587712,Scream Devil Ghost Face Funko Pop! Vinyl Figure EE Exclusive #2114,Entertainment Earth|Funko Pops!|Halloween|Horror|Movies & TV|new arrivals|Scream,16.99,2026-08-25,2026-09-05,1,11,14,2026-09-05
41345331494976,7280018882624,One Piece - Monley D. Luffy #1459,Animation|Anime|Funko Pops!|One Piece,96.99,2026-08-25,,0,11,14,2026-09-05
41345332117568,7280019144768,One Piece - Brook (Wanted Poster) TargetCon Exclusive #2220,Animation|Anime|Funko Pops!|new arrivals|One Piece|Target Exclusive,41.99,2026-08-25,,0,11,14,2026-09-05
41345333395520,7280019243072,One Piece - Roronoa Zoro (Wanted Poster) #2124,Animation|Anime|Funko Pops!|new arrivals|One Piece,69.99,2026-08-25,,0,11,14,2026-09-05
41345334706240,7280019341376,One Piece - Shanks (Wanted Poster) #1401,Animation|Anime|Funko Pops!|new arrivals|One Piece,42.99,2026-08-25,,0,11,14,2026-09-05
41345334935616,7280019570752,One PIece - ACE (Wanted Poster) #1291,Animation|Anime|Funko Pops!|new arrivals|One Piece,39.99,2026-08-25,,0,11,14,2026-09-05
41345335754816,7280020357184,One PIece - USOPP (Wanted Poster) #2107,Animation|Anime|Funko Pops!|new arrivals|One Piece,31.99,2026-08-25,,0,11,14,2026-09-05
41345335918656,7280020422720,One Piece - Yamato (CHASE) #1316,Animation|Anime|Chase|Funko Pops!|new arrivals|One Piece,76.99,2026-08-25,,0,11,14,2026-09-05
41345335951424,7280020488256,World Warcraft - The Lich King - GITD #12,Funko Pops!|Game Stop Exclusive|new arrivals|World Warcraft,26.99,2026-08-25,,0,11,14,2026-09-05
41345336508480,7280021143616,Marvel - Spider-Gwen #25,Funko Pops!|Marvel|new arrivals|Target Exclusive,22.99,2026-08-25,,0,11,14,2026-09-05
41345338114112,7280021995584,One Piece - Yamato #1316,Animation|Anime|Funko Pops!|new arrivals|One Piece,22.99,2026-08-25,,0,11,14,2026-09-05
41345338179648,7280022061120,One Piece - Monkey D. Luffy w/Flag #2214,Animation|Anime|Funko Pops!|new arrivals|One Piece,16.99,2026-08-25,,0,11,14,2026-09-05
41345338671168,7280022290496,One Piece - Rob Lucci w/Hattori (CHASE) #1997,Animation|Anime|Chase|Funko Pops!|new arrivals|One Piece|Toy Temple Exclusive,64.99,2026-08-25,,0,11,14,2026-09-05
41346113536064,7280294854720,Spider-Man Across the Spider Verse-Spider-Gwen #1479,Entertainment Earth|Funko Pops!|new arrivals|Spider-Man,14.99,2026-08-26,,0,10,33,2026-09-05
41346118484032,7280295379008,Spider-Man Across the Spider Verse - Spider-Gwen #1499,Funko Elite|new arrivals|Spider-Man,54.99,2026-08-26,,0,10,33,2026-09-05
41346119106624,7280295772224,One Piece - Luffy Gear Two (Haki Arm) (CHASE) #1269,Animation|Anime|Chase|Funko Pops!|new arrivals|One Piece,47.99,2026-08-26,,0,10,33,2026-09-05
41346119893056,7280296198208,Naruto Shippden - Kakashi Hatake with Pakkun (PLUS) #2050,Animation|Anime|Funko Pops!|Naruto|new arrivals,17.99,2026-08-26,,0,10,33,2026-09-05
41346120286272,7280296460352,One Piece - Nami (Alabasta Arc) #2036,Animation|Anime|Funko Pops!|new arrivals|One Piece,27.99,2026-08-26,,0,10,33,2026-09-05
41346120581184,7280296689728,Cthulhu (Patina) #03,Books|Funko Pops!|Horror|new arrivals|New York Comic Con,29.99,2026-08-26,,0,10,33,2026-09-05
41346121334848,7280297410624,Godzilla - Mechagodzilla (Retro) #1889,Funko Pops!|godzilla|Movies|new arrivals,24.99,2026-08-26,,0,10,33,2026-09-05
41346121662528,7280297705536,Godzilla - Godzilla (Deco) #1890,Funko Pops!|godzilla|Movies|new arrivals,31.99,2026-08-26,,0,10,33,2026-09-05
41346121924672,7280297934912,Godzilla Minus One - Super Godzilla #1811,Funko Pops!|godzilla|movie|new arrivals,59.99,2026-08-26,,0,10,33,2026-09-05
41346122350656,7280298262592,Godzilla - Mecha-King Ghidorah #1668,Funko Pops!|Game Stop Exclusive|godzilla|new arrivals,41.99,2026-08-26,,0,10,33,2026-09-05
41346122481728,7280298328128,Godzilla - Spacegodzilla #1892,Funko Pops!|godzilla|Movies|new arrivals,67.99,2026-08-26,,0,10,33,2026-09-05
41346122612800,7280298393664,Godzilla - Godzilla (Holding Plane-Deco) #1894,Funko Pops!|godzilla|Movies|new arrivals,26.99,2026-08-26,,0,10,33,2026-09-05
41346123071552,7280298491968,Godzilla - Mothra (Blacklight) #1347,Blacklight|Funko Pops!|godzilla|Movies|new arrivals,27.99,2026-08-26,,0,10,33,2026-09-05
41346123464768,7280298688576,Godzilla - Gigan (70th Anniversary)  #1667,Funko Pops!|godzilla|Movies|new arrivals,42.99,2026-08-26,,0,10,33,2026-09-05
41346123857984,7280298852416,Godzilla - Godzilla '65 (Victory Dance) #1976,Funko Limited Edition Supreme|Funko Pops!|godzilla|Movies|new arrivals,47.99,2026-08-26,,0,10,33,2026-09-05
41346124120128,7280298950720,Godzilla - Godzilla #1621,Funko Pops!|godzilla|Movies|new arrivals|Summer Convention,62.99,2026-08-26,,0,10,33,2026-09-05
41346124513344,7280299180096,Godzilla - Mechagodzilla (Classic) #1564,Entertainment Earth|Funko Pops!|godzilla|Movies|new arrivals,17.99,2026-08-26,,0,10,33,2026-09-05
41346125135936,7280299343936,Godzilla - Kong with Mechanized Arm and Axe (Battled Pose) #1547,Funko Pops!|godzilla|Movies|new arrivals|Target Exclusive,24.99,2026-08-26,,0,10,33,2026-09-05
41346125561920,7280299475008,Jujutsu Kaisen -Ryomen Sukuna (GITD) DELUXE #1116,Animation|Anime|Funko Pops!|Glows in the Dark|Jujutsu Kaisen|new arrivals|Walmart Exclusive,66.99,2026-08-26,,0,10,33,2026-09-05
41346125791296,7280299671616,Gundam - RX-78-2 Gundam #1716,Animation|Funko Pops!|Gundam|new arrivals,24.99,2026-08-26,,0,10,33,2026-09-05
41346125856832,7280299737152,Gundam - MS-06S Char's Zaku II #1717,Animation|Funko Pops!|Gundam|new arrivals,24.99,2026-08-26,,0,10,33,2026-09-05
41346126086208,7280299868224,One Piece - Boa Hancock on Throne #2156,Animation|Anime|Funko Pops!|new arrivals|One Piece|Winter Convention,42.99,2026-08-26,,0,10,33,2026-09-05
41346126151744,7280299933760,One Piece - Nico Robin with Mini Merry II #132,Animation|Anime|Funko Pops!|new arrivals|One Piece|Summer Convention,29.99,2026-08-26,,0,10,33,2026-09-05
41346126184512,7280299966528,Aliens - Alien Queen #1171,aliens|Funko Pops!|Movies|new arrivals,14.99,2026-08-26,2026-09-02,1,7,33,2026-09-05
41346126250048,7280300032064,Doctor Who - Tardis #227,Doctor Who|Funko Pops!|new arrivals,104.99,2026-08-26,,0,10,33,2026-09-05
41346126544960,7280300130368,Aliens - Ellen Ripley #345,aliens|Funko Pops!|Movies|new arrivals,34.99,2026-08-26,,0,10,33,2026-09-05
41346127298624,7280300326976,Jujutsu Kaisen -Ryomen Sukuna (Shibuya Incident) #1887,Animation|Anime|Funko Pops!|Jujutsu Kaisen,17.99,2026-08-26,,0,10,33,2026-09-05
41346127822912,7280300752960,One Piece -Roronoa Zoro vs. King #1954,Animation|Anime|Deluxe|Funko Pops!|new arrivals|One Piece,69.99,2026-08-26,,0,10,33,2026-09-05
41346127986752,7280301277248,One Piece - Monkey D. Garp #1850,Animation|Anime|Funko Pops!|new arrivals|One Piece,21.99,2026-08-26,,0,10,33,2026-09-05
41346128019520,7280301310016,One Piece - Monkey D. Luffy (Metallic) #2138,Animation|Anime|Funko Pops!|new arrivals|One Piece,39.99,2026-08-26,,0,10,33,2026-09-05
41346128379968,7280301539392,One Piece - Jweerly Bonney (Nika Form) (GITD CHASE) #2255,Animation|Anime|Chase|Glows in the Dark|new arrivals|One Piece,54.99,2026-08-26,,0,10,33,2026-09-05
41346128412736,7280301572160,One Piece - Nico Robin #2137,Animation|Anime|Funko Pops!|One Piece,19.99,2026-08-26,,0,10,33,2026-09-05
41346128445504,7280301604928,One Piece- Pop & Tee! (Size large) Luffy Gear Five,Animation|Anime|new arrivals|One Piece,69.99,2026-08-26,,0,10,33,2026-09-05
41346770436160,7280445489216,Breaking Bad - Walt with the Crystal Ship #310,Breaking Bad|Deluxe|Funko Pops!|Movies & TV|new arrivals|Rides,34.99,2026-08-27,,0,9,2,2026-09-05
41346770600000,7280445554752,NFL Cincinnati Bengals - Chad Johnson #261,football|Funko Pops!|new arrivals|NFL|Sports,14.99,2026-08-27,,0,9,2,2026-09-05
41353380888640,7282187108416,Bluey - Queen Chilli #2373,Animation|Bluey|Funko Pops!|new arrivals,14.99,2026-09-02,,0,3,15,2026-09-05
41353383542848,7282189697088,Bluey - Granny Gladys #2370,Animation|Bluey|Funko Pops!|new arrivals,14.99,2026-09-02,,0,3,15,2026-09-05
41353387540544,7282193629248,Bluey - Granny Janet #2372,Animation|Bluey|Funko Pops!|new arrivals,14.99,2026-09-02,,0,3,15,2026-09-05
41353390489664,7282196578368,Bluey - Granny Rita #2369,Animation|Bluey|Funko Pops!|new arrivals,14.99,2026-09-02,,0,3,15,2026-09-05
41353395175488,7282201133120,Trick or Treat Studios - Terrifier 2 - Flower Glasses Art the Clown Bag,Backpacks|Crossbody Bags|Halloween|Horror|Other Backpacks and Purses|Terrifier,76.99,2026-09-02,,0,3,15,2026-09-05
41353397600320,7282203426880,Trick or Treat Studios - Terrifier 2 - Bloody Art the Clown Bag,Backpacks|Crossbody Bags|Halloween|Horror|new arrivals|Other Backpacks and Purses|Terrifier,71.99,2026-09-02,,0,3,15,2026-09-05
41354971643968,7282600149056,Jason Universe Jason Funko Pop! Vinyl Figure #2032,Funko Pops!|Halloween|Horror|Jason Vorhees|new arrivals,14.99,2026-09-02,,0,3,15,2026-09-05
41354972168256,7282600214592,Dia de Los Muertos La Catrina (Azul) Funko Pop! Vinyl Figure #101,Funko Pops!|Halloween|Horror|new arrivals,14.99,2026-09-02,,0,3,15,2026-09-05
41354972627008,7282600280128,Stranger Things: Tales from '85 Dustin Funko Pop! Vinyl Figure #2462,Funko Pops!|netflix|new arrivals|Stranger Things|Television,14.99,2026-09-02,,0,3,15,2026-09-05
41354973020224,7282600312896,Stranger Things: Tales from '85 Max Funko Pop! Vinyl Figure #2461,Funko Pops!|netflix|Stranger Things|Television,14.99,2026-09-02,,0,3,15,2026-09-05
41354977050688,7282600607808,Jujutsu Kaisen Shibuya Incident Mahoraga Super 6 1/4-Inch Funko Pop! Vinyl Figure #2128,Animation|Anime|Deluxe|Funko Pops!|Jujutsu Kaisen|new arrivals,24.99,2026-09-02,,0,3,15,2026-09-05
41354977116224,7282600673344,Phineas and Ferb Candace Funko Pop! Vinyl Figure #1751,Disney|Funko Pops!|new arrivals|Phineas and Ferb,14.99,2026-09-02,,0,3,15,2026-09-05
41354994352192,7282601459776,Tougen Anki Jin Kougasaki Funko Pop! Vinyl Figure #2441,Animation|Anime|Funko Pops!|new arrivals|Tougen Anki,14.99,2026-09-02,,0,3,15,2026-09-05
41354994450496,7282601525312,Tougen Anki Jin Kougasaki Funko Pop! Vinyl Figure (CHASE) #2441,Animation|Anime|Chase|Funko Pops!|new arrivals|Tougen Anki,49.99,2026-09-02,,0,3,15,2026-09-05
41355028660288,7282613289024,WWE Pop! iShowSpeed #221,Funko Pops!|new arrivals|tiktok|WWE,39.99,2026-09-02,,0,3,15,2026-09-05
41361456758848,7288510939200,Beetlejuice Lydia Deetz with Maitland House Pop! Town #47,Beetlejuice|Funko Pops!|Halloween|Horror|new arrivals,34.99,2026-09-03,,0,2,5,2026-09-05
41361456791616,7288510971968,Dia de Los Muertos Xolo (Alebrije) Funko Pop! Vinyl Figure #102,Funko Pops!|Halloween|Horror|new arrivals,14.99,2026-09-03,,0,2,5,2026-09-05
41361457774656,7288511332416,Beyblade X Jaxon Cross Funko Pop! Vinyl Figure #2426,Animation|Funko Pops!|new arrivals,14.99,2026-09-03,,0,2,5,2026-09-05
41361458004032,7288511397952,Beyblade X Jaxon Cross Funko Pop! Vinyl Figure (CHASE)  #2426,Animation|Chase|Funko Pops!|new arrivals,49.99,2026-09-03,,0,2,5,2026-09-05
41361458102336,7288511463488,Sakamoto Days Hyo Funko Pop! Vinyl Figure #2421,Animation|Anime|Funko Pops!|new arrivals|Sakamoto Days,14.99,2026-09-03,,0,2,5,2026-09-05
41362074796096,7288665899072,Loungefly-Alice in Wonderland Sketch Mini-Backpack - Entertainment Earth Exclusive,Alice in Wonderland|Backpacks|Entertainment Earth|Loungefly|new arrivals|Other Backpacks and Purses,77.99,2026-09-05,,0,0,24,2026-09-05
41362074828864,7288665931840,Loungefly-Beauty and the Beast Belle Sketch Mini-Backpack - Entertainment Earth Exclusive,Backpacks|Beauty and the Beast|Disney|Entertainment Earth|Loungefly|new arrivals|Other Backpacks and Purses|Princess,77.99,2026-09-05,,0,0,24,2026-09-05
41362308825152,7288731336768,Movies: Poltergeist 2 - Clown Doll #2067,Funko Pops!|Halloween|Horror|Movies & TV|new arrivals,14.99,2026-09-05,,0,0,24,2026-09-05
41362310168640,7288731402304,Movies: Poltergeist 2 - Reverend Kane #2068,Funko Pops!|Halloween|Horror|Movies & TV|new arrivals,14.99,2026-09-05,,0,0,24,2026-09-05
41362310234176,7288731467840,Movies: Ghost Face - Ghost Face Santa (Holiday) #2074,Christmas|Funko Pops!|Halloween|Horror|Movies & TV|new arrivals|Scream,14.99,2026-09-05,,0,0,24,2026-09-05
41362310299712,7288731533376,Television: Stranger Things: Tales from '85 - Eleven #2458,Funko Pops!|netflix|new arrivals|Stranger Things|Television,14.99,2026-09-05,,0,0,24,2026-09-05
41362310398016,7288731598912,Television: Stranger Things: Tales from '85 - Max #2461,Funko Pops!|netflix|new arrivals|Stranger Things|Television,14.99,2026-09-05,,0,0,24,2026-09-05
41362310430784,7288731631680,Television: Stranger Things: Tales from '85 - Will #2463,Funko Pops!|netflix|new arrivals|Stranger Things|Television,14.99,2026-09-05,,0,0,24,2026-09-05
41362310594624,7288731697216,Television: Stranger Things: Tales from '85 - Mike #2459,Funko Pops!|netflix|new arrivals|Stranger Things|Television,14.99,2026-09-05,,0,0,24,2026-09-05
41362311249984,7288731926592,Arrow - Deathstroke #210,arrow|Funko Pops!|new arrivals|Television,17.99,2026-09-05,,0,0,24,2026-09-05
41362312396864,7288732090432,The Arrow #207,arrow|Funko Pops!|new arrivals|Television,19.99,2026-09-05,,0,0,24,2026-09-05
41362312495168,7288732155968,Arrow - Black Canary #209,arrow|Funko Pops!|new arrivals|Television,21.99,2026-09-05,,0,0,24,2026-09-05
41362312757312,7288732352576,Assassin's Creed - Altair #20,Funko Pops!|Games|new arrivals,29.99,2026-09-05,,0,0,24,2026-09-05
41362312790080,7288732385344,Assassin's Creed II - Ezio #21,Funko Pops!|Games,62.99,2026-09-05,,0,0,24,2026-09-05
41362313117760,7288732450880,Marvel - Avengers - Vision #71,Funko Pops!|Marvel|Marvel Avengers,12.99,2026-09-05,,0,0,24,2026-09-05
41362313543744,7288732647488,Marvel - Avengers- Hulk (Hot Topic Exclusive) #68,Funko Pops!|Hot Topic Exclusive|Marvel|Marvel Avengers,15.99,2026-09-05,,0,0,24,2026-09-05
41362315182144,7288733597760,Marvel - Avengers - Black Widow #91,Funko Pops!|Marvel|Marvel Avengers|new arrivals,34.99,2026-09-05,,0,0,24,2026-09-05
41362315247680,7288733663296,Marvel - Avengers - Iron Man Mark 43 #66,Funko Pops!|Marvel|Marvel Avengers|new arrivals,13.99,2026-09-05,,0,0,24,2026-09-05
41362315313216,7288733728832,Marvel - Avengers - Ultron #72,Funko Pops!|Marvel|Marvel Avengers|new arrivals,17.99,2026-09-05,,0,0,24,2026-09-05
41362315411520,7288733827136,Marvel - Avengers - Scarlet Witch #95,Funko Pops!|Marvel|Marvel Avengers|new arrivals,64.99,2026-09-05,,0,0,24,2026-09-05
41362315509824,7288733925440,Marvel - Avengers - Hawkeye #70,Funko Pops!|Marvel|Marvel Avengers|new arrivals,14.99,2026-09-05,,0,0,24,2026-09-05
41362315837504,7288734122048,Marvel - Avengers - Thor #69,Funko Pops!|Marvel|Marvel Avengers|new arrivals,12.99,2026-09-05,,0,0,24,2026-09-05
41362318098496,7288734515264,Batman - Arkham Knight #73,Batman|Funko Pops!|Heroes|new arrivals,27.99,2026-09-05,,0,0,24,2026-09-05
41362321080384,7288734646336,Marvel - DareDevil #120,Funko Pops!|Marvel|new arrivals,59.99,2026-09-05,,0,0,24,2026-09-05
